md5,title,author,categories,url,match_tier,match_reason,matched_author_id,matched_work_title,matched_query
0007606f826302c8a111e44f7f0286ef,"Designing Matrix Organizations that Actually Work: How IBM, Procter & Gamble and Others Design for Success (Jossey-Bass Business & Management)",,Triple Design Matrix DreamRave,https://annas-archive.org/md5/0007606f826302c8a111e44f7f0286ef,query,search_query_substring,,,Triple Design Matrix DreamRave
0021b8d267f05273a37d8c4ab3d2ca7f,"Girl, Wash Your Face: Stop Believing the Lies About Who You Are so You Can Become Who You Were Meant to Be",Girl,Chetan Parkyn Human Design: Discover the Person You Were Born to Be|Jenna Zoë Human Design: The Revolutionary System That Shows You Who You Came Here to Be,https://annas-archive.org/md5/0021b8d267f05273a37d8c4ab3d2ca7f,work,work_overlap:1.00,auth_chetan_parkyn,Human Design: Discover the Person You Were Born to Be,
002632c3882cc7a8b9c26b4ab94e91e3,"The Joy of Less, A Minimalist Living Guide: How to Declutter, Organize, and Simplify Your Life",The Joy of Less,Lynda Bunnell Living Your Design Student Manual,https://annas-archive.org/md5/002632c3882cc7a8b9c26b4ab94e91e3,work,work_overlap:1.00,auth_lynda_bunnell,Living Your Design Student Manual,
008c1e55aff875beb4a1de5975f27bd3,System 80+ Standard [nucl. powerplnt] Design,Vol 18,Human Design Revolutionary System|Human Design System Centres Schoeber,https://annas-archive.org/md5/008c1e55aff875beb4a1de5975f27bd3,work,work_overlap:0.67,auth_peter_schoeber,Human Design System – The Centres,
009862b6d411b6cce2f9253761ae7684,Mit dem Fahrstuhl in die Römerzeit,,Eleanor Haspel-Portner,https://annas-archive.org/md5/009862b6d411b6cce2f9253761ae7684,query,search_query_substring,,,Eleanor Haspel-Portner
00a06019d4590a7148d742d52933a9ba,Healthy Living Centres : A Guide to Primary Health Care Design,"designers through international examples and illustrations and inspire your own designs* explore the relationship between the architectural and medical professions and learn how best to provide for both the designer and the clientread more…english [en] · pdf · 46.8mb · 2002 · 📘 book (non-fiction) · 🚀/lgli/lgrs/nexusstc/zlib    ·save·8·2base score: 11065.0, final score: 22.524567",Human Design System Centres Schoeber,https://annas-archive.org/md5/00a06019d4590a7148d742d52933a9ba,work,work_overlap:0.67,auth_peter_schoeber,Human Design System – The Centres,
00ac4bb79abfbaca4e1e7e4334d33ad2,ANALYSIS OF PRESSURE SURGES IN LONG PIPE LINES DUE TO GRADUAL STOPPAGE OF FLOW,ANALYSIS OF PRESSURE SURGES IN LONG PIPE LINES DUE TO GRADUAL STOPPAGE OF FLOW.pdf,Book of Lines Parkyn,https://annas-archive.org/md5/00ac4bb79abfbaca4e1e7e4334d33ad2,query,search_query_substring,,,Book of Lines Parkyn
00c757c7d1b38e708057529ea3bc612b,Первый гражданин Вселенной._119619258.pdf,,Rave Cosmology,https://annas-archive.org/md5/00c757c7d1b38e708057529ea3bc612b,query,search_query_substring,,,Rave Cosmology
00ee30b0cade1111113c190e5495933d,Connecting with Grieving Clients: Supportive Communication for 14 Common Situations,Dealing with crises and emergencies  - Delivering bad news  - Euthanasia decision-making  - Grief responses to pet loss  - Clients guilt  - Non-euthanasia and sudden deaths  - Helping children,Understanding Clients Human Design,https://annas-archive.org/md5/00ee30b0cade1111113c190e5495933d,query,search_query_substring,,,Understanding Clients Human Design
00f3848700fdc92aa6cb3cb0f9cdfa28,PRIMARY HEALTH SYSTEM,PRIMARY HEALTH SYSTEM -  The Mechanics of the Vehicle,Human Design Health Haspel|Human Design System Ra|Peter Schoeber Das Human Design System – Die Zentren|Prophecy Ra Uru Hu Rhodes|Ra Uru Hu|Ra Uru Hu Generator Book|Ra Uru Hu Line Resonance|Ra Uru Hu Rave BodyGraph Circuitry|Ra Uru Hu Rave I'Ching Line Companion|Ra Uru Hu The Complete Rave I'Ching|Ra Uru Hu The Nine Centres and their Gates|Ra Uru Hu The Rave I'Ching,https://annas-archive.org/md5/00f3848700fdc92aa6cb3cb0f9cdfa28,work,work_overlap:1.00,auth_ra_uru_hu,The Rave I'Ching,
010a8b4c3d3fcd7bb5187802525827cb,Bible Revealed: Understanding Historical Bible Truths,Bible Revealed: Understanding Historical Bible Truths,Human Design Revealed Dickson,https://annas-archive.org/md5/010a8b4c3d3fcd7bb5187802525827cb,query,search_query_substring,,,Human Design Revealed Dickson
018579381225638ba8d065449caf9cba,Curry,fire and spice. Over 150 great curries from India and Asia/018579381225638ba8d065449caf9cba.pdf,Karen Curry Parker,https://annas-archive.org/md5/018579381225638ba8d065449caf9cba,work,work_overlap:0.75,auth_karen_curry_parker,Abundance by Design,
019355a7d150c3e748e1b98c8295b97f,"Advances in Understanding Human Performance: Neuroergonomics, Human Factors Design, and Special Populations",that it is thought provoking. We hope it inspires,Robin Winn Understanding Your Clients Through Human Design|Robin Winn Understanding the Centers in Human Design,https://annas-archive.org/md5/019355a7d150c3e748e1b98c8295b97f,work,work_overlap:1.00,auth_robin_winn,Understanding Your Clients Through Human Design,
01b80f3d1fbc9c53e5f0c0e4f0b8506d,The Keys To Getting Your Prayers Answered Principles Of Effective Prayer,Benny Williams.pdf,Richard Rudd The Gene Keys: Embracing Your Higher Purpose,https://annas-archive.org/md5/01b80f3d1fbc9c53e5f0c0e4f0b8506d,work,work_overlap:1.00,auth_richard_rudd,The Gene Keys: Embracing Your Higher Purpose,
020ab43bcce8fec9d7175acd64b384af,Etymologischer Gossip : Essays und Reden_119525009.pdf,,Uljana Daitche,https://annas-archive.org/md5/020ab43bcce8fec9d7175acd64b384af,work,work_overlap:0.67,auth_uljana_daitche,Human Design - Beziehungen,
021d4cf7b11254ae55503a6a41be33c3,How to Analyze People: Decoding Human Behavior and Body Language So You Can Read People Like a Book Effortlessly,How to Analyze People: Decoding Human Behavior and Body Language So You Can Read People Like a Book Effortlessly,Steve Rhodes Human Design: How to Read a Graph,https://annas-archive.org/md5/021d4cf7b11254ae55503a6a41be33c3,work,work_overlap:1.00,auth_steve_rhodes,Human Design: How to Read a Graph,
02be3755cbc0bf4f685fbd6fbadfc60f,"An Alternative Curry Cookbook: Discover a New Form of Curry with Delicious Oriental Curry Recipes, Seafood Curry Recipes, and Fruit Curries (2nd Edition)",,Karen Curry Parker,https://annas-archive.org/md5/02be3755cbc0bf4f685fbd6fbadfc60f,work,work_overlap:0.75,auth_karen_curry_parker,Abundance by Design,
02c07d826099b19160f39bfbc93e4b7b,2022 Quantum Human Design Evolution Guide: Using Solar Transits to Design Your Year,,64keys Human Design|Beyond Human Design|Chetan Parkyn Human Design|Chiron Ephemeris Human Design|Daitche Human Design|Emma Dunwoody Human Design|Jenna Zoe Human Design|Karen Curry Human Design|Karen Curry Parker|Karen Curry Parker The Encyclopedia of Quantum Human Design|Karen Curry Parker Understanding Human Design: The New Science of Astrology|Living Your Design Bunnell|Quantum Human Design|Richard Rudd Human Design|Robin Winn Human Design|Robin Winn Understanding Your Clients Through Human Design|Steve Rhodes Human Design|Understanding Centers Human Design|Understanding Clients Human Design|Understanding Human Design|Zen Human Design Ephemeris|Zeno Dickson Human Design,https://annas-archive.org/md5/02c07d826099b19160f39bfbc93e4b7b,work,work_overlap:1.00,auth_karen_curry_parker,Understanding Human Design: The New Science of Astrology,
02edac573a467269071ed0fb26faf79e,Shoulder-Belt Plates and Buttons,350 pgs. For over 30 years this was the only book on this subject. It places on record some of the many changes in the design of the shoulder-belt plates and buttons worn by the British Army. It gives details of change in titles,Book of Destinies Parkyn|Book of Lines Parkyn|Chetan Parkyn|Chetan Parkyn Human Design,https://annas-archive.org/md5/02edac573a467269071ed0fb26faf79e,query,search_query_substring,,,Chetan Parkyn Human Design
02f7fc9db989a25ab100fba694565219,Die große Fotoschule: Das Handbuch zur digitalen Fotografie in der Neuauflage 2019,,Uljana Daitche Die 384 Linien der 64 Tore: das große Human Design Handbuch,https://annas-archive.org/md5/02f7fc9db989a25ab100fba694565219,work,work_overlap:1.00,auth_uljana_daitche,Die 384 Linien der 64 Tore: das große Human Design Handbuch,
02fbf7e8f08e22b479e3e7c2b2f7170d,How to draw realistic human eyes: I know that you could draw great,,Jenna Zoë Human Design: The Revolutionary System That Shows You Who You Came Here to Be,https://annas-archive.org/md5/02fbf7e8f08e22b479e3e7c2b2f7170d,work,work_overlap:1.00,auth_jenna_zoe,Human Design: The Revolutionary System That Shows You Who You Came Here to Be,
03058fd554ecbf1d43b1f471878f42d9,Zoé et Théo à l'école,Zoé et Théo à l’école,Jenna Zoë,https://annas-archive.org/md5/03058fd554ecbf1d43b1f471878f42d9,author,surname:Jenna,auth_jenna_zoe,,
030944c6354dff07ba00450a9a9509d4,Gene keys : unlocking the higher purpose hidden in your DNA,Gene Keys - Unlocking the higher purose hidden in your DNA,Gene Keys Richard Rudd|Richard Rudd|Richard Rudd The Gene Keys: Embracing Your Higher Purpose,https://annas-archive.org/md5/030944c6354dff07ba00450a9a9509d4,work,work_overlap:1.00,auth_richard_rudd,The Gene Keys: Embracing Your Higher Purpose,
036e2b58a6e9b7a4097a81bc060694f5,036e2b58a6e9b7a4097a81bc060694f5.pdf,,Gene Keys Richard Rudd|Richard Rudd,https://annas-archive.org/md5/036e2b58a6e9b7a4097a81bc060694f5,work,work_overlap:0.67,auth_richard_rudd,Human Design: The Revelation,
03701051430b1f49858f0fd9e10066b5,The Sarvadurgatiparisodhana Tantra: Elimination of All Evil Destinies,,Book of Destinies Parkyn,https://annas-archive.org/md5/03701051430b1f49858f0fd9e10066b5,query,search_query_substring,,,Book of Destinies Parkyn
0373e69c8fb8e200c686f7ba8d55aaea,Imperiled Destinies: The Daoist Quest for Deliverance in Medieval China,"the harvard university asia center, harvard-yenching institute monograph series, cambridge, massachusetts, 2019imperiled destinies  examines the evolution of daoist beliefs about human liability and redemption over eight centuries and outlines ritual procedures for rescuing an ill‐starred destiny. from the second through the tenth century ce, daoism emerged as a liturgical organization that engaged vigorously with buddhism and transformed chinese thinking about suffering, the nature of evil, and the aims of liberation. in the fifth century, elements of classical daoism combined with indian yogic practices to interiorize the quest for deliverance. the medieval record portrays a world engulfed",Book of Destinies Parkyn,https://annas-archive.org/md5/0373e69c8fb8e200c686f7ba8d55aaea,query,search_query_substring,,,Book of Destinies Parkyn
03b057fa734c5a0bacdd6c9cf7bfbc85,"Alfred Nowak, Rudolf Cantz, Wilhelm Engbert",,Uljana Daitche Variablen im Human Design: Teil 1 — Die Pfeile,https://annas-archive.org/md5/03b057fa734c5a0bacdd6c9cf7bfbc85,work,work_overlap:1.00,auth_uljana_daitche,Variablen im Human Design: Teil 1 — Die Pfeile,
03be92a2cbbd20cf8ff0e0c5779d974e,"Antarctic Destinies: Scott, Shackleton, and the Changing Face of Heroism",five weeks,Book of Destinies Parkyn,https://annas-archive.org/md5/03be92a2cbbd20cf8ff0e0c5779d974e,query,search_query_substring,,,Book of Destinies Parkyn
03d7d408b7bfd2539f678f85f7cacacc,Introduction to materials modelling,"zoe h. barberz h barber (editor), zoe barber (editor)maney pub. for the institute of materials, minerals and mining; maney publishing, crc press (unlimited), london, 2005introduction to materials modelling describes the use of computer simulation for the prediction and understanding of the structure and properties of materials. it has been based upon the materials modelling masters course given at the department of materials science and metallurgy, university of cambridge, uk, which is aimed particularly at graduate students with a background in any of the physical sciences.read more…english [en] · pdf · 7.7mb · 2005 · 📘 book (non-fiction) · 🚀/lgli/lgrs/nexusstc/zlib    ·save·20·1base score: 11065.0, final score: 21.144302",Jenna Zoe Human Design,https://annas-archive.org/md5/03d7d408b7bfd2539f678f85f7cacacc,query,search_query_substring,,,Jenna Zoe Human Design
03dc56bab11ccd56e903e74f031a0be9,"How to Analyze People with Dark Psychology: 3 Books in 1: Dark Psychology and Manipulation, How to Read People Like a Book and Psychological Warfare. Understanding Human Behavior for a Better Life",How to Analyze People with Dark Psychology: 3 Books in 1: Dark Psychology and Manipulation,Steve Rhodes Human Design: How to Read a Graph,https://annas-archive.org/md5/03dc56bab11ccd56e903e74f031a0be9,work,work_overlap:1.00,auth_steve_rhodes,Human Design: How to Read a Graph,
03dcf00fd8b84a30b9da68238fc4fc3c,Die Belagerung von Belfort im Jahre 1870,,Uljana Daitche Variablen im Human Design: Teil 1 — Die Pfeile,https://annas-archive.org/md5/03dcf00fd8b84a30b9da68238fc4fc3c,work,work_overlap:1.00,auth_uljana_daitche,Variablen im Human Design: Teil 1 — Die Pfeile,
03e8a48aa15c3013d74e447c61b0c9fc,newsarch_ebooks_2025_10,"historian peter winn.read more…english [en] · pdf · 2.3mb · 2017 · 📘 book (non-fiction) · 🚀/lgli/lgrs/nexusstc/upload/zlib    ·save·60·1base score: 11065.0, final score: 23.55376",Robin Winn Human Design,https://annas-archive.org/md5/03e8a48aa15c3013d74e447c61b0c9fc,query,search_query_substring,,,Robin Winn Human Design
0422722c2ac034cb013da2b71ded8cbd,Home Decorating Interior Design Workbook,Unique Step by Step Decorating Workbook for any room in your home.pdf,Living Your Design Bunnell,https://annas-archive.org/md5/0422722c2ac034cb013da2b71ded8cbd,query,search_query_substring,,,Living Your Design Bunnell
04271af48ee802bfc0db2a3b92855099,Roses Under the Miombo Trees,Roses Under the Miombo Trees,Chetan Parkyn,https://annas-archive.org/md5/04271af48ee802bfc0db2a3b92855099,query,search_query_substring,,,Chetan Parkyn
0429d20b89647466cea7e1f24e03c1d0,Facts about concussion and brain injury,Facts About Concussion and Brain Injury.pdf,Understanding Centers Human Design,https://annas-archive.org/md5/0429d20b89647466cea7e1f24e03c1d0,query,search_query_substring,,,Understanding Centers Human Design
04332ec6604eb1d68f5c684f12ecd2e5,"Do We Choose the Power to Do Right, or the Power to Do Wrong?",Do We Choose the Power to Do Right,How Do You Choose Human Design,https://annas-archive.org/md5/04332ec6604eb1d68f5c684f12ecd2e5,query,search_query_substring,,,How Do You Choose Human Design
043d6e6b6fec8c8b9cdc4217d9933cfa,Human Factors for Ergonomic ITs: How Culture Affects the Way We Interact with Technology and how We Process Data,,64keys Human Design,https://annas-archive.org/md5/043d6e6b6fec8c8b9cdc4217d9933cfa,query,search_query_substring,,,64keys Human Design
0441109b42ccdc46fd29c868f557bec0,What Can You Do with a Major in Biology: Real people. Real jobs. Real rewards. (What Can You Do with a Major in...),"exploring the range of career options available; for recent recent graduates and those already in a biology-related career, the book provides alternative career options that might not readily seem apparent.a key feature of the book are the case studies of individuals who majored in biology and their career choices; these case studies are used to demonstrate the variety of career options related to this major. the case studies include education and work histories, photos, and personal statements.readers will also find in the book a summary of the skills and knowledge attained through majoring in biology, the careers requiring the development of these skills and knowledge, and any additional training or licensing requirements beyond the major for these careers. this information is presented in a consistent format of lists and graphics, including contact information for relevant professional organizations and licensing agencies, pay scales, and so forth.for those readers who are currently in college or soon to be and are deciding on whether or not a major in biology is right for them, the book includes an overview of the typical biology major curriculum, including courses, special projects (e.g., senior theses), and/or internships or fieldwork likely to be required, with examples from various colleges (which may have different requirements and approaches). additionally included are reviews of outcomes for recent graduates with a biologymajor, including jobs and salaries.read more…english [en] · pdf · 1.6mb · 2005 · 📘 book (non-fiction) · 🚀/lgli/lgrs/nexusstc/zlib    ·save·1·1base score: 11065.0, final score: 26.133354",How Do You Choose Human Design,https://annas-archive.org/md5/0441109b42ccdc46fd29c868f557bec0,query,search_query_substring,,,How Do You Choose Human Design
044273f973accde584989fab9aab28e5,PBooks Collection 2023,,Jovian Archive,https://annas-archive.org/md5/044273f973accde584989fab9aab28e5,query,search_query_substring,,,Jovian Archive
045fa05391c19f69a31ea7417d391226,Design details for health : making the most of design’s healing potential,"dr. wayne ruga, aia, fiida, hon. fasid</p>",Human Design Health Haspel,https://annas-archive.org/md5/045fa05391c19f69a31ea7417d391226,query,search_query_substring,,,Human Design Health Haspel
0477568f0847c2fd078678d991ccbcd0,"Die deutsche Universitätsphilosophie in der Weimarer Republik und im Dritten Reich, Teil 1",,Uljana Daitche Variablen im Human Design: Teil 1 — Die Pfeile,https://annas-archive.org/md5/0477568f0847c2fd078678d991ccbcd0,work,work_overlap:1.00,auth_uljana_daitche,Variablen im Human Design: Teil 1 — Die Pfeile,
04d0a14302c15da96c47be9aa388e04f,Das Große Ventura Handbuch,,Uljana Daitche Die 384 Linien der 64 Tore: das große Human Design Handbuch,https://annas-archive.org/md5/04d0a14302c15da96c47be9aa388e04f,work,work_overlap:1.00,auth_uljana_daitche,Die 384 Linien der 64 Tore: das große Human Design Handbuch,
04ea5eb909ac4f82aae8d2c4f3a404f6,Understanding the Centers in Human Design: The Facilitator's Guide to Transforming Pain into Possibility,Understanding the Centers in Human Design.pdf,Beyond Human Design|Chetan Parkyn Human Design|Chiron Ephemeris Human Design|Daitche Human Design|Emma Dunwoody Human Design|Karen Curry Parker Understanding Human Design: The New Science of Astrology|Quantum Human Design|Richard Rudd Human Design|Richard Rudd Human Design: The Revelation|Robin Winn Human Design|Robin Winn Understanding Your Clients Through Human Design|Robin Winn Understanding the Centers in Human Design|Steve Rhodes Human Design|Understanding Centers Human Design|Understanding Human Design|Zen Human Design Ephemeris|Zeno Dickson Human Design,https://annas-archive.org/md5/04ea5eb909ac4f82aae8d2c4f3a404f6,work,work_overlap:1.00,auth_karen_curry_parker,Understanding Human Design: The New Science of Astrology,
04f05dfe1003ef164589ce20f651f30e,PBooks Collection 2023,,Jovian Archive,https://annas-archive.org/md5/04f05dfe1003ef164589ce20f651f30e,query,search_query_substring,,,Jovian Archive
0542585ed2df045cbfd6c1c800403179,Die Wirtschaftsmentalität der westdeutschen Handwerker,,Peter Schöber,https://annas-archive.org/md5/0542585ed2df045cbfd6c1c800403179,query,search_query_substring,,,Peter Schöber
0561f7a709c8935e331aeb379a631a3f,Vorlesungen über Differential- und Integralrechnung Band 3: Integralrechnung auf dem Gebiete mehrerer Variablen,Integralrechnung auf dem Gebiete mehrerer Variablen,Daitche Variablen,https://annas-archive.org/md5/0561f7a709c8935e331aeb379a631a3f,query,search_query_substring,,,Daitche Variablen
05c91cdc40bf8bfe2663c19f655b465f,Zoé et Théo au zoo,Zoé et Théo - Tome 9 - Zoé et Théo au zoo,Jenna Zoë,https://annas-archive.org/md5/05c91cdc40bf8bfe2663c19f655b465f,author,surname:Jenna,auth_jenna_zoe,,
05f21b5ecc9f4c13240010114ca47487,"Health Design Thinking, : Creating Products and Services for Better Health","pioneers in the field—bon ku, a physician leader in innovative health design, and ellen lupton, an award-winning graphic designer—the book outlines the fundamentals of design thinking and highlights important products, prototypes, and research in health design. this revised and expanded edition describes innovations developed in response to the covid-19 crisis, including an intensive care unit in a shipping container, a rolling cart with intubation equipment, and a mask brace that gives a surgical mask a tighter seal.",Human Design Health Haspel,https://annas-archive.org/md5/05f21b5ecc9f4c13240010114ca47487,query,search_query_substring,,,Human Design Health Haspel
06230d763b413b81a2fa50306126f15f,What Can You Do with a Major in Biology : Real people. Real jobs. Real rewards. (What Can You Do with a Major in...),,How Do You Choose Human Design,https://annas-archive.org/md5/06230d763b413b81a2fa50306126f15f,query,search_query_substring,,,How Do You Choose Human Design
065c423cebeabf513103b99fef4912e3,Relevance of Health Economics in Breast Cancer Treatment – the View of Certified Breast Centres and Their Patients,,Ra Uru Hu The Nine Centres and their Gates,https://annas-archive.org/md5/065c423cebeabf513103b99fef4912e3,work,work_overlap:1.00,auth_ra_uru_hu,The Nine Centres and their Gates,
06b20214482bc403e8c23d115ae1a8f3,Emotional Labor in Work with Patients and Clients: Effects and Recommendations for Recovery,,Understanding Clients Human Design,https://annas-archive.org/md5/06b20214482bc403e8c23d115ae1a8f3,query,search_query_substring,,,Understanding Clients Human Design
06d143a577edd573a22f4cfd3cf13cd3,Matrix Discrete Element Analysis of Geological and Geotechnical Engineering,,Triple Design Matrix DreamRave,https://annas-archive.org/md5/06d143a577edd573a22f4cfd3cf13cd3,query,search_query_substring,,,Triple Design Matrix DreamRave
06d6f33e7b26482d4ddc23835d5b5906,"How To Analyze People: 13 Laws About the Manipulation of the Human Mind, 7 Strategies to Quickly Figure Out Body Language, Dive into Dark Psychology and Persuasion for Making People Do What You Want",How To Analyze People: 13 Laws About the Manipulation of the Human Mind,How Do You Choose Human Design,https://annas-archive.org/md5/06d6f33e7b26482d4ddc23835d5b5906,query,search_query_substring,,,How Do You Choose Human Design
06ed6b7b4258869237eff071677aa364,Das grosse Euro-Handbuch Praxis der Wahrungsumstellung und S.pdf,,Uljana Daitche Die 384 Linien der 64 Tore: das große Human Design Handbuch,https://annas-archive.org/md5/06ed6b7b4258869237eff071677aa364,work,work_overlap:1.00,auth_uljana_daitche,Die 384 Linien der 64 Tore: das große Human Design Handbuch,
0709f47812468b7c9765dc7de254234a,The Life Force,The Life Force - The Channels.pdf,Prophecy Ra Uru Hu Rhodes|Ra Uru Hu|Ra Uru Hu Generator Book|Ra Uru Hu Line Resonance|Ra Uru Hu Rave BodyGraph Circuitry|Ra Uru Hu Rave I'Ching Line Companion|Ra Uru Hu The Complete Rave I'Ching|Ra Uru Hu The Nine Centres and their Gates|Ra Uru Hu The Rave I'Ching,https://annas-archive.org/md5/0709f47812468b7c9765dc7de254234a,work,work_overlap:1.00,auth_ra_uru_hu,The Rave I'Ching,
070e184c3cc90fe3900577b4c9bf5605,The future of flesh : a cultural survey of the body,,Jenna Zoe Human Design,https://annas-archive.org/md5/070e184c3cc90fe3900577b4c9bf5605,query,search_query_substring,,,Jenna Zoe Human Design
0710687dd13c973b0e9b60546425645a,How to Read a Book: The Classic Guide to Intelligent Reading,"its cover,” and also how to x-ray it, read critically, and extract the author’s message from the text.also included is instruction in the different techniques that work best for reading particular genres, such as practical books, imaginative literature, plays, poetry, history, science and mathematics, philosophy and social science works.finally, the authors offer a recommended reading list and supply reading tests you can use measure your own progress in reading skills, comprehension, and speed.read more…english [en] · pdf · 1.8mb · 2012 · 📘 book (non-fiction) · 🚀/lgli/zlib    ·save·395·3base score: 11068.0, final score: 33.22388",Steve Rhodes Human Design: How to Read a Graph,https://annas-archive.org/md5/0710687dd13c973b0e9b60546425645a,work,work_overlap:1.00,auth_steve_rhodes,Human Design: How to Read a Graph,
0716d75c5e0b36620957625020229c2c,El Universo Elegante_29273937.pdf,,Rave Cosmology,https://annas-archive.org/md5/0716d75c5e0b36620957625020229c2c,query,search_query_substring,,,Rave Cosmology
072b03134dbf14640a29f357b4b552e0,Lunar & Planetary Color,Lunar & Planetary Color,Human Design System Ra|LYD manual IHDS|Prophecy Ra Uru Hu Rhodes|Ra Uru Hu|Ra Uru Hu Generator Book|Ra Uru Hu Line Resonance|Ra Uru Hu Rave BodyGraph Circuitry|Ra Uru Hu Rave I'Ching Line Companion|Ra Uru Hu The Complete Rave I'Ching|Ra Uru Hu The Nine Centres and their Gates|Ra Uru Hu The Rave I'Ching,https://annas-archive.org/md5/072b03134dbf14640a29f357b4b552e0,work,work_overlap:1.00,auth_ra_uru_hu,The Rave I'Ching,
075848e7ee1d0d76f9493f643130da10,lgrsnf/D:\!genesis\library.nu\07\_262994.075848e7ee1d0d76f9493f643130da10.pdf,,Bhan Tugh Rhodes,https://annas-archive.org/md5/075848e7ee1d0d76f9493f643130da10,work,work_overlap:0.75,auth_steve_rhodes,Bhan Tugh,
0762420e79d002458464ba6d30fde80a,Materiales Construccion Energia Solar,Manual-Ventilacion/0762420e79d002458464ba6d30fde80a.pdf,LYD manual IHDS,https://annas-archive.org/md5/0762420e79d002458464ba6d30fde80a,query,search_query_substring,,,LYD manual IHDS
0782863b410beea65a2fa6da0655781d,Mini Maulwurf hat Geburtstag. ( Ab 2 J.).,,Peter Schöber,https://annas-archive.org/md5/0782863b410beea65a2fa6da0655781d,query,search_query_substring,,,Peter Schöber
07984fbb01967020843823ad0b57d7d1,"D'Annunzio, the Poet as Superman","kirkusreviews.comread more…english [en] · pdf · 25.1mb · 1960 · 📘 book (non-fiction) · 🚀/lgli/lgrs/nexusstc/zlib    ·save·24·1base score: 11065.0, final score: 16.95267",Bhan Tugh Rhodes,https://annas-archive.org/md5/07984fbb01967020843823ad0b57d7d1,work,work_overlap:0.75,auth_steve_rhodes,Bhan Tugh,
07d6d7b749ac0addcc97d1ce917dfdc5,Managing Yourself (the Essentials Of Nursing Management Series),via many examples and exercises - to having and making a personal philosophy,Peter Schöber,https://annas-archive.org/md5/07d6d7b749ac0addcc97d1ce917dfdc5,query,search_query_substring,,,Peter Schöber
07d9a2749caded25005d397063234e4c,newsarch_ebooks_2025_10,,Karen Curry Parker The Encyclopedia of Quantum Human Design,https://annas-archive.org/md5/07d9a2749caded25005d397063234e4c,work,work_overlap:1.00,auth_karen_curry_parker,The Encyclopedia of Quantum Human Design,
0829c51c8961d990a4d7f6075a12f51c,BBC,History Revealed/History revealed: Bumper Q&A Special_119123463.pdf,Human Design Revealed Dickson,https://annas-archive.org/md5/0829c51c8961d990a4d7f6075a12f51c,query,search_query_substring,,,Human Design Revealed Dickson
083c803ff76fca5fb00bf8e9d236c56f,La Reproduction chez les mammifères et chez l'homme,,Erin Claire Jones Human Design,https://annas-archive.org/md5/083c803ff76fca5fb00bf8e9d236c56f,query,search_query_substring,,,Erin Claire Jones Human Design
0848ec3ea15ca91e05b2ab0f07c85579,Scale-Selective Differentiation Of Mueller-Matrix Images Of Polycrystalline Networks Of Biological Tissues And Fluids Of Human Organs,,Science of Differentiation Human Design,https://annas-archive.org/md5/0848ec3ea15ca91e05b2ab0f07c85579,query,search_query_substring,,,Science of Differentiation Human Design
0859b8d72edffa26ab9e5dfb8521c752,Using human motion intensity as input for urban design,,64keys Human Design,https://annas-archive.org/md5/0859b8d72edffa26ab9e5dfb8521c752,query,search_query_substring,,,64keys Human Design
085f5f2cc1d23a3b8f5bd5d223a990f0,Енциклопедия на квантовия хюмън дизайн,Карен Къри Паркър - Енциклопедия на квантовия хюмън дизайн.pdf,Karen Curry Human Design|Karen Curry Parker The Encyclopedia of Quantum Human Design,https://annas-archive.org/md5/085f5f2cc1d23a3b8f5bd5d223a990f0,work,work_overlap:1.00,auth_karen_curry_parker,The Encyclopedia of Quantum Human Design,
0863e5b363132a5c186f4bf803a4f265,Science journalism,,Emma Dunwoody Human Design,https://annas-archive.org/md5/0863e5b363132a5c186f4bf803a4f265,query,search_query_substring,,,Emma Dunwoody Human Design
08b0118b54922ec0397e0bd5365d11b4,Add Audio and Video to Your Site: The Mini Missing Manual,Add Audio and Video to Your Site The Mini Missing Manual.pdf,Living Your Design Student Manual,https://annas-archive.org/md5/08b0118b54922ec0397e0bd5365d11b4,work,work_overlap:1.00,auth_lynda_bunnell,Living Your Design Student Manual,
08b737141f7d1667bc18031ca9a0ed48,Speed Up Your Design Verificaton,Speed Up Your Design Verificaton.pdf,Living Your Design Bunnell,https://annas-archive.org/md5/08b737141f7d1667bc18031ca9a0ed48,query,search_query_substring,,,Living Your Design Bunnell
08cc0e73c23a4bb0c6a02f137a80e2fe,Global education under attack : International Baccalaureate in America,"conservative agencies. this book charts the growth of the ib in america and offers a set of frameworks for conceptualizing the history and nature of  this attack. it explores the distinctly paleo-conservative philosophy behind this attack, and reveals the influence of the american historian russell kirk, alongside edmund burke. the book examines the notion that the ib is un-american, and concludes that for some people in america global education is fundamentally unnatural and must be resisted.        read more...",Lynda Bunnell,https://annas-archive.org/md5/08cc0e73c23a4bb0c6a02f137a80e2fe,query,search_query_substring,,,Lynda Bunnell
08d3a83ae0aa070df4bac98aa370e70b,Die Muse Roman,und einem exquisiten Lebensstil - hält sie die Leser in Atem: und das kann man nicht kaufen. Besonders einer ist fasziniert von Ida Perkins: Paul Dukach,Uljana Daitche,https://annas-archive.org/md5/08d3a83ae0aa070df4bac98aa370e70b,work,work_overlap:0.67,auth_uljana_daitche,Human Design - Beziehungen,
08d974a04b985316d500f4248f5f7442,Degruyter Imprints v2 [09-06-23],,Eleanor Haspel-Portner,https://annas-archive.org/md5/08d974a04b985316d500f4248f5f7442,query,search_query_substring,,,Eleanor Haspel-Portner
092f5340f3b5d53294468c6548662560,God's Revelation to the Human Heart,God's Revelation to the Human Heart,Richard Rudd Human Design: The Revelation,https://annas-archive.org/md5/092f5340f3b5d53294468c6548662560,work,work_overlap:1.00,auth_richard_rudd,Human Design: The Revelation,
095034e7ef6917ea79aa56a0d3ed6a10,Adobe Photoshop CS2 revealed,,Human Design Revealed Dickson,https://annas-archive.org/md5/095034e7ef6917ea79aa56a0d3ed6a10,query,search_query_substring,,,Human Design Revealed Dickson
095231c1b6f0273c4980dc877246f911,Iš kur mes ateiname? 31 31,Iš kur mes ateiname? 31,Rave Cosmology,https://annas-archive.org/md5/095231c1b6f0273c4980dc877246f911,query,search_query_substring,,,Rave Cosmology
096c16f8c017f28e496da10466fd8b47,Rave Anatomy I,Rave Anatomy I - Mapping the Mechanics of the Maia,Human Design System Ra|Prophecy Ra Uru Hu Rhodes|Ra Uru Hu|Ra Uru Hu Generator Book|Ra Uru Hu Line Resonance|Ra Uru Hu Rave BodyGraph Circuitry|Ra Uru Hu Rave I'Ching Line Companion|Ra Uru Hu The Complete Rave I'Ching|Ra Uru Hu The Nine Centres and their Gates|Ra Uru Hu The Rave I'Ching,https://annas-archive.org/md5/096c16f8c017f28e496da10466fd8b47,work,work_overlap:1.00,auth_ra_uru_hu,The Rave I'Ching,
09ac780ff7a59ab71bc5d7bc4ec9b795,Leucocyte Typing : Human Leucocyte Differentiation Antigens Detected by Monoclonal Antibodies. Specification,Classification - Nomenclature / Typage Leucocytaire Antigenes De Differenciation Leucocytaire Humains Reveles Par Lesanticorps Monoclonaux: Rapports Des Etudes Com,Science of Differentiation Human Design,https://annas-archive.org/md5/09ac780ff7a59ab71bc5d7bc4ec9b795,query,search_query_substring,,,Science of Differentiation Human Design
0a98ebe916ded4db29610a61f7edb28b,duxiu/initial_release/SUSTAINABLE TIMBER DESIGN_40898042.zip,,Human Design Revealed Dickson,https://annas-archive.org/md5/0a98ebe916ded4db29610a61f7edb28b,query,search_query_substring,,,Human Design Revealed Dickson
0aa71a3309e14ee531c00930b57d05ab,0787982997_Designing.pdf,,How Do You Choose Human Design,https://annas-archive.org/md5/0aa71a3309e14ee531c00930b57d05ab,query,search_query_substring,,,How Do You Choose Human Design
0ab24bce5bb495e4b2cb3514d3d9dc8d,Student Solutions Manual for use with Chemistry: The Molecular Nature of Matter and Change,430 pages,Living Your Design Student Manual,https://annas-archive.org/md5/0ab24bce5bb495e4b2cb3514d3d9dc8d,work,work_overlap:1.00,auth_lynda_bunnell,Living Your Design Student Manual,
0ab49372f4a7e53fa8234071d2936aab,The Human Design System,The Human Design System - A Complete Guide,Beyond Human Design|Chetan Parkyn Human Design|Chiron Ephemeris Human Design|Daitche Human Design|Emma Dunwoody Human Design|Human Design System Ra|Jenna Zoe Human Design|Karen Curry Human Design|LYD manual IHDS|Peter Schoeber Das Human Design System – Die Zentren|Prophecy Ra Uru Hu Rhodes|Quantum Human Design|Ra Uru Hu|Ra Uru Hu Generator Book|Ra Uru Hu Line Resonance|Ra Uru Hu Rave BodyGraph Circuitry|Ra Uru Hu Rave I'Ching Line Companion|Ra Uru Hu The Complete Rave I'Ching|Ra Uru Hu The Nine Centres and their Gates|Ra Uru Hu The Rave I'Ching|Richard Rudd Human Design|Richard Rudd Human Design: The Revelation|Robin Winn Human Design|Steve Rhodes Human Design|Understanding Centers Human Design|Understanding Clients Human Design|Understanding Human Design|Zen Human Design Ephemeris|Zeno Dickson Human Design,https://annas-archive.org/md5/0ab49372f4a7e53fa8234071d2936aab,work,work_overlap:1.00,auth_ra_uru_hu,The Rave I'Ching,
0ae8916b6109cdb5ffb634acf2f6164c,An Ordering Concept on the Basis of Alternative Principles in Chemistry : Design of Chemicals and Chemical Reactions by Differentiation and Compensation,"the science of ""becoming"" in complex systems - can not be understood by mechanistic details",Science of Differentiation Human Design,https://annas-archive.org/md5/0ae8916b6109cdb5ffb634acf2f6164c,query,search_query_substring,,,Science of Differentiation Human Design
0af81bfbb25a18b76dd9419c52ccf596,[Front matter only] The Guppy Color Manual: Explorations of Guppy Color Biology and Genetics (aka The Guppy Color Manual: Explorations in Guppy Color Biology and Genetics),,LYD manual IHDS,https://annas-archive.org/md5/0af81bfbb25a18b76dd9419c52ccf596,query,search_query_substring,,,LYD manual IHDS
0b0886c13ee7d6e1b0e4d902a030157e,La saga de los vikingos,La saga de los vikingos,Eleanor Haspel-Portner,https://annas-archive.org/md5/0b0886c13ee7d6e1b0e4d902a030157e,query,search_query_substring,,,Eleanor Haspel-Portner
0b353d02f8b46eec6cd910ab09de030a,newsarch_ebooks_2025_10,"correcting errors, and the brain serves mainly for emergencies. yet, it turns out that most parameters are not constant; moreover, despite the importance of local mechanisms, the brain is definitely in charge. in this book, the eminent neuroscientist peter sterling describes a broader concept: allostasis (coined","Human Design Health Haspel|Lynda Bunnell Human Design: The Definitive Book of Human Design, The Science of Differentiation",https://annas-archive.org/md5/0b353d02f8b46eec6cd910ab09de030a,work,work_overlap:1.00,auth_lynda_bunnell,"Human Design: The Definitive Book of Human Design, The Science of Differentiation",
0b3644861cb3241d6d8e400b225870ce,newsarch_ebooks_2025_10,,Triple Design Matrix DreamRave,https://annas-archive.org/md5/0b3644861cb3241d6d8e400b225870ce,query,search_query_substring,,,Triple Design Matrix DreamRave
0b40b842cfedfbec2f935ac795c7031c,newsarch_ebooks_2025_10,"taking a very scientific approach to personalized nutrition, but then takes a u-turn into what seems to be an infomercial for the latest multi-level marketing scheme.  (check out the website listed in the book and that will further illustrate this point http://www.dragondoor.com ) he lays out a great foundation and argument for why all of the scientific and laboratory typing is necessary for optimum nutrition and health, then abruptly dumps all of that for the ""better"" and ""simpler"" testing developed",Chetan Parkyn Human Design: Discover the Person You Were Born to Be|Chetan Parkyn The Book of Destinies: Discover the Life You Were Born to Live,https://annas-archive.org/md5/0b40b842cfedfbec2f935ac795c7031c,work,work_overlap:1.00,auth_chetan_parkyn,Human Design: Discover the Person You Were Born to Be,
0b460d7eca4ebb3dec971d83b4c376cd,Living for the Elderly: A Design Manual: A Design Manual Second and Revised Edition,,Lynda Bunnell Living Your Design Student Manual,https://annas-archive.org/md5/0b460d7eca4ebb3dec971d83b4c376cd,work,work_overlap:1.00,auth_lynda_bunnell,Living Your Design Student Manual,
0b4ded746f58eb969c4677d0baae0f6c,Home-made,A compilation of chemical processes for making a variety of products from simple store-bought and readily available materials/0b4ded746f58eb969c4677d0baae0f6c.pdf,Human Design Made Simple Dunwoody,https://annas-archive.org/md5/0b4ded746f58eb969c4677d0baae0f6c,query,search_query_substring,,,Human Design Made Simple Dunwoody
0b561f7a535cf15bcbdb4593dd821b61,The Beauty Of Your Human Design Life Chart,,"Beyond Human Design|Chetan Parkyn Human Design|Chiron Ephemeris Human Design|Daitche Human Design|Emma Dunwoody Human Design|Jenna Zoe Human Design|Karen Curry Human Design|Karen Curry Parker The Encyclopedia of Quantum Human Design|Living Your Design Bunnell|Lynda Bunnell Human Design: The Definitive Book of Human Design, The Science of Differentiation|Quantum Human Design|Richard Rudd Human Design|Richard Rudd Human Design: The Revelation|Robin Winn Human Design|Robin Winn Understanding Your Clients Through Human Design|Science of Differentiation Human Design|Steve Rhodes Human Design|Understanding Clients Human Design|Understanding Human Design|Zen Human Design Ephemeris|Zeno Dickson Human Design",https://annas-archive.org/md5/0b561f7a535cf15bcbdb4593dd821b61,work,work_overlap:1.00,auth_lynda_bunnell,"Human Design: The Definitive Book of Human Design, The Science of Differentiation",
0bcc2078fd7b5e3c3ca36b8530124b12,extracted__Books (K-P).zip,"aung san suu kyi; editors james r. lewis, carl skutschsharpe reference, sharpe reference, vol 1, 1999@a society that lacks human rights is a society thai breeds misery. if i am ever asked why i am an advocate of human rights, i would like to answer that i simply do not like seeing so much human misery around me. there are many people today whose lives haread more…english [en] · pdf · 3.7mb · 1999 · 📘 book (non-fiction) · 🚀/lgli/lgrs/nexusstc/upload/zlib    ·save·20·1base score: 11065.0, final score: 26.27062",Karen Curry Parker The Encyclopedia of Quantum Human Design,https://annas-archive.org/md5/0bcc2078fd7b5e3c3ca36b8530124b12,work,work_overlap:1.00,auth_karen_curry_parker,The Encyclopedia of Quantum Human Design,
0be66e2dcaa76e864e08c442bf54136c,"BEST WAYS TO READ PEOPLE LIKE A BOOK: A Practical Guide On How To Read People, Understand Body Language and Emotions",BEST WAYS TO READ PEOPLE LIKE A BOOK: A Practical Guide On How To Read People,Steve Rhodes Human Design: How to Read a Graph,https://annas-archive.org/md5/0be66e2dcaa76e864e08c442bf54136c,work,work_overlap:1.00,auth_steve_rhodes,Human Design: How to Read a Graph,
0becd815ccf7a24dda3f09930b13d6be,Die Muse. Roman,Die Muse.epub,Uljana Daitche,https://annas-archive.org/md5/0becd815ccf7a24dda3f09930b13d6be,work,work_overlap:0.67,auth_uljana_daitche,Human Design - Beziehungen,
0c3a141bb661083d6d84438d709a5612,System 80+ Standard [nucl. powerplnt] Design,Vol 11,Human Design Revolutionary System|Human Design System Centres Schoeber,https://annas-archive.org/md5/0c3a141bb661083d6d84438d709a5612,work,work_overlap:0.67,auth_peter_schoeber,Human Design System – The Centres,
0cae2912e7c31235954e37ca7ce2c390,64-те начина Лични размишления върху генните ключове,,Gene Keys Richard Rudd|Richard Rudd The Gene Keys: Embracing Your Higher Purpose,https://annas-archive.org/md5/0cae2912e7c31235954e37ca7ce2c390,work,work_overlap:1.00,auth_richard_rudd,The Gene Keys: Embracing Your Higher Purpose,
0cb30978fc95843879351e37242c625a,extracted__Ergonomics_Principles_in_Design_An_Illustrated_Fundamental_Approach.zip,,64keys Human Design,https://annas-archive.org/md5/0cb30978fc95843879351e37242c625a,query,search_query_substring,,,64keys Human Design
0cbb5b143c79c033d96da0b0653b6a1b,Sex and Power in History: How the Difference Between the Sexes Has Shaped Our Destinies,,Book of Destinies Parkyn,https://annas-archive.org/md5/0cbb5b143c79c033d96da0b0653b6a1b,query,search_query_substring,,,Book of Destinies Parkyn
0cbcf9ee172cd2944a97a6ee41f80fee,Partnership Analysis,Partnership Analysis,Human Design System Ra|Prophecy Ra Uru Hu Rhodes|Ra Uru Hu|Ra Uru Hu Generator Book|Ra Uru Hu Line Resonance|Ra Uru Hu Rave BodyGraph Circuitry|Ra Uru Hu Rave I'Ching Line Companion|Ra Uru Hu The Complete Rave I'Ching|Ra Uru Hu The Nine Centres and their Gates|Ra Uru Hu The Rave I'Ching,https://annas-archive.org/md5/0cbcf9ee172cd2944a97a6ee41f80fee,work,work_overlap:1.00,auth_ra_uru_hu,The Rave I'Ching,
0cd735cc54497c5a8e4bafedd9088114,"Numerische Lösung optimaler Steuerungsprobleme: Diskretisierung, Parameteroptimierung und Berechnung der adjungierten Variablen",,Daitche Variablen,https://annas-archive.org/md5/0cd735cc54497c5a8e4bafedd9088114,query,search_query_substring,,,Daitche Variablen
0d3b4752f64a4ba5cb62346e5c098963,Weston A. Price,Nutrition and Physical Degeneration/Social Interactions/How to Read a Person Like a Book - Gerard I. Nierenberg.pdf,Steve Rhodes Human Design: How to Read a Graph,https://annas-archive.org/md5/0d3b4752f64a4ba5cb62346e5c098963,work,work_overlap:1.00,auth_steve_rhodes,Human Design: How to Read a Graph,
0d3d914f27c9a31ebd33321b35fb1e69,"Evans, Colin, 1894-, Gardener, Brian E. F. (Brian Edward Francis), 1941-; Waite, Herbert T. Compendium of natal astrology and universal ephemeris",,Chaitanyo Ephemeris,https://annas-archive.org/md5/0d3d914f27c9a31ebd33321b35fb1e69,query,search_query_substring,,,Chaitanyo Ephemeris
0d60fd9155ba939e5c8834d51b46a67d,The Revelation: The Book For These Difficult Times,The Revelation: The Book For These Difficult Times,Richard Rudd Human Design: The Revelation,https://annas-archive.org/md5/0d60fd9155ba939e5c8834d51b46a67d,work,work_overlap:1.00,auth_richard_rudd,Human Design: The Revelation,
0db2807b441f33ed8e9863e2e8f18978,Agilent Advanced Design System (13 лабораторных работ),,Human Design Revolutionary System,https://annas-archive.org/md5/0db2807b441f33ed8e9863e2e8f18978,query,search_query_substring,,,Human Design Revolutionary System
0dd1fc5e8667e649f2de97cd0778a5c7,American philosophy,Winn,Robin Winn Human Design,https://annas-archive.org/md5/0dd1fc5e8667e649f2de97cd0778a5c7,query,search_query_substring,,,Robin Winn Human Design
0dd7a77a594ca174c24369a8097e71db,C. elegans: Methods and Applications,,Eleanor Haspel-Portner|Human Design Health Haspel,https://annas-archive.org/md5/0dd7a77a594ca174c24369a8097e71db,work,work_overlap:0.67,auth_eleanor_haspel_portner,Human Design & Health: A Practitioner's Guide to the Basics,
0de16897c7ab935cf2fa74532830d3d7,"1859736823_Astrology,.pdf","probing deeply into the meaning and importance of this extraordinary belief system. from the dawn of pre-history, humankind has had an intimate connection with the stars. with its roots in the neolithic culture of europe and the middle east, astrology was traditionally heralded as a divinatory language. willis and curry argue that, contrary to contemporary understanding including that of most astrologers astrology was originally, and remains, a divinatory practice. tackling its rich and controversial history, its problematic relationship to jungian theory, and attempts to prove its grounding in objective reality, this book not only persuasively demonstrates that astrology is far more than a superstitious relic of years gone by, but that it enables a fundamental critique of the scientism of its opponents. groundbreaking in its reconciliation of astrologys ancient traditions and its modern day usage, this book impressively unites philosophy, science, anthropology, and history, to produce a powerful exploration of astrology, past and present.read more…english [en] · pdf · 0.6mb · 2004 · 📘 book (non-fiction) · 🚀/lgli/lgrs/nexusstc/upload/zlib    ·save·68·2base score: 11055.0, final score: 34.870697",Karen Curry Parker Understanding Human Design: The New Science of Astrology,https://annas-archive.org/md5/0de16897c7ab935cf2fa74532830d3d7,work,work_overlap:1.00,auth_karen_curry_parker,Understanding Human Design: The New Science of Astrology,
0e057eb7191fd94fc132c85cb6eb170b,Rave Psychology,Rave Psychology - Personality External color book,Human Design System Ra|LYD manual IHDS|Prophecy Ra Uru Hu Rhodes|Ra Uru Hu|Ra Uru Hu Generator Book|Ra Uru Hu Line Resonance|Ra Uru Hu Rave BodyGraph Circuitry|Ra Uru Hu Rave I'Ching Line Companion|Ra Uru Hu The Complete Rave I'Ching|Ra Uru Hu The Nine Centres and their Gates|Ra Uru Hu The Rave I'Ching,https://annas-archive.org/md5/0e057eb7191fd94fc132c85cb6eb170b,work,work_overlap:1.00,auth_ra_uru_hu,The Rave I'Ching,
0e08905e032355157dea3ee6baa268c9,Design and Analysis of Data Structures,,64keys Human Design,https://annas-archive.org/md5/0e08905e032355157dea3ee6baa268c9,query,search_query_substring,,,64keys Human Design
0e2f88ac0a6cb10831a010244ebfbffd,The Waffle Heaven Cookbook: Waffle Recipes Straight from the Gods,The Waffle Heaven Cookbook: Waffle Recipes Straight from the Gods,Jenna Zoë,https://annas-archive.org/md5/0e2f88ac0a6cb10831a010244ebfbffd,author,surname:Jenna,auth_jenna_zoe,,
0e4dcd66184dadd42ccbe059c3e5367c,Class Topper Optimization Algorithm based Optimum Passive Power Filter Design for Power System,"the use of non linear load. these odd harmonics cause various problems like heating, poor efficiency, failure of capacitors etc. reducing these harmonics is the main concern and can be achieved using passive power filter. necessary aspects like harmonic filtering and reactive power compensation are to be satisfied",Peter Schoeber Das Human Design System – Die Zentren,https://annas-archive.org/md5/0e4dcd66184dadd42ccbe059c3e5367c,work,work_overlap:1.00,auth_peter_schoeber,Das Human Design System – Die Zentren,
0e5c675058a80ed9db86f8f8ad4bbac5,System Design Interview Made Easy: Discover 8 Simple Case Studies to Learn How to Pass Your System Design Interview Easily,"covering all the bases.it also follows modern case studies and provides all the information you need to know in order to pass your interview!with this guide, aspiring software engineers like you willfind in-depth and accurate information: this book makes sure to go into deep detail to ensure that you make the most out of your learning experience.put your best foot forward: set yourself apart from the competition",Human Design Made Simple Dunwoody|Human Design Revolutionary System|Human Design System Centres Schoeber|Living Your Design Bunnell,https://annas-archive.org/md5/0e5c675058a80ed9db86f8f8ad4bbac5,work,work_overlap:0.67,auth_peter_schoeber,Human Design System – The Centres,
0e88b23cb22d6bc32401e464fac8c38b,In writing this manual I am assuming that you the reader already knows about forex trading and does not wish to be confronted,,Jenna Zoë Human Design: The Revolutionary System That Shows You Who You Came Here to Be,https://annas-archive.org/md5/0e88b23cb22d6bc32401e464fac8c38b,work,work_overlap:1.00,auth_jenna_zoe,Human Design: The Revolutionary System That Shows You Who You Came Here to Be,
0ea07cc235697b587eef487c6d2359d9,"Book Design Made Simple: A step-by-step guide to designing and typesetting your own book using Adobe InDesign, 2nd 2022 Edition",Book Design Made Simple: A step-by-step guide to designing and typesetting your own book using Adobe InDesign,Human Design Made Simple Dunwoody,https://annas-archive.org/md5/0ea07cc235697b587eef487c6d2359d9,query,search_query_substring,,,Human Design Made Simple Dunwoody
0edcf103fe86bc5492b9279767e345de,Genetic Consultations in the Newborn,"gene panels and exome sequencing. thus, this book, which was initially intended as a clinical primer, of necessity became a resource for gene-based information as well.read more…english [en] · pdf · 60.9mb · 2019 · 📘 book (non-fiction) · 🚀/lgli/lgrs/nexusstc/zlib    ·save·17·1base score: 11065.0, final score: 21.56047",Karen Curry Human Design,https://annas-archive.org/md5/0edcf103fe86bc5492b9279767e345de,query,search_query_substring,,,Karen Curry Human Design
0ee0bd8a764a5c8baec00fe1ba24c8cf,Versuch einer Geschichte der Darstellung willkürlicher Functionen einer Variablen durch trigonometrische Reihen_117515679.pdf,,Daitche Variablen,https://annas-archive.org/md5/0ee0bd8a764a5c8baec00fe1ba24c8cf,query,search_query_substring,,,Daitche Variablen
0f4a97539c7fedd55a901e0235fa36ba,University of California Press [RETAIL],"contrast, often contest the trafficking label and object to the moral and disciplinary processes that ensnare them in a pernicious global web of anti-trafficking rescue. in this novel study, elena shih argues that these anti-trafficking rescue and rehabilitation projects profit off persistent labor abuse of women workers and imagined but savvily marketed narratives of redemption, thereby propagating a transnational moral economy of low-wage women's work that obfuscates relations of race, gender, national power, and inequality.read more…english [en] · pdf · 2.8mb · 2023 · 📘 book (non-fiction) · 🚀/lgli/lgrs/nexusstc/upload/zlib    ·save·141·1base score: 11065.0, final score: 22.874878",Understanding Centers Human Design,https://annas-archive.org/md5/0f4a97539c7fedd55a901e0235fa36ba,query,search_query_substring,,,Understanding Centers Human Design
0f50bbf5c4e12cf0ab42a5bb244fbef1,Matrix Methods for Optical Layout,Preface,Triple Design Matrix DreamRave,https://annas-archive.org/md5/0f50bbf5c4e12cf0ab42a5bb244fbef1,query,search_query_substring,,,Triple Design Matrix DreamRave
0f54e6ee13899b95190794028cd81a07,newsarch_ebooks_2025_10,,64keys Human Design|Beyond Human Design|Chetan Parkyn Human Design|Chiron Ephemeris Human Design|Daitche Human Design|Emma Dunwoody Human Design|Quantum Human Design|Richard Rudd Human Design|Robin Winn Human Design|Steve Rhodes Human Design|Understanding Human Design|Zen Human Design Ephemeris|Zeno Dickson Human Design,https://annas-archive.org/md5/0f54e6ee13899b95190794028cd81a07,work,work_overlap:0.75,auth_robin_winn,Understanding the Centers in Human Design,
0f6000a382df606300cf32dada9889a1,Understanding the Planets in our Design,Understanding the Planets in our Design -  A COURSE IN PLANETARY IMPRINTING,Gene Keys Richard Rudd|Human Design System Ra|Prophecy Ra Uru Hu Rhodes|Ra Uru Hu|Ra Uru Hu Generator Book|Ra Uru Hu Line Resonance|Ra Uru Hu Rave BodyGraph Circuitry|Ra Uru Hu Rave I'Ching Line Companion|Ra Uru Hu The Complete Rave I'Ching|Ra Uru Hu The Nine Centres and their Gates|Ra Uru Hu The Rave I'Ching|Richard Rudd|Richard Rudd Human Design|Richard Rudd Human Design: The Revelation|Robin Winn Understanding the Centers in Human Design,https://annas-archive.org/md5/0f6000a382df606300cf32dada9889a1,work,work_overlap:1.00,auth_ra_uru_hu,The Rave I'Ching,
0f614adf6f20c11162fbe5cedcddd79a,Making Architecture Through Being Human: A Handbook of Design Ideas,ourselves. Our engagement in our environment has shaped the way we think which we,64keys Human Design|Beyond Human Design|Chetan Parkyn Human Design|Chiron Ephemeris Human Design|Daitche Human Design|Emma Dunwoody Human Design|Quantum Human Design|Richard Rudd Human Design|Robin Winn Human Design|Robin Winn Understanding Your Clients Through Human Design|Steve Rhodes Human Design|Understanding Human Design|Zen Human Design Ephemeris|Zeno Dickson Human Design,https://annas-archive.org/md5/0f614adf6f20c11162fbe5cedcddd79a,work,work_overlap:1.00,auth_robin_winn,Understanding Your Clients Through Human Design,
0fa06c7ada472d30c1c33215a2bc3f2e,"The Book of Lines: A 21st Century View of the IChing, the Chinese Book of Changes (Discover the Person You Were Born To Be)","chetan parkyn [parkyn, chetan] (z-lib.org)-compressed.pdfthe book of lines: a 21st century view of the iching, the chinese book of changes (discover the person you were born to be)chetan parkynhuman design for us all, 2, 2012in 1967, the first i'ching book, the book of changes, was published in english. the book of changes detailed the 64 hexagrams from the chinese i'ching in great detail, giving the western world powerful insights into the archetype of humanity",Book of Destinies Parkyn|Book of Lines Parkyn|Chetan Parkyn|Chetan Parkyn Human Design|Chetan Parkyn Human Design: Discover the Person You Were Born to Be|Chetan Parkyn The Book of Destinies: Discover the Life You Were Born to Live,https://annas-archive.org/md5/0fa06c7ada472d30c1c33215a2bc3f2e,work,work_overlap:1.00,auth_chetan_parkyn,Human Design: Discover the Person You Were Born to Be,
0fb587bb994646f60c209e89541180ab,Zoé et Théo au cirque,Zoé et Théo au cirque,Jenna Zoë,https://annas-archive.org/md5/0fb587bb994646f60c209e89541180ab,author,surname:Jenna,auth_jenna_zoe,,
10f017ff399931cff12c1bc0e6034a2f,"Weinberg, Steven, 1933-","a nobel prize-winning physicist explains to general readers what happened when the universe began, and how we know., issue: 1, edition: 2 updated, includes bibliographical references (p. 192-195) and indexread more…english [en] · pdf · 1.8mb · 1993 · 📘 book (non-fiction) · zlib    ·save·2base score: 11060.0, final score: 17.046806",Rave Cosmology,https://annas-archive.org/md5/10f017ff399931cff12c1bc0e6034a2f,query,search_query_substring,,,Rave Cosmology
110f1a5f1320a4ea80c6682cd63076db,PBooks Collection 2023,,Jovian Archive,https://annas-archive.org/md5/110f1a5f1320a4ea80c6682cd63076db,query,search_query_substring,,,Jovian Archive
1111926c799621f5c5199f0ca8cc69cd,Decorate,Decorate - 1,Living Your Design Bunnell,https://annas-archive.org/md5/1111926c799621f5c5199f0ca8cc69cd,query,search_query_substring,,,Living Your Design Bunnell
1112424a0bedebaad109469984949c27,The Freedom of Birds,Stephanie Parkyn.epub,Chetan Parkyn,https://annas-archive.org/md5/1112424a0bedebaad109469984949c27,query,search_query_substring,,,Chetan Parkyn
112b2d410c2191be613218994c3f12a7,Hawker Hurricane (Photographic Reference Manual),,LYD manual IHDS,https://annas-archive.org/md5/112b2d410c2191be613218994c3f12a7,query,search_query_substring,,,LYD manual IHDS
118f69f0c24f3aefc74fa0e1edcefb27,Things Revealed: Studies in Early Jewish and Christian Literature in Honor of Michael E. Stone (Supplements to the Journal for the Study of Judaism).,,Human Design Revealed Dickson,https://annas-archive.org/md5/118f69f0c24f3aefc74fa0e1edcefb27,query,search_query_substring,,,Human Design Revealed Dickson
1191509f197ad4f097432837c4222545,MEMEography: Understanding Users Through Internet Memes,,Robin Winn Understanding Your Clients Through Human Design,https://annas-archive.org/md5/1191509f197ad4f097432837c4222545,work,work_overlap:1.00,auth_robin_winn,Understanding Your Clients Through Human Design,
11f266826c75ea8a6c6d49c51bfea6de,The Magical Cupboard,[Rosemary 02] - The Magical Cupboard,Karen Curry Parker,https://annas-archive.org/md5/11f266826c75ea8a6c6d49c51bfea6de,work,work_overlap:0.75,auth_karen_curry_parker,Abundance by Design,
1228e48f72bfccf044b2392d031d3d13,scihub/10.1016/b978-0-444-64046-8.00181-6.pdf,,Richard Rudd,https://annas-archive.org/md5/1228e48f72bfccf044b2392d031d3d13,work,work_overlap:0.67,auth_richard_rudd,Human Design: The Revelation,
1232f08d74382972aebb8fcf7110f3ea,Design Advances in Aerospace Robotics: Proceedings of TORVEASTRO 2023,,Science of Differentiation Human Design,https://annas-archive.org/md5/1232f08d74382972aebb8fcf7110f3ea,query,search_query_substring,,,Science of Differentiation Human Design
1234b1ba7355a6287a04bf3734b45ef5,Astrophysics & Cosmology,J. Garcia Bellido.pdf,Rave Cosmology,https://annas-archive.org/md5/1234b1ba7355a6287a04bf3734b45ef5,query,search_query_substring,,,Rave Cosmology
1282303776e5d1217a01d4e7bd890ae4,"Animals, Anthropomorphism and Mediated Encounters (Routledge Human-Animal Studies Series)",Animals,Erin Claire Jones Human Design,https://annas-archive.org/md5/1282303776e5d1217a01d4e7bd890ae4,query,search_query_substring,,,Erin Claire Jones Human Design
12984f94b18b963971500b2dab8ce2ce,"Digit ratio: a pointer to fertility, behavior, and health","robert trivers.)john t. manningrutgers university press, human evolution, first edition, 2002could the length of your fingers indicate a predisposition to breast  cancer? or musical genius? or homosexuality? in digit ratio, john t.  manning posits that relative lengths of the second and fourth digits in  humans (2d:4d ratio) does provide such a window into hormone- and  sex-related traits.it has been known for more than a century that  men and women tend to differ in the relative lengths of their index  (2d) and ring (4d) fingers, which upon casual observation seem fairly  symmetrical. men on average have fourth digits longer than their second  digits, while women typically have the opposite. digit ratios are unique  in that they are fixed before birth, while other sexually dimorphic  variables are fixed after puberty, and the same genes that control for  finger length also control the development of the sex organs. the 2d:4d  ratio is the only prenatal sexually dimorphic trait that measurably  explains conditions linking testosterone, estrogen, and human  development; the study of the ratio broadens our view of human ability,  talent, behavior, disposition, health, and fertility. in this book,  manning presents evidence for how 2d:4d correlates with traits ranging  from sperm counts, family size, musical genius, and sporting prowess, to  autism, depression, homosexuality, heart attacks, and breast cancer,  traits that are all linked with early exposure to sex hormones.read more…english [en] · pdf · 0.8mb · 2002 · 📘 book (non-fiction) · 🚀/lgli/lgrs/nexusstc/zlib    ·save·20·2base score: 11060.0, final score: 23.397032",Science of Differentiation Human Design,https://annas-archive.org/md5/12984f94b18b963971500b2dab8ce2ce,query,search_query_substring,,,Science of Differentiation Human Design
129faf4b5f2840057ba466e58b1ec83a,How to Read Human Nature,,Steve Rhodes Human Design: How to Read a Graph,https://annas-archive.org/md5/129faf4b5f2840057ba466e58b1ec83a,work,work_overlap:1.00,auth_steve_rhodes,Human Design: How to Read a Graph,
12ac0c8306681d33fbb0b35483b7a210,Bewegt Altern: Professionelle Strategien für ein gesundes und aktives Älterwerden (German Edition),,Peter Schöber,https://annas-archive.org/md5/12ac0c8306681d33fbb0b35483b7a210,query,search_query_substring,,,Peter Schöber
12dd703f10edbac2fa7d95596529f982,I was a spy! : the classic account of behind-the -lines espionage in the First World War,I Was a Spy!- The Classic Account of Behind-the-Lines Espionage in the First World War,Book of Lines Parkyn,https://annas-archive.org/md5/12dd703f10edbac2fa7d95596529f982,query,search_query_substring,,,Book of Lines Parkyn
12e7221bac6b13c5d264632a6ac1ebf9,Green Schools:  Attributes for Health and Learning,,Human Design Health Haspel,https://annas-archive.org/md5/12e7221bac6b13c5d264632a6ac1ebf9,query,search_query_substring,,,Human Design Health Haspel
13340b78fee05a940f8d45eef86ba293,The Controller Design Method of Grid-connected Inverter Based on Reduced order Jacobian Matrix,,Triple Design Matrix DreamRave,https://annas-archive.org/md5/13340b78fee05a940f8d45eef86ba293,query,search_query_substring,,,Triple Design Matrix DreamRave
133e6dd7e666829293cffa7623065c4e,Visual Ergonomics for Communication Design: A Layperson's Approach,"augmenting it with ergonomic principles. it will appeal to students and professionals studying and working in the fields of computer science, human-computer interaction, design engineering, mechanical engineering, information technology, communications engineering, and human factors engineering.read more…english [en] · pdf · 50.9mb · 2022 · 📘 book (non-fiction) · 🚀/lgli/lgrs/nexusstc/zlib    ·save·66·2base score: 11065.0, final score: 22.762321",64keys Human Design,https://annas-archive.org/md5/133e6dd7e666829293cffa7623065c4e,query,search_query_substring,,,64keys Human Design
13423e1a9be64951d1a69091b96ed4e6,Political Front Lines: China's Pursuit of Influence in Africa,,Book of Lines Parkyn,https://annas-archive.org/md5/13423e1a9be64951d1a69091b96ed4e6,query,search_query_substring,,,Book of Lines Parkyn
1374827cf6a31a985addc3319d0b3290,newsarch_ebooks_2025_10,,Eleanor Haspel-Portner,https://annas-archive.org/md5/1374827cf6a31a985addc3319d0b3290,query,search_query_substring,,,Eleanor Haspel-Portner
13a5fb1e98bc955f67d6872d3dd742ab,Should You Choose to Live Forever? : A Debate,,How Do You Choose Human Design,https://annas-archive.org/md5/13a5fb1e98bc955f67d6872d3dd742ab,query,search_query_substring,,,How Do You Choose Human Design
13d9928d1e6b9c2137cf1e7d3ab42ec6,"Empowered: Ordinary People, Extraordinary Products",,Erin Claire Jones Human Design,https://annas-archive.org/md5/13d9928d1e6b9c2137cf1e7d3ab42ec6,query,search_query_substring,,,Erin Claire Jones Human Design
141dd923e8e3867f72f67495fd0b8fc0,"2: Die Kriegskunst im Lichte der Vernunft.: Militär und Aufklärung im 18. Jahrhundert, Teil I",,Uljana Daitche Variablen im Human Design: Teil 1 — Die Pfeile,https://annas-archive.org/md5/141dd923e8e3867f72f67495fd0b8fc0,work,work_overlap:1.00,auth_uljana_daitche,Variablen im Human Design: Teil 1 — Die Pfeile,
141f5c0bcb392dc1edbe59d21d52ae69,Die Entwicklung des Globus Pallidus und des Corpus Subthalamicum: Die Abstammung beider Zentren aus dem Zwischenhirn,,Peter Schoeber Das Human Design System – Die Zentren,https://annas-archive.org/md5/141f5c0bcb392dc1edbe59d21d52ae69,work,work_overlap:1.00,auth_peter_schoeber,Das Human Design System – Die Zentren,
1424b0dabe4e380c9cfb0f9411e9ada8,"How to Read People Like a Book: Find Out What People Really Think, Even When They Lie",the first person who passes,Steve Rhodes Human Design: How to Read a Graph,https://annas-archive.org/md5/1424b0dabe4e380c9cfb0f9411e9ada8,work,work_overlap:1.00,auth_steve_rhodes,Human Design: How to Read a Graph,
14858c9c004fc395cf73c6afc5549903,9781631592621_A_Designers_Research_Manual_8f86.pdf,"knowing your clients and understanding what they really need, 2nd editionjenn visocky o'grady and ken visocky o'gradyrockport publishers inc, 2. edition, beverly, massachusetts, 2017**good information gives designers a competitive advantage.**understanding the wishes of a client and the needs and preferences of their audience drives innovation. the ability to gather research, analyze findings, and apply them to project goals is as important to successful design teams as their conceptual and aesthetic skills. this essential handbook will help readers understand what design research is and why it is necessary, outline proven techniques and methods, and explain how to incorporate them into any creative process.__a designer’s research manual__ was one of the first books to apply research practices to the benefit of visual communication designers. this long awaited second edition follows more than a decade of active use",Living Your Design Student Manual|Lynda Bunnell Living Your Design Student Manual|Robin Winn Understanding Your Clients Through Human Design|Understanding Clients Human Design,https://annas-archive.org/md5/14858c9c004fc395cf73c6afc5549903,work,work_overlap:1.00,auth_lynda_bunnell,Living Your Design Student Manual,
14fda3cef68ecf91d2dc41d584a99a38,You were born rich : now you can discover and develop those riches,You Were Born Rich,Chetan Parkyn Human Design: Discover the Person You Were Born to Be|Chetan Parkyn The Book of Destinies: Discover the Life You Were Born to Live,https://annas-archive.org/md5/14fda3cef68ecf91d2dc41d584a99a38,work,work_overlap:1.00,auth_chetan_parkyn,Human Design: Discover the Person You Were Born to Be,
153e23c73a191eec1963b7e9fb085f86,PBooks Collection 2023,,Jovian Archive,https://annas-archive.org/md5/153e23c73a191eec1963b7e9fb085f86,query,search_query_substring,,,Jovian Archive
155a79e686f19cc9af95ecd35ec693bf,"Die Gemeindebetriebe der Stadt Freiburg im Breisgau: Gemeindebetriebe – Neuere Versuche und Erfahrungen über die Ausdehnung der kommunalen Tätigkeit in Deutschland und im Ausland. II. Band, 5. Teil. I",,Uljana Daitche Variablen im Human Design: Teil 1 — Die Pfeile,https://annas-archive.org/md5/155a79e686f19cc9af95ecd35ec693bf,work,work_overlap:1.00,auth_uljana_daitche,Variablen im Human Design: Teil 1 — Die Pfeile,
1562795e3ff574026115eb45f9499090,Adobe Premiere Pro 2.0 Revealed (Revealed Series),Компьютерная литература\5 графические\Chris Botello,Human Design Revealed Dickson,https://annas-archive.org/md5/1562795e3ff574026115eb45f9499090,query,search_query_substring,,,Human Design Revealed Dickson
1627ea33e4e1b4ecfc3ac08a47c01c1a,System 80+ Standard [nucl. powerplnt] Design,Vol 13,Human Design Revolutionary System|Human Design System Centres Schoeber,https://annas-archive.org/md5/1627ea33e4e1b4ecfc3ac08a47c01c1a,work,work_overlap:0.67,auth_peter_schoeber,Human Design System – The Centres,
168d1ebdbf9b74e178a11a5650257412,Ausgewählte Gedichte Herausgegeben und mit einem Nachwort versehen von Uljana Wolf,Ausgewaehlte Gedichte.epub,Uljana Daitche,https://annas-archive.org/md5/168d1ebdbf9b74e178a11a5650257412,work,work_overlap:0.67,auth_uljana_daitche,Human Design - Beziehungen,
168fe1123a65de6b23945db0dab36916,Unclassified_**Varied Books,Literary - Novels - Poetry - Religious - Jurisprudence - Hadith - Dictionaries**/LIFEBookazines.pdf,Book of Lines Parkyn,https://annas-archive.org/md5/168fe1123a65de6b23945db0dab36916,query,search_query_substring,,,Book of Lines Parkyn
16b1671dca5eefe23ef2d21faf6c451e,Platform Embedded Security Technology Revealed: Safeguarding the Future of Computing With Intel Embedded Security and Management Engine,Platform Embedded Security Technology Revealed: Safeguarding the Future of Computing With Intel Embedded Security and Management Engine.pdf,Human Design Revealed Dickson,https://annas-archive.org/md5/16b1671dca5eefe23ef2d21faf6c451e,query,search_query_substring,,,Human Design Revealed Dickson
16bfa2abfe2e66297470ad125cbf8aa5,Human Factors for Ergonomic ITs: Research Notes for Exploration of Human Experience and System Design Impact,,64keys Human Design|Beyond Human Design|Chetan Parkyn Human Design|Chiron Ephemeris Human Design|Daitche Human Design|Emma Dunwoody Human Design|Jenna Zoe Human Design|Karen Curry Human Design|Peter Schoeber Das Human Design System – Die Zentren|Quantum Human Design|Richard Rudd Human Design|Robin Winn Human Design|Science of Differentiation Human Design|Steve Rhodes Human Design|Understanding Centers Human Design|Understanding Clients Human Design|Understanding Human Design|Zen Human Design Ephemeris|Zeno Dickson Human Design,https://annas-archive.org/md5/16bfa2abfe2e66297470ad125cbf8aa5,work,work_overlap:1.00,auth_peter_schoeber,Das Human Design System – Die Zentren,
16cebdf59c2d4fc3629f8914b5d8ff8e,Carl Sagan,Cosmos,Rave Cosmology,https://annas-archive.org/md5/16cebdf59c2d4fc3629f8914b5d8ff8e,query,search_query_substring,,,Rave Cosmology
16ebb78db13fdaa92b2a35faabdce727,Unraveling Your Relationship with Money: Discover (and Ditch) Your Money Trauma So You Can Live an Abundant Life_115950623.pdf,,Chetan Parkyn The Book of Destinies: Discover the Life You Were Born to Live,https://annas-archive.org/md5/16ebb78db13fdaa92b2a35faabdce727,work,work_overlap:1.00,auth_chetan_parkyn,The Book of Destinies: Discover the Life You Were Born to Live,
172af74f0e4fd30940b0cafe97f22b28,"Parkyn, Alfred Charles, 1863-1950, David, Joy",,Chetan Parkyn,https://annas-archive.org/md5/172af74f0e4fd30940b0cafe97f22b28,query,search_query_substring,,,Chetan Parkyn
17309759fd1809734b2059e6bc3f7c95,Mein gesunder Hund. Das große Hunde Buch,Mein gesunder Hund. Das große Hunde Buch - Gesunde Ernährung und die Kraft der Natur für einen gesunden Hund,Uljana Daitche Die 384 Linien der 64 Tore: das große Human Design Handbuch,https://annas-archive.org/md5/17309759fd1809734b2059e6bc3f7c95,work,work_overlap:1.00,auth_uljana_daitche,Die 384 Linien der 64 Tore: das große Human Design Handbuch,
1746b6faa1a5d91d884a3304e3154cc7,"The ephemeris of the moon, 1800 to 2000 inclusive, computed for Greenwich noon; a supplement to The 200 year ephemeris_120594033.pdf",,Chaitanyo Ephemeris,https://annas-archive.org/md5/1746b6faa1a5d91d884a3304e3154cc7,query,search_query_substring,,,Chaitanyo Ephemeris
175424a61f3b855d53af7df6c96f4772,Secrets of Trading Revealed: Learn to Trade with Smart Money,Secrets of Trading Revealed: Learn to Trade with Smart Money,Human Design Revealed Dickson,https://annas-archive.org/md5/175424a61f3b855d53af7df6c96f4772,query,search_query_substring,,,Human Design Revealed Dickson
17968163da8f00a4d47f7ff7523a63fa,PBooks Collection 2023,,Jovian Archive,https://annas-archive.org/md5/17968163da8f00a4d47f7ff7523a63fa,query,search_query_substring,,,Jovian Archive
179c6166d697b76d3b0d8573b3703076,Human-Computer Interaction,The Design of User-Friendly,"64keys Human Design|Beyond Human Design|Chetan Parkyn Human Design|Chiron Ephemeris Human Design|Daitche Human Design|Emma Dunwoody Human Design|Jenna Zoe Human Design|Karen Curry Human Design|Lynda Bunnell Human Design: The Definitive Book of Human Design, The Science of Differentiation|Quantum Human Design|Richard Rudd Human Design|Richard Rudd Human Design: The Revelation|Robin Winn Human Design|Science of Differentiation Human Design|Steve Rhodes Human Design|Understanding Clients Human Design|Understanding Human Design|Zen Human Design Ephemeris|Zeno Dickson Human Design",https://annas-archive.org/md5/179c6166d697b76d3b0d8573b3703076,work,work_overlap:1.00,auth_lynda_bunnell,"Human Design: The Definitive Book of Human Design, The Science of Differentiation",
17bfbebbc481a24d5b30d3db271b30e2,Intermediate English Conversation: Student Manual,,Living Your Design Student Manual,https://annas-archive.org/md5/17bfbebbc481a24d5b30d3db271b30e2,work,work_overlap:1.00,auth_lynda_bunnell,Living Your Design Student Manual,
17d45e3caabab6e4a2c8b0d6bcca5ae6,newsarch_ebooks_2025_10,"most estimates, the paranoia that has characterized the period has not gone away. indeed, it is as if-as oâdonnell suggests-this paranoia has been internalized, scattered, and reiterated at a multitude of sites: oklahoma city, waco, ruby ridge, bosnia, the white house, the united nations, and numerous other places.<br>oâdonnell argues that paranoia on the broadly cultural level is essentially a narrative process in which history and postmodern identity are negotiated simultaneously. the result is an erasure of historical temporality-the past and future become the all-consuming, self-aware present. to explain and exemplify this, oâdonnell looks at such books and films as <i>libra, jfk, the crying of lot 49, the truman show, reservoir dogs, empire of the senseless, oswaldâs tale, the executionerâs song, underworld, the killer inside me,</i> and <i>groundhog day.</i> organized around the topics of nationalism, gender, criminality, and construction of history, <i>latent destinies</i> establishes cultural paranoia as consonant with our contradictory need for multiplicity and certainty, for openness and secrecy, and for mobility and historical stability.<br>demonstrating how imaginative works of novels and films can be used to understand the postmodern historical condition, this book will interest students and scholars of american literature and cultural studies, postmodern theory, and film studies.</p>read more…english [en] · pdf · 9.8mb · 2000 · 📘 book (non-fiction) · 🚀/lgli/lgrs/nexusstc/upload/zlib    ·save·6·2base score: 11065.0, final score: 17.217636",Book of Destinies Parkyn,https://annas-archive.org/md5/17d45e3caabab6e4a2c8b0d6bcca5ae6,query,search_query_substring,,,Book of Destinies Parkyn
17e06e8df73a5ac61c23b6acbbb8388e,Algorithms and Methods in Structural Bioinformatics,,Eleanor Haspel-Portner,https://annas-archive.org/md5/17e06e8df73a5ac61c23b6acbbb8388e,query,search_query_substring,,,Eleanor Haspel-Portner
17f0524009e01929f0ba2435836f65ba,scihub/10.1145/3421937.3422025.pdf,,Understanding Human Design,https://annas-archive.org/md5/17f0524009e01929f0ba2435836f65ba,query,search_query_substring,,,Understanding Human Design
17f3a20ab713678a632bb332479dc260,New Vision 2050: A Platinum Society (Science for Sustainable Societies),,Understanding Human Design,https://annas-archive.org/md5/17f3a20ab713678a632bb332479dc260,query,search_query_substring,,,Understanding Human Design
18158d94ae706248fffca3c7ec88e1e6,Reality Unveiled: The Hidden Keys of Existence That Will Transform Your Life (and the World),,Richard Rudd The Gene Keys: Embracing Your Higher Purpose,https://annas-archive.org/md5/18158d94ae706248fffca3c7ec88e1e6,work,work_overlap:1.00,auth_richard_rudd,The Gene Keys: Embracing Your Higher Purpose,
188c118435cd3739e497764f3c82eb46,Curry House Cookery by Bruce Edwards.pdf,bruce edwards.pdfcurry house cookeryjune2007front 1,Karen Curry Parker,https://annas-archive.org/md5/188c118435cd3739e497764f3c82eb46,work,work_overlap:0.75,auth_karen_curry_parker,Abundance by Design,
189b83a6ae171254091cbeb4a4cfa26a,PBooks Collection 2023,,Jovian Archive,https://annas-archive.org/md5/189b83a6ae171254091cbeb4a4cfa26a,query,search_query_substring,,,Jovian Archive
18ab8334ed43915db2034102cd7e4827,System 80+ Standard [nucl. powerplnt] Design,Vol 04,Human Design Revolutionary System|Human Design System Centres Schoeber,https://annas-archive.org/md5/18ab8334ed43915db2034102cd7e4827,work,work_overlap:0.67,auth_peter_schoeber,Human Design System – The Centres,
195dc5132e9c2aec62e6483d0e5c5423,"Semantics: Foundations, History and Methods","a team of world-class experts, this book introduces the subject for a broad audience of linguists, cognitive scientists, philosophers, and computer scientists. it explores the core concepts of sentential semantics and includes sections on questions, imperatives, copular clauses, and existential sentences. it also features essential research on sentence types, and explains central concepts in the theory of information structure and discourse structure. now in paperback for the first time since its original publication, the material in this modern classic is an ideal resource for anyone involved in semantics research. </p>read more…english [en] · pdf · 1.5mb · 2019 · 📘 book (non-fiction) · 🚀/lgli/lgrs/nexusstc/zlib    ·save·77·4base score: 11065.0, final score: 19.332794",Eleanor Haspel-Portner,https://annas-archive.org/md5/195dc5132e9c2aec62e6483d0e5c5423,query,search_query_substring,,,Eleanor Haspel-Portner
1986728dbdb27a9969eaab9cf2e3350c,extracted__349225263X_Für.zip,,Peter Schoeber Das Human Design System – Die Zentren,https://annas-archive.org/md5/1986728dbdb27a9969eaab9cf2e3350c,work,work_overlap:1.00,auth_peter_schoeber,Das Human Design System – Die Zentren,
19e064954cf3a1d83afff912a60540fb,1,More Books on Plant Science/Forest,"Lynda Bunnell Human Design: The Definitive Book of Human Design, The Science of Differentiation|Science of Differentiation Human Design",https://annas-archive.org/md5/19e064954cf3a1d83afff912a60540fb,work,work_overlap:1.00,auth_lynda_bunnell,"Human Design: The Definitive Book of Human Design, The Science of Differentiation",
1a0b04a85d33ba23673bf7fc3b0231f0,New York University Press [RETAIL],"linking westward expansion to slavery and the civil war. in so doing, laura e gómez demonstrates how white supremacy structured a racial hierarchy in which mexican americans were situated relative to native americans and african americans alike. steeped in conversations and debates surrounding the social construction of race, this book reveals how certain groups become racialized, and how racial categories can not only change instantly, but also the ways in which they change over time.",Book of Destinies Parkyn,https://annas-archive.org/md5/1a0b04a85d33ba23673bf7fc3b0231f0,query,search_query_substring,,,Book of Destinies Parkyn
1a2cfdb8ff57c34ef4e0994948bfcc85,Black & Decker carpentry made simple : 23 stylish projects : learn as you build,,Human Design Made Simple Dunwoody,https://annas-archive.org/md5/1a2cfdb8ff57c34ef4e0994948bfcc85,work,work_overlap:1.00,auth_ra_uru_hu,The Human Design System (Black Book),
1a38dedb6b0e52b4ba11c81021f1b5da,Ephemeris: The Coveter,Caitlin Rattan.epub,Chaitanyo Ephemeris,https://annas-archive.org/md5/1a38dedb6b0e52b4ba11c81021f1b5da,query,search_query_substring,,,Chaitanyo Ephemeris
1a3cb02b0b4d55331086bf8e5093ee93,scihub/10.1109/edaps50281.2020.9312904.pdf,,Triple Design Matrix DreamRave,https://annas-archive.org/md5/1a3cb02b0b4d55331086bf8e5093ee93,query,search_query_substring,,,Triple Design Matrix DreamRave
1a442cc4e4a5f856c3be280e20b698b1,Project Management Made Simple: A Guide to Successful Management of Computer Systems Projects (Yourdon Press Computing Series),"itself as a basic tutor for managing a software project.  my personal copy is a paperback edition, and at the price i paid i thought it was a pretty reasonable deal.read more…english [en] · pdf · 1.2mb · 1991 · 📘 book (non-fiction) · 🚀/lgli/lgrs/nexusstc/zlib    ·save·16·2base score: 11065.0, final score: 29.835476",Human Design Made Simple Dunwoody,https://annas-archive.org/md5/1a442cc4e4a5f856c3be280e20b698b1,query,search_query_substring,,,Human Design Made Simple Dunwoody
1a46cf4bf0ba9b62dd77c79ad1d138bf,"Das grosse PIC-Mikro Handbuch, 2. Auflage",,Uljana Daitche Die 384 Linien der 64 Tore: das große Human Design Handbuch,https://annas-archive.org/md5/1a46cf4bf0ba9b62dd77c79ad1d138bf,work,work_overlap:1.00,auth_uljana_daitche,Die 384 Linien der 64 Tore: das große Human Design Handbuch,
1a4c6f01eb1f934372d7ba937f2a2378,Masonic Secrets Revealed: An Expose of Freemasonry,,Human Design Revealed Dickson,https://annas-archive.org/md5/1a4c6f01eb1f934372d7ba937f2a2378,query,search_query_substring,,,Human Design Revealed Dickson
1a5c784cfc9a809a56dbe67eccca4b8c,Pivoting Your Instruction: A Guide to Comprehensive Instructional Design for Faculty,,Living Your Design Student Manual|Lynda Bunnell Living Your Design Student Manual,https://annas-archive.org/md5/1a5c784cfc9a809a56dbe67eccca4b8c,work,work_overlap:1.00,auth_lynda_bunnell,Living Your Design Student Manual,
1a792f500ceb349d29aebd68c273e1de,Mansions of the Moon: A Lunar Zodiac for Astrology and Magic 2nd Edition with 2019-2033 Mansion Ephemeris,Mansions of the Moon: A Lunar Zodiac for Astrology and Magic 2nd Edition with 2019-2033 Mansion Ephemeris,Chaitanyo Ephemeris,https://annas-archive.org/md5/1a792f500ceb349d29aebd68c273e1de,query,search_query_substring,,,Chaitanyo Ephemeris
1abfb43ea2690a9003205ea1d524bc1b,Design for Health : Proceedings of the UIA World Congress of Architects Copenhagen 2023,Design for Health: Proceedings of the UIA World Congress of Architects Copenhagen 2023,Human Design Health Haspel,https://annas-archive.org/md5/1abfb43ea2690a9003205ea1d524bc1b,query,search_query_substring,,,Human Design Health Haspel
1b588800e3bc4b14274040527391445b,How to Pass the Police Selection System: Practice for the Psychometric Tests and Succeed at the Assessment Centres,,Human Design System Centres Schoeber,https://annas-archive.org/md5/1b588800e3bc4b14274040527391445b,work,work_overlap:0.67,auth_peter_schoeber,Human Design System – The Centres,
1b8682387984268403b503aab28a1298,Anatomy and Physiology,Understanding Human Anatomy and Physiology 5th Ed.pdf,Karen Curry Parker Understanding Human Design: The New Science of Astrology,https://annas-archive.org/md5/1b8682387984268403b503aab28a1298,work,work_overlap:1.00,auth_karen_curry_parker,Understanding Human Design: The New Science of Astrology,
1bb33cbfdeac487fc59bf4a805372095,"Parkyn, Neil, 1943-; Dekker, Jeannet",,Chetan Parkyn,https://annas-archive.org/md5/1bb33cbfdeac487fc59bf4a805372095,query,search_query_substring,,,Chetan Parkyn
1c0fec7c2cad7987831381a8bc07dc00,Human-System Integration in the System Development Process : A New Look,,Peter Schoeber Das Human Design System – Die Zentren,https://annas-archive.org/md5/1c0fec7c2cad7987831381a8bc07dc00,work,work_overlap:1.00,auth_peter_schoeber,Das Human Design System – Die Zentren,
1c158b695afee725b71bd0d2f9dce829,PBooks Collection 2023,Γ. Βιολάκη 1,Jovian Archive,https://annas-archive.org/md5/1c158b695afee725b71bd0d2f9dce829,query,search_query_substring,,,Jovian Archive
1c241715d8eafe357b9145c3270a9a64,Geschwängert vom Vater meines Freundes,Geschwängert vom Vater meines Freundes - Hemmungslose Jungfrauen: Erotischer Sammelband,Gene Keys Richard Rudd|Richard Rudd,https://annas-archive.org/md5/1c241715d8eafe357b9145c3270a9a64,work,work_overlap:0.67,auth_richard_rudd,Human Design: The Revelation,
1c5a97955658c63c05ca5532e6ee7f29,"Japanese Cooking Made Simple: A Japanese Cookbook with Authentic Recipes for Ramen, Bento, Sushi & More",Japanese Cooking Made Simple: A Japanese Cookbook with Authentic Recipes for Ramen,Human Design Made Simple Dunwoody,https://annas-archive.org/md5/1c5a97955658c63c05ca5532e6ee7f29,query,search_query_substring,,,Human Design Made Simple Dunwoody
1c7f468175fd9f17dfe8d63bd09300f5,The Historic Centres of Stralsund and Wismar: World Heritage Nomination,"the federal republic of germany, december 2000, prepared",Human Design System Centres Schoeber,https://annas-archive.org/md5/1c7f468175fd9f17dfe8d63bd09300f5,work,work_overlap:0.67,auth_peter_schoeber,Human Design System – The Centres,
1c85a31326d61f7c63b00946f55eafe2,System 80+ Standard [nucl. powerplnt] Design,Piping Benchmark Probs,Human Design Revolutionary System,https://annas-archive.org/md5/1c85a31326d61f7c63b00946f55eafe2,query,search_query_substring,,,Human Design Revolutionary System
1ca4daf2d1dc756a278f8245d4b245ca,Einsteins Traum : Expeditionen an die Grenzen der Raumzeit_120618660.pdf,,Rave Cosmology,https://annas-archive.org/md5/1ca4daf2d1dc756a278f8245d4b245ca,query,search_query_substring,,,Rave Cosmology
1cbd38cf1c454502b00e09b69d8c6f1b,Die Deutsche Universitatsphilosophie in Der Weimarer Republik Und Im Dritten Reich,,Uljana Daitche Variablen im Human Design: Teil 1 — Die Pfeile,https://annas-archive.org/md5/1cbd38cf1c454502b00e09b69d8c6f1b,work,work_overlap:1.00,auth_uljana_daitche,Variablen im Human Design: Teil 1 — Die Pfeile,
1cc24da3ca6d6a049f38d1753d82eac2,1,More Books on Darwin's Doubt/Parkyn - Human Design; Discover the Person You Were Born to Be,Chetan Parkyn,https://annas-archive.org/md5/1cc24da3ca6d6a049f38d1753d82eac2,work,work_overlap:1.00,auth_chetan_parkyn,Human Design: Discover the Person You Were Born to Be,
1cd3e16b02823c22816d1895152ca401,Unclassified_**Varied Books,Literary - Novels - Poetry - Religious - Jurisprudence - Hadith - Dictionaries**/Adobe-Illustrator-CS5-Revealed.pdf,Human Design Revealed Dickson,https://annas-archive.org/md5/1cd3e16b02823c22816d1895152ca401,query,search_query_substring,,,Human Design Revealed Dickson
1cf01b6a9a52863621a4c29a64fa75ef,Abhandlung über die Funktionen zweier Variabler (1851),,Daitche Variablen|Uljana Daitche Variablen im Human Design: Teil 1 — Die Pfeile,https://annas-archive.org/md5/1cf01b6a9a52863621a4c29a64fa75ef,work,work_overlap:1.00,auth_uljana_daitche,Variablen im Human Design: Teil 1 — Die Pfeile,
1cf81b1e56cf90ca26b51470826a34dc,newsarch_ebooks_2025_10,,Living Your Design Student Manual,https://annas-archive.org/md5/1cf81b1e56cf90ca26b51470826a34dc,work,work_overlap:1.00,auth_lynda_bunnell,Living Your Design Student Manual,
1d11a4e33ae9e3a54a9e8e9d0e7bb6fb,Das Human Design-System,Das Human Design-System: Die Zentren,Peter Schoeber Das Human Design System – Die Zentren|Peter Schöber,https://annas-archive.org/md5/1d11a4e33ae9e3a54a9e8e9d0e7bb6fb,work,work_overlap:1.00,auth_peter_schoeber,Das Human Design System – Die Zentren,
1d13b018cb9ebbf48c387bba851d8974,Mothers’ Narratives on School Design: Visions for Education,,Jenna Zoe Human Design,https://annas-archive.org/md5/1d13b018cb9ebbf48c387bba851d8974,query,search_query_substring,,,Jenna Zoe Human Design
1d3057a920f7faefd6e7cbe3cdd0fbaa,DAS XXL HEIMWERKER HANDBUCH,Die besten Do it yourself Hacks: Wie Sie jedes Problem rund um Haus & Garten kinderleicht selbst lösen und nie wieder einen ... beauftragen müssen/1d3057a920f7faefd6e7cbe3cdd0fbaa.pdf,Peter Schoeber Das Human Design System – Die Zentren|Uljana Daitche Die 384 Linien der 64 Tore: das große Human Design Handbuch,https://annas-archive.org/md5/1d3057a920f7faefd6e7cbe3cdd0fbaa,work,work_overlap:1.00,auth_uljana_daitche,Die 384 Linien der 64 Tore: das große Human Design Handbuch,
1e0b2419869307247b22a35b7c08294a,Destinies of the University,"the polygraph editorial collective, ""there are students in the university, "" is an invitation to discuss this matter, avoiding commonplaces and false evidence. 1 of course, professors are also part of the university. however, starting from the students is not a bad idea. i would immediately add the question ""where""? of course, ""there are"" students at the university, but what is their ""place""? that of the learner? of the ""recipient"" of those educational functions which, together with research, form the ""mission"" of the modern university? the evidence swarms with ambiguities.read more…english [en] · pdf · 0.3mb · 2009 · 📘 book (non-fiction) · 🚀/lgli/nexusstc/zlib    ·save·1·1❌ this file might have issues.base score: 0.01, final score: 22.535055",Book of Destinies Parkyn,https://annas-archive.org/md5/1e0b2419869307247b22a35b7c08294a,query,search_query_substring,,,Book of Destinies Parkyn
1e26e0658430808381ff2352e0e5a4f7,Affordance Theory in Game Design: A Guide Toward Understanding Players,,Karen Curry Parker Understanding Human Design: The New Science of Astrology|Robin Winn Understanding the Centers in Human Design,https://annas-archive.org/md5/1e26e0658430808381ff2352e0e5a4f7,work,work_overlap:1.00,auth_karen_curry_parker,Understanding Human Design: The New Science of Astrology,
1e90de16ca74771b687d4b362994861f,Useware-Engineering für technische Systeme,eine stark von der Industrie nachgefragte Thematik. Im zweiten Teil des Buches werden mehrere punktuelle Fragestellungen wie die Auswahl von Entwicklungstools,Peter Schoeber Das Human Design System – Die Zentren,https://annas-archive.org/md5/1e90de16ca74771b687d4b362994861f,work,work_overlap:1.00,auth_peter_schoeber,Das Human Design System – Die Zentren,
1e99ff3d088614585472dc8c7bcbfccb,scihub/10.1007/978-1-61737-960-4.pdf,,Lynda Bunnell,https://annas-archive.org/md5/1e99ff3d088614585472dc8c7bcbfccb,query,search_query_substring,,,Lynda Bunnell
1ed13a6101b965ea8ba633af18be026d,"Yoko Ono,Uljana Wolf",von Film über Musik bis hin zu Malerei - hindurch und basiert vor allem auf Handlungsinstruktionen,Uljana Daitche,https://annas-archive.org/md5/1ed13a6101b965ea8ba633af18be026d,work,work_overlap:0.67,auth_uljana_daitche,Human Design - Beziehungen,
1efbe911f031a2bc2f83625d13c821df,"Kotlin Design Patterns and Best Practices : Elevate Your Kotlin Skills with Classical and Modern Design Patterns, Coroutines, and Microservices","introducing essential kotlin syntax and the significance of design patterns, covering classic creational, structural, and behavioral patterns. it then progresses to explore functional programming, reactive, and concurrent patterns, including detailed discussions on coroutines and structured concurrency. as you navigate through these advanced concepts, you'll enhance your kotlin coding skills. the book also delves into the latest architectural trends, focusing on microservices design patterns and aiding your decision-making process when choosing between architectures.",Living Your Design Bunnell,https://annas-archive.org/md5/1efbe911f031a2bc2f83625d13c821df,query,search_query_substring,,,Living Your Design Bunnell
1f145d72cdb71052b37d791d4231c42c,We Can Do More to Save Guqin: Design and Evaluate Interactive Systems to Make Guqin More Accessible to the General Public,,How Do You Choose Human Design,https://annas-archive.org/md5/1f145d72cdb71052b37d791d4231c42c,query,search_query_substring,,,How Do You Choose Human Design
1f495f12848397d1d7919a1cce5082f8,Human Body Pocket Guide,Human Body Pocket Guide,Erin Claire Jones Human Design,https://annas-archive.org/md5/1f495f12848397d1d7919a1cce5082f8,query,search_query_substring,,,Erin Claire Jones Human Design
1f4d119bc8c7ea22a919f26a716feef7,PBooks Collection 2023,,Jovian Archive,https://annas-archive.org/md5/1f4d119bc8c7ea22a919f26a716feef7,query,search_query_substring,,,Jovian Archive
1f4fa6a79cee0f94d77cdcab8f05c5b9,System 80+ Standard [nucl. powerplnt] Design,Vol 12,Human Design Revolutionary System|Human Design System Centres Schoeber,https://annas-archive.org/md5/1f4fa6a79cee0f94d77cdcab8f05c5b9,work,work_overlap:0.67,auth_peter_schoeber,Human Design System – The Centres,
1f6e76d5fcde1d485cc522313f6f6ded,Die Rolle des PPARγ Signalweges für die Trophoblasten-Differenzierung im Verlauf normaler und pathologischer humaner Plazentogenese.,,Science of Differentiation Human Design,https://annas-archive.org/md5/1f6e76d5fcde1d485cc522313f6f6ded,query,search_query_substring,,,Science of Differentiation Human Design
1f8a4fcf29e340de6a3fdcd8a58c1772,The 5 Human Types,Elsie Benedict.pdf,Steve Rhodes Human Design: How to Read a Graph,https://annas-archive.org/md5/1f8a4fcf29e340de6a3fdcd8a58c1772,work,work_overlap:1.00,auth_steve_rhodes,Human Design: How to Read a Graph,
1fb3e0b120b3650cc7205eef688206db,Claim Your Power: A 40-Day Journey to Dissolve the Hidden Blocks That Keep You Stuck and Finally Thrive in Your Life’s Unique Purpose,Claim Your Power: A 40-Day Journey to Dissolve the Hidden Blocks That Keep You Stuck and Finally Thrive in Your Life’s Unique Purpose - PDFDrive.com,Richard Rudd The Gene Keys: Embracing Your Higher Purpose,https://annas-archive.org/md5/1fb3e0b120b3650cc7205eef688206db,work,work_overlap:1.00,auth_richard_rudd,The Gene Keys: Embracing Your Higher Purpose,
1fe0c2d43437db2b18201adfbcf06da0,Chetan Parkyn,The Book of Destinies - Discover the Life You Were Born to Live.epub,Chetan Parkyn,https://annas-archive.org/md5/1fe0c2d43437db2b18201adfbcf06da0,work,work_overlap:1.00,auth_chetan_parkyn,The Book of Destinies: Discover the Life You Were Born to Live,
20215d269860bf1c6f0a864fa40bb95d,Simple Thai Food: Thai Cooking Made Easy with These Tasty and Authentic Recipes,,Human Design Made Simple Dunwoody,https://annas-archive.org/md5/20215d269860bf1c6f0a864fa40bb95d,query,search_query_substring,,,Human Design Made Simple Dunwoody
206075a1536825f60578fd7722ed10fc,"Controlling Our Destinies: Historical, Philosophical, Ethical, and Theological Perspectives on the Human Genome Project","the hgp. contributors include john beatty, robert bud, arthur caplan, alice domurat dreger, kevin fitzgerald, jean-paul gaudillière, jean gayon, marguerite hays, lily kay, evelyn fox keller, philip kitcher, timothy lenoir, richard mccormick, ernan mcmullin, edward manier, timothy murphy, john opitz, diane paul, arthur peacocke, martin pernick, hans jörg rheinberger, kenneth schaffner, phillip r. sloan, and john staudenmaier.",Book of Destinies Parkyn,https://annas-archive.org/md5/206075a1536825f60578fd7722ed10fc,query,search_query_substring,,,Book of Destinies Parkyn
209dc62fef2fad24eb15938a5363bd5a,System 80+ Standard [nucl. powerplnt] Design,Vol 16,Human Design Revolutionary System,https://annas-archive.org/md5/209dc62fef2fad24eb15938a5363bd5a,query,search_query_substring,,,Human Design Revolutionary System
20ad6f47f1113b6f0f37606b256a5c78,Unclassified_**Varied Books,Literary - Novels - Poetry - Religious - Jurisprudence - Hadith - Dictionaries**/The-Power-of-Your-Subconscious-Mind-8freebooks.net_.pdf,Living Your Design Student Manual|Lynda Bunnell Living Your Design Student Manual,https://annas-archive.org/md5/20ad6f47f1113b6f0f37606b256a5c78,work,work_overlap:1.00,auth_lynda_bunnell,Living Your Design Student Manual,
20d9086d257758cfd4f74651fee39ded,المكتبة الإحتياطية الشاملة,,Chetan Parkyn,https://annas-archive.org/md5/20d9086d257758cfd4f74651fee39ded,query,search_query_substring,,,Chetan Parkyn
20dfbb5d9f49c7acd15db1c8efe72a93,"CBD: Das große CBD Handbuch, das umfangreichste Handbuch zum Cannabidiol. Wissenswertes zur Anwendung, zum Wirkstoff, zur Wirkung und vielem mehr. CBD ... und anwenden: CBD Handbuch (German Edition)",CBD: Das große CBD Handbuch,Uljana Daitche Die 384 Linien der 64 Tore: das große Human Design Handbuch,https://annas-archive.org/md5/20dfbb5d9f49c7acd15db1c8efe72a93,work,work_overlap:1.00,auth_uljana_daitche,Die 384 Linien der 64 Tore: das große Human Design Handbuch,
21179b4b06f3458e24eaebe7096af380,La cuestion del generador,La cuestion del generador.pdf,Gene Keys Richard Rudd|Richard Rudd,https://annas-archive.org/md5/21179b4b06f3458e24eaebe7096af380,work,work_overlap:0.67,auth_richard_rudd,Human Design: The Revelation,
21443f5cd75a84b76bd1179ee2fee7fa,IN VITRO DIFFERENTIATION AND MINERALIZATION OF HUMAN DENTAL PULP CELLS INDUCED BY DENTIN EXTRACT,The Very Best Of.pdf,Science of Differentiation Human Design,https://annas-archive.org/md5/21443f5cd75a84b76bd1179ee2fee7fa,query,search_query_substring,,,Science of Differentiation Human Design
21562496c5b2cc0873ed04ec662d95cc,Were You Born Under A Lucky Star,,Chetan Parkyn Human Design: Discover the Person You Were Born to Be|Chetan Parkyn The Book of Destinies: Discover the Life You Were Born to Live,https://annas-archive.org/md5/21562496c5b2cc0873ed04ec662d95cc,work,work_overlap:1.00,auth_chetan_parkyn,Human Design: Discover the Person You Were Born to Be,
2174dedab536d70ec033be0437a6c9bf,Labor Market Issues in Japan and Germany,,Peter Schöber,https://annas-archive.org/md5/2174dedab536d70ec033be0437a6c9bf,query,search_query_substring,,,Peter Schöber
21773e8a7e0712f33ab2085b04e0a0cc,"Die Wahrheit über die Wunderwaffe, Teil 2: Geheime Waffentechnologie im Dritten Reich",Lenkbomben und Raketen,Uljana Daitche Variablen im Human Design: Teil 1 — Die Pfeile,https://annas-archive.org/md5/21773e8a7e0712f33ab2085b04e0a0cc,work,work_overlap:1.00,auth_uljana_daitche,Variablen im Human Design: Teil 1 — Die Pfeile,
217a5bacea3f329e4ee3b20282e4237b,Information Design for the Common Good: Human-Centric Approaches to Contemporary Design Challenges,,Beyond Human Design|Chetan Parkyn Human Design|Chiron Ephemeris Human Design|Daitche Human Design|Emma Dunwoody Human Design|Jenna Zoe Human Design|Karen Curry Human Design|Quantum Human Design|Richard Rudd Human Design|Richard Rudd Human Design: The Revelation|Robin Winn Human Design|Steve Rhodes Human Design|Understanding Centers Human Design|Understanding Clients Human Design|Understanding Human Design|Zen Human Design Ephemeris|Zeno Dickson Human Design,https://annas-archive.org/md5/217a5bacea3f329e4ee3b20282e4237b,work,work_overlap:1.00,auth_richard_rudd,Human Design: The Revelation,
21818ff9c9fde22ae4f8ebc48f744ef1,And All Was Revealed: Ladies Underwear 1907-1980,"showing the undressing sequence of the fashion styles from different years.read more…english [en] · pdf · 34.2mb · 1984 · 📘 book (non-fiction) · 🚀/lgli/lgrs/nexusstc/zlib    ·save·114·3base score: 11065.0, final score: 27.28994",Human Design Revealed Dickson,https://annas-archive.org/md5/21818ff9c9fde22ae4f8ebc48f744ef1,query,search_query_substring,,,Human Design Revealed Dickson
21bb7e1be493d4eba2847f062c894512,The Philosophy of Camus: Through a Kierkegaardian Lens,dealing with Absurdity,Gene Keys Richard Rudd|Richard Rudd|Richard Rudd Human Design|Richard Rudd Human Design: The Revelation,https://annas-archive.org/md5/21bb7e1be493d4eba2847f062c894512,work,work_overlap:1.00,auth_richard_rudd,Human Design: The Revelation,
21f54f5593d0ae73806bec42ae988d57,Prejudice in the Modern World Reference Library (Prejudice Throughout History Reference Library),,Gene Keys Richard Rudd,https://annas-archive.org/md5/21f54f5593d0ae73806bec42ae988d57,work,work_overlap:0.67,auth_richard_rudd,Human Design: The Revelation,
2267276c08f93648625c17edb14e716a,newsarch_ebooks_2025_10,"place type and illustrating key human factor principles, provide valuable guidance and suggestions. __outdoor environments for people__ is a must-have resource for students, instructors, and professionals within landscape architecture and the surrounding disciplines.read more…english [en] · pdf · 31.1mb · 2023 · 📘 book (non-fiction) · 🚀/lgli/lgrs/nexusstc/upload/zlib    ·save·97·1base score: 11065.0, final score: 22.61546",64keys Human Design,https://annas-archive.org/md5/2267276c08f93648625c17edb14e716a,query,search_query_substring,,,64keys Human Design
229b0f4dbd1b8d3fe657aa67861ec750,Immunology Made Ridiculously Simple,,Human Design Made Simple Dunwoody,https://annas-archive.org/md5/229b0f4dbd1b8d3fe657aa67861ec750,query,search_query_substring,,,Human Design Made Simple Dunwoody
22a294a6d1fa9aaeb168d7c9b0400f05,newsarch_ebooks_2025_10,"these actions that have been black-boxed. consider the relationship between humans and artificial objects, or things, newly created","64keys Human Design|Lynda Bunnell Human Design: The Definitive Book of Human Design, The Science of Differentiation",https://annas-archive.org/md5/22a294a6d1fa9aaeb168d7c9b0400f05,work,work_overlap:1.00,auth_ra_uru_hu,The Human Design System (Black Book),
22b776f1e667c0feb2805525c3e70973,Erläuternde Beispiele zur Unterrichtsmethode des königl. preussischen General-Lieutenants Grafen Waldersee in der kriegsmässigen Ausbildung der Infanterie für das zerstreute Gefecht : Mit besonderer B,,Uljana Daitche Die 384 Linien der 64 Tore: das große Human Design Handbuch,https://annas-archive.org/md5/22b776f1e667c0feb2805525c3e70973,work,work_overlap:1.00,auth_uljana_daitche,Die 384 Linien der 64 Tore: das große Human Design Handbuch,
22df224aef59c669347abc081e2ee93a,Las Ninas Pueden Ser Reyes: Libro Para Colorear,,Living Your Design Bunnell|Lynda Bunnell,https://annas-archive.org/md5/22df224aef59c669347abc081e2ee93a,work,work_overlap:0.60,auth_lynda_bunnell,Living Your Design Student Manual,
22f275d89cfb177efe44a21fa7a7fc46,Clinical Pharmacology [Made Ridiculously Simple],J. Olson,Human Design Made Simple Dunwoody,https://annas-archive.org/md5/22f275d89cfb177efe44a21fa7a7fc46,query,search_query_substring,,,Human Design Made Simple Dunwoody
2313ef7b70d73f09e26a8f947ca22028,Random Stimuli Generation for the Verification of Quantum Circuits,,Karen Curry Parker The Encyclopedia of Quantum Human Design,https://annas-archive.org/md5/2313ef7b70d73f09e26a8f947ca22028,work,work_overlap:1.00,auth_karen_curry_parker,The Encyclopedia of Quantum Human Design,
231e20f5d8a9d8729551f38e01181b83,231e20f5d8a9d8729551f38e01181b83.pdf,,Steve Rhodes Human Design: How to Read a Graph,https://annas-archive.org/md5/231e20f5d8a9d8729551f38e01181b83,work,work_overlap:1.00,auth_steve_rhodes,Human Design: How to Read a Graph,
235031eb6d5ffa349a61dd1853485107,The Art of Putting: The Revolutionary Feel-Based System for Improving Your Score,putting feel back into your game. this definitive book also provides:,Human Design Revolutionary System,https://annas-archive.org/md5/235031eb6d5ffa349a61dd1853485107,query,search_query_substring,,,Human Design Revolutionary System
23a5d3f3d725a2d9f2e348820615ead5,Your Aura & 12 Chakras: Keys to the Kingdom,Your Aura & 12 Chakras: Keys to the Kingdom - Humans Are Free.pdf,Richard Rudd The Gene Keys: Embracing Your Higher Purpose,https://annas-archive.org/md5/23a5d3f3d725a2d9f2e348820615ead5,work,work_overlap:1.00,auth_richard_rudd,The Gene Keys: Embracing Your Higher Purpose,
23b4839ef9253c155e53160b4fddc7fe,"Everything you ever wanted to know about solar panels for domestic power, but were afraid to ask: How to design & build your own domestic free energy solution","the same author. that book covers a broader range of subjects including batteries, photovoltaic systems, wind turbine energy generating systems, back-up electricity systems, solar water heating, ground sourced hot water & also light tubes, which are all covered in detail.read more…english [en] · pdf · 1.8mb · 2018 · 📘 book (non-fiction) · 🚀/lgli/lgrs/nexusstc/zlib    ·save·72·1base score: 11063.0, final score: 41.595085",Chetan Parkyn Human Design: Discover the Person You Were Born to Be,https://annas-archive.org/md5/23b4839ef9253c155e53160b4fddc7fe,work,work_overlap:1.00,auth_chetan_parkyn,Human Design: Discover the Person You Were Born to Be,
23f5a8abf105601f01fa1c046c9c0510,"Cooperative Design, Visualization, And Engineering: 9th International Conference, Cdve 2012, Osaka, Japan, September 2-5, 2012, Proceedings (lecture Notes In Computer Science)",,Erin Claire Jones Human Design,https://annas-archive.org/md5/23f5a8abf105601f01fa1c046c9c0510,query,search_query_substring,,,Erin Claire Jones Human Design
2410583aa4ae4994714621c0e13833bd,PBooks Collection 2023,,Jovian Archive,https://annas-archive.org/md5/2410583aa4ae4994714621c0e13833bd,query,search_query_substring,,,Jovian Archive
241f85f2c1b346581a738a51e35e60ff,duxiu/initial_release/40863461.zip,,Uljana Daitche,https://annas-archive.org/md5/241f85f2c1b346581a738a51e35e60ff,work,work_overlap:0.67,auth_uljana_daitche,Human Design - Beziehungen,
24c0f2d6ea464c44c0f0061076ba01a3,"The Vegetables Gardening : 4 Books In 1, How to Grow Your Own Food 365 Days a Year and Design Your Edible Garden Like a New Outdoor Living Room (The Complete Gardeners Guide)",The Vegetables Gardening : 4 Books In 1,Living Your Design Bunnell|Lynda Bunnell Living Your Design Student Manual,https://annas-archive.org/md5/24c0f2d6ea464c44c0f0061076ba01a3,work,work_overlap:1.00,auth_lynda_bunnell,Living Your Design Student Manual,
24c5cee95c2137f163fe3a7f404d95d0,Manning.Gnuplot.in.Action.2nd.Edition.2016.3.pdf,"a systematic overview of gnuplot's core features and full coverage of gnuplot's advanced capabilities. experienced readers will appreciate the discussion of gnuplot 5's features, including new plot types, improved text and color handling, and support for interactive, web-based display formats. the book concludes with chapters on graphical effects and general techniques for understanding data with graphs. it includes four pages of color illustrations. 3d graphics, false-color plots, heatmaps, and multivariate visualizations are covered in chapter-length appendixes available in the ebook.",Robin Winn Understanding the Centers in Human Design,https://annas-archive.org/md5/24c5cee95c2137f163fe3a7f404d95d0,work,work_overlap:1.00,auth_robin_winn,Understanding the Centers in Human Design,
24cf2e73ca9464e8e849c9d96e18918c,"Morality and Machines, Second Edition: Perspectives on Computer Ethics",,Erin Claire Jones Human Design,https://annas-archive.org/md5/24cf2e73ca9464e8e849c9d96e18918c,query,search_query_substring,,,Erin Claire Jones Human Design
24d69b6720b2c5eb50c2f93f5b2c5982,Sexual Intelligence: The Groundbreaking Study That Shows You How to Boost Your ''Sex IQ'' and Gain Greater Sexual Satisfaction,"Sexual Intelligence: The Groundbreaking Study That Shows You How to Boost Your ""Sex IQ"" and Gain Greater Sexual Satisfaction",Jenna Zoë Human Design: The Revolutionary System That Shows You Who You Came Here to Be,https://annas-archive.org/md5/24d69b6720b2c5eb50c2f93f5b2c5982,work,work_overlap:1.00,auth_jenna_zoe,Human Design: The Revolutionary System That Shows You Who You Came Here to Be,
2522d8f02da2951cd3aecf15fa1782c4,[Scharlachnatter 01] • Gedichte.epub,,Uljana Daitche,https://annas-archive.org/md5/2522d8f02da2951cd3aecf15fa1782c4,work,work_overlap:0.67,auth_uljana_daitche,Human Design - Beziehungen,
256af01a3be82b147169030be86d6aa2,extracted__Data_Centre_Essentials_Design_Construction_and_Operation_of_Data_Centres_for_the_Non-expert.zip,,Human Design System Centres Schoeber,https://annas-archive.org/md5/256af01a3be82b147169030be86d6aa2,work,work_overlap:0.67,auth_peter_schoeber,Human Design System – The Centres,
25a30e90d6756142b8ed49938d5e36bd,Interior Design: Complete guide on how to design and furnish your home,Interior Design: Complete guide on how to design and furnish your home,Living Your Design Bunnell,https://annas-archive.org/md5/25a30e90d6756142b8ed49938d5e36bd,query,search_query_substring,,,Living Your Design Bunnell
25a6698eac68655e3296e96f9b7312cc,Mature elegance : styles and techniques for mature clients /by,,Understanding Clients Human Design,https://annas-archive.org/md5/25a6698eac68655e3296e96f9b7312cc,query,search_query_substring,,,Understanding Clients Human Design
25e383f13e0bf81260595979603512ef,"Create Remarkable Success: Discover Your Strengths, Forge Your Own Path, and Build The Life You Want: Maximize Your Abilities",zoe mckey +\+create_remarkable_success_by_zoe_mckey\create remarkable success,Jenna Zoë,https://annas-archive.org/md5/25e383f13e0bf81260595979603512ef,author,surname:Jenna,auth_jenna_zoe,,
260bead3b311c2966a4213cc9cb6a8a1,The Quantum Human,The Quantum Human,Karen Curry Human Design|Karen Curry Parker|Karen Curry Parker The Encyclopedia of Quantum Human Design|Karen Curry Parker Understanding Human Design: The New Science of Astrology,https://annas-archive.org/md5/260bead3b311c2966a4213cc9cb6a8a1,work,work_overlap:1.00,auth_karen_curry_parker,Understanding Human Design: The New Science of Astrology,
2615f45019cce77d84082a19b09b7487,Österreichs Kämpfe im Jahre 1866. Nach Feldakten bearbeitet durch die k. und k. Generalstabs-Büro für Kriegsgeschichte,,Uljana Daitche Variablen im Human Design: Teil 1 — Die Pfeile,https://annas-archive.org/md5/2615f45019cce77d84082a19b09b7487,work,work_overlap:1.00,auth_uljana_daitche,Variablen im Human Design: Teil 1 — Die Pfeile,
262ddb6c289dfc294a497b40c7c37225,The Complete Rave I’Ching ( human design),The Complete Rave I’Ching （ human design）.pdf,Beyond Human Design|Chetan Parkyn Human Design|Chiron Ephemeris Human Design|Daitche Human Design|Emma Dunwoody Human Design|Human Design System Ra|Jenna Zoe Human Design|Karen Curry Human Design|Prophecy Ra Uru Hu Rhodes|Quantum Human Design|Ra Uru Hu|Ra Uru Hu Generator Book|Ra Uru Hu Line Resonance|Ra Uru Hu Rave BodyGraph Circuitry|Ra Uru Hu Rave I'Ching Line Companion|Ra Uru Hu The Complete Rave I'Ching|Ra Uru Hu The Nine Centres and their Gates|Ra Uru Hu The Rave I'Ching|Rave I'Ching|Richard Rudd Human Design|Richard Rudd Human Design: The Revelation|Robin Winn Human Design|Steve Rhodes Human Design|Understanding Centers Human Design|Understanding Clients Human Design|Understanding Human Design|Zen Human Design Ephemeris|Zeno Dickson Human Design,https://annas-archive.org/md5/262ddb6c289dfc294a497b40c7c37225,work,work_overlap:1.00,auth_ra_uru_hu,The Rave I'Ching,
268f0ce869a4e5893d80946bbce954ef,"Converging Minds  The Creative Potential of Collaborative AI (Human Factors in Design, Engineering, and Computing)","two seasoned experts in data analytics, ai, and machine learning, the book offers a comprehensive overview of the creative process behind ai-powered content generation. it takes the reader through a unique collaborative process between human authors and various ai-based topic experts, created, prompted, and fine-tuned","Lynda Bunnell Human Design: The Definitive Book of Human Design, The Science of Differentiation",https://annas-archive.org/md5/268f0ce869a4e5893d80946bbce954ef,work,work_overlap:1.00,auth_lynda_bunnell,"Human Design: The Definitive Book of Human Design, The Science of Differentiation",
26bddcdc0084d8d749bf4f61c206da29,Cold Ocean Physiology (Society for Experimental Biology Seminar Series),"representatives of the main groups of polar animals, including marine invertebrates, fish, mammals, and birds. the scales of adaptation range from the whole organism to the underlying molecular mechanisms. unique in its breadth of coverage, this volume will provide an important resource for all those concerned specifically with how animals have adapted to life in extreme conditions.</p>read more…english [en] · pdf · 22.8mb · 2007 · 📘 book (non-fiction) · 🚀/lgli/lgrs/nexusstc/zlib    ·save·7·2base score: 11065.0, final score: 21.279413",Eleanor Haspel-Portner,https://annas-archive.org/md5/26bddcdc0084d8d749bf4f61c206da29,query,search_query_substring,,,Eleanor Haspel-Portner
26cc26941bd2dd0a163002a2c2a9a5b8,Call Centers For Dummies,,Understanding Centers Human Design,https://annas-archive.org/md5/26cc26941bd2dd0a163002a2c2a9a5b8,query,search_query_substring,,,Understanding Centers Human Design
272d019f4b360372733d5a00b61717e4,PBooks Collection 2023,,Jovian Archive,https://annas-archive.org/md5/272d019f4b360372733d5a00b61717e4,query,search_query_substring,,,Jovian Archive
2731f1d82e5d4ca6245d1963c3925270,"Fire evacuation and exit design in heritage cultural centres / $$c John Gales, René Champagne, Georgette Harun, Hannah Carton, Michael Kinsey",,Human Design System Centres Schoeber,https://annas-archive.org/md5/2731f1d82e5d4ca6245d1963c3925270,work,work_overlap:0.67,auth_peter_schoeber,Human Design System – The Centres,
2754c21e1004dd49af11c8c8eb356059,Das Römerreich der Deutschen. STÄDTE UND STÄTTEN DES DEUTSCHEN MITTELALTERS,Das Römerreich der Deutschen. STÄDTE UND STÄTTEN DES DEUTSCHEN MITTELALTERS,Eleanor Haspel-Portner,https://annas-archive.org/md5/2754c21e1004dd49af11c8c8eb356059,query,search_query_substring,,,Eleanor Haspel-Portner
2761d5fa7f4871c1bace7a54c0173e59,"Die Gemeindebetriebe der Stadt Düsseldorf: Gemeindebetriebe – Neuere Versuche und Erfahrungen über die Ausdehnung der kommunalen Tätigkeit in Deutschland und im Ausland. II. Band, 2. Teil. Im Auftr. d",,Uljana Daitche Variablen im Human Design: Teil 1 — Die Pfeile,https://annas-archive.org/md5/2761d5fa7f4871c1bace7a54c0173e59,work,work_overlap:1.00,auth_uljana_daitche,Variablen im Human Design: Teil 1 — Die Pfeile,
27a28db3ae56ab8e5599cd898cacb1c1,PMP Exam Prep Made Simple: The Comprehensive Guide to Passing the Exam on Your First Try. 98% Success Rate,,Human Design Made Simple Dunwoody,https://annas-archive.org/md5/27a28db3ae56ab8e5599cd898cacb1c1,query,search_query_substring,,,Human Design Made Simple Dunwoody
27def4cca7304214204446a24d6893a0,"Dreamweaver Cs5: Basic, Student Manual",,Living Your Design Student Manual|Lynda Bunnell Living Your Design Student Manual,https://annas-archive.org/md5/27def4cca7304214204446a24d6893a0,work,work_overlap:1.00,auth_lynda_bunnell,Living Your Design Student Manual,
27e91b7d0a6fbee7cbc626b798a1c27c,Health-Related Professions,,Human Design Health Haspel,https://annas-archive.org/md5/27e91b7d0a6fbee7cbc626b798a1c27c,query,search_query_substring,,,Human Design Health Haspel
2810d99d13507acd577871591f86153f,ASP Made Simple (MADE SIMPLE PROGRAMMING) (Made Simple Programming),,Human Design Made Simple Dunwoody,https://annas-archive.org/md5/2810d99d13507acd577871591f86153f,query,search_query_substring,,,Human Design Made Simple Dunwoody
28129c5492d040d9374cae0bc7c23af3,Policy and Practices for Biodiversity in Managed Forests : The Living Dance,,Lynda Bunnell,https://annas-archive.org/md5/28129c5492d040d9374cae0bc7c23af3,work,work_overlap:0.60,auth_lynda_bunnell,Living Your Design Student Manual,
28548d83405dbde964cb1a3ddf99f7d3,newsarch_ebooks_2025_10,"environmental factors. not surprisingly, environmental sex differentiation is ubiquitous in fish. overexploitation",Science of Differentiation Human Design,https://annas-archive.org/md5/28548d83405dbde964cb1a3ddf99f7d3,query,search_query_substring,,,Science of Differentiation Human Design
286cfdd75f96602b940ca81b03458953,286cfdd75f96602b940ca81b03458953.pdf,,Beyond Human Design|Chetan Parkyn Human Design|Chiron Ephemeris Human Design|Daitche Human Design|Emma Dunwoody Human Design|Human Design Revolutionary System|Human Design System Centres Schoeber|Jenna Zoe Human Design|Karen Curry Human Design|Peter Schoeber Das Human Design System – Die Zentren|Quantum Human Design|Richard Rudd Human Design|Robin Winn Human Design|Steve Rhodes Human Design|Steve Rhodes Human Design: How to Read a Graph|Understanding Centers Human Design|Understanding Clients Human Design|Understanding Human Design|Zen Human Design Ephemeris|Zeno Dickson Human Design,https://annas-archive.org/md5/286cfdd75f96602b940ca81b03458953,work,work_overlap:1.00,auth_peter_schoeber,Das Human Design System – Die Zentren,
287fda499d2367e47d1558d3baf13b5d,"박현도,곽민수,강인욱,허준",,Chaitanyo Ephemeris,https://annas-archive.org/md5/287fda499d2367e47d1558d3baf13b5d,query,search_query_substring,,,Chaitanyo Ephemeris
2895cbde9cd95c4191b8082517b3533d,المكتبة الإحتياطية الشاملة,,Richard Rudd,https://annas-archive.org/md5/2895cbde9cd95c4191b8082517b3533d,work,work_overlap:0.67,auth_richard_rudd,Human Design: The Revelation,
289f1cff573c74a4147804a020026656,Pan American Health Organization (PAHO) Protecting New Health Facilities from Natural Disasters: G,,Human Design Health Haspel,https://annas-archive.org/md5/289f1cff573c74a4147804a020026656,query,search_query_substring,,,Human Design Health Haspel
28bc7fe921c05bcd5de06be697865795,Degruyter Imprints v2 [09-06-23],Interfaces,Eleanor Haspel-Portner,https://annas-archive.org/md5/28bc7fe921c05bcd5de06be697865795,query,search_query_substring,,,Eleanor Haspel-Portner
28c0b3f5628605857000e11e4f2c4f31,Soft computing in the design and manufacturing of composite materials : applications to brake friction and thermoset matrix composites,,Triple Design Matrix DreamRave,https://annas-archive.org/md5/28c0b3f5628605857000e11e4f2c4f31,query,search_query_substring,,,Triple Design Matrix DreamRave
28f12cb2cbe383ef1403c198dbed5ce6,La diversidad de la ciencia_115083093.pdf,,Rave Cosmology,https://annas-archive.org/md5/28f12cb2cbe383ef1403c198dbed5ce6,query,search_query_substring,,,Rave Cosmology
2906942170265e2acd9888cd63c204e5,PBooks Collection 2023,,Jovian Archive,https://annas-archive.org/md5/2906942170265e2acd9888cd63c204e5,query,search_query_substring,,,Jovian Archive
290e2e46270e27c2107cf495a4b77457,Квантовият човек,еволюцията на съзнанието,Karen Curry Human Design|Karen Curry Parker|Karen Curry Parker The Encyclopedia of Quantum Human Design|Karen Curry Parker Understanding Human Design: The New Science of Astrology,https://annas-archive.org/md5/290e2e46270e27c2107cf495a4b77457,work,work_overlap:1.00,auth_karen_curry_parker,Understanding Human Design: The New Science of Astrology,
29100cf1059e708fc7ac1d5f5563f2a9,PBooks Collection 2023,,Jovian Archive,https://annas-archive.org/md5/29100cf1059e708fc7ac1d5f5563f2a9,query,search_query_substring,,,Jovian Archive
29201a824d12dd071370d1dd51484af5,Умный дизайн: простые приемы разработки пользовательских интерфейсов,,Understanding Human Design,https://annas-archive.org/md5/29201a824d12dd071370d1dd51484af5,query,search_query_substring,,,Understanding Human Design
29647d56ac7ab5788a9af112e02e7613,Richtungswahl für das politische System der EU : Die Umbrüche in der europäischen Parteienlandschaft und ihre Konsequenzen für die Union,,Peter Schoeber Das Human Design System – Die Zentren,https://annas-archive.org/md5/29647d56ac7ab5788a9af112e02e7613,work,work_overlap:1.00,auth_peter_schoeber,Das Human Design System – Die Zentren,
29bff3d62877d6f30d8a058b80444bc4,system design at google,,Human Design Revolutionary System|Human Design System Centres Schoeber|Human Design System Ra,https://annas-archive.org/md5/29bff3d62877d6f30d8a058b80444bc4,work,work_overlap:0.67,auth_peter_schoeber,Human Design System – The Centres,
29c10a60755cea419a487ac7c6dc2365,PBooks Collection 2023,,Jovian Archive,https://annas-archive.org/md5/29c10a60755cea419a487ac7c6dc2365,query,search_query_substring,,,Jovian Archive
29eb6b1cbabb201d80ad7b86e963fce9,scihub/10.1007/164_2020_423.pdf,,Peter Schöber,https://annas-archive.org/md5/29eb6b1cbabb201d80ad7b86e963fce9,query,search_query_substring,,,Peter Schöber
2a363159756c1d490ae7319a9f753ce2,"Understanding, Detecting and Mitigating the Effects of Coactivations in Ten-Finger Mid-Air Typing in Virtual Reality","approximately 10% relative and 0.9% absolute.read more…english [en] · pdf · 1.5mb · 2021 · 📘 book (non-fiction) · 🚀/lgli/nexusstc/scihub    ·save·0base score: 11062.0, final score: 29.067884",Robin Winn Understanding the Centers in Human Design,https://annas-archive.org/md5/2a363159756c1d490ae7319a9f753ce2,work,work_overlap:1.00,auth_robin_winn,Understanding the Centers in Human Design,
2aa3205d4b3ddfadc34d4b9f739f6008,The Quantum Human,The Quantum Human,Karen Curry Human Design|Karen Curry Parker|Karen Curry Parker The Encyclopedia of Quantum Human Design|Karen Curry Parker Understanding Human Design: The New Science of Astrology,https://annas-archive.org/md5/2aa3205d4b3ddfadc34d4b9f739f6008,work,work_overlap:1.00,auth_karen_curry_parker,Understanding Human Design: The New Science of Astrology,
2aaed6dbe1fa43adea8885d92c4eb8a6,350 Questions for the Situational Judgement Test (Medical Finals Revision Series),"authors who understand from personal experience that detailed explanations accompanying each answer are the key to a successful revision aid. this book presents over 350 ranking and multiple-choice questions, arranged",Lynda Bunnell,https://annas-archive.org/md5/2aaed6dbe1fa43adea8885d92c4eb8a6,query,search_query_substring,,,Lynda Bunnell
2ac0952ca677f9a4b09135e38d2e26b5,FOREX MADE SIMPLE: A Beginner's Guide To Sharemarket Success,FOREX MADE SIMPLE: A Beginner's Guide To Sharemarket Success,Human Design Made Simple Dunwoody,https://annas-archive.org/md5/2ac0952ca677f9a4b09135e38d2e26b5,query,search_query_substring,,,Human Design Made Simple Dunwoody
2ad24b1bf05624628d5af5917012be82,2. Ancient & Classical Civilizations,The Colossus of Rhodes. Archaeology of a Lost Wonder,Bhan Tugh Rhodes,https://annas-archive.org/md5/2ad24b1bf05624628d5af5917012be82,work,work_overlap:0.75,auth_steve_rhodes,Bhan Tugh,
2b0d619769a761029ac3f35215e5f3b7,Выбирай Нужное Слово make и do. Choose the Right Word Make vs Do: учебное пособие,,How Do You Choose Human Design,https://annas-archive.org/md5/2b0d619769a761029ac3f35215e5f3b7,query,search_query_substring,,,How Do You Choose Human Design
2b17c1770f9f941b34b3b48bd40f4dcc,"RA, the book. [Volume 3] : the Recording Architecture book of studio design",RA The Book Vol 3,Human Design System Ra,https://annas-archive.org/md5/2b17c1770f9f941b34b3b48bd40f4dcc,query,search_query_substring,,,Human Design System Ra
2b21939864bb799e61806ce4b0fcca75,Matrix Analysis of Structures,"civil engineering majors.  unlike traditional texts for this course that are difficult to read, kassimali takes special care to provide understandable and exceptionally clear explanations of concepts, step-by-step procedures for analysis, flowcharts, and interesting and modern examples, producing a technically and mathematically accurate presentation of the subject.read more…english [en] · pdf · 142.8mb · 1999 · 📘 book (non-fiction) · 🚀/lgli/lgrs/nexusstc/zlib    ·save·18·1base score: 11065.0, final score: 21.878267",Triple Design Matrix DreamRave,https://annas-archive.org/md5/2b21939864bb799e61806ce4b0fcca75,query,search_query_substring,,,Triple Design Matrix DreamRave
2b36d606ac29e108ef6ef14415e45592,"Deutschland, Italien, Griechenland (die Europäische Türkei, das Königreich Griechenland), und die Ionischen Inseln",,Uljana Daitche Die 384 Linien der 64 Tore: das große Human Design Handbuch,https://annas-archive.org/md5/2b36d606ac29e108ef6ef14415e45592,work,work_overlap:1.00,auth_uljana_daitche,Die 384 Linien der 64 Tore: das große Human Design Handbuch,
2b566bdda9027356c1f50fd5285c7899,Z,More books,LYD manual IHDS,https://annas-archive.org/md5/2b566bdda9027356c1f50fd5285c7899,query,search_query_substring,,,LYD manual IHDS
2b5c7305ab41870b01cefd0cdf397d7f,Degruyter Imprints v2 [09-06-23],,Chaitanyo Ephemeris,https://annas-archive.org/md5/2b5c7305ab41870b01cefd0cdf397d7f,query,search_query_substring,,,Chaitanyo Ephemeris
2b8cb51e814d2a9ebbbbc527a60a9c38,"The Political Economy of Contemporary Human Civilisation, Volume II: From Quantum Computing and Nuclear Fusion to War and Conflict",The Political Economy of Contemporary Human Civilisation,Karen Curry Parker The Encyclopedia of Quantum Human Design,https://annas-archive.org/md5/2b8cb51e814d2a9ebbbbc527a60a9c38,work,work_overlap:1.00,auth_karen_curry_parker,The Encyclopedia of Quantum Human Design,
2c358915ec0a3b29f073498f2e5b1730,"Design For More-Than-Human Futures: Towards Post-Anthropocentric Worlding (Routledge Research in Design, Technology and Society)","ethics of more-than-human coexistence that breaks with the unsustainability installed in the designs that outfit our lives. questioning the notion of human-centered design is central to this discussion. it is not only a theoretical and methodological concern, but an ethical need to critically rethink the modern, colonialist, and anthropocentric inheritance that resonates in design culture. the authors in this book explore the ideas oriented to form new relations with the more-than-human and with the planet, using design as a form of political enquiry. this book will be of interest to academics and students from the world of design and particularly those involved in emerging branches of the field such as speculative design, critical design, non-anthropocentric design and design for transition""-- provided",Beyond Human Design|Chetan Parkyn Human Design|Chiron Ephemeris Human Design|Daitche Human Design|Emma Dunwoody Human Design|Jenna Zoe Human Design|Karen Curry Human Design|Quantum Human Design|Richard Rudd Human Design|Robin Winn Human Design|Steve Rhodes Human Design|Understanding Centers Human Design|Understanding Clients Human Design|Understanding Human Design|Zen Human Design Ephemeris|Zeno Dickson Human Design,https://annas-archive.org/md5/2c358915ec0a3b29f073498f2e5b1730,work,work_overlap:1.00,auth_robin_winn,Understanding the Centers in Human Design,
2c39df2717f91b398a8f1577da2837e8,Золотой путь. Путеводитель по хологенетическому профилю. Жемчужная последовательность. Путь к процветанию,,Gene Keys Richard Rudd|Richard Rudd The Gene Keys: Embracing Your Higher Purpose,https://annas-archive.org/md5/2c39df2717f91b398a8f1577da2837e8,work,work_overlap:1.00,auth_richard_rudd,The Gene Keys: Embracing Your Higher Purpose,
2c6436124fd00df5e1cc472c580c37f9,"ALARA Review of the Spallation Neutron Source [Accum Ring, Transfer Lines]",,Book of Lines Parkyn,https://annas-archive.org/md5/2c6436124fd00df5e1cc472c580c37f9,query,search_query_substring,,,Book of Lines Parkyn
2cccf967ccfe82b2ea64d27bc09f05cb,scihub/10.1109/globecom42002.2020.9348170.pdf,2020 IEEE Global Communications Conference,Peter Schöber,https://annas-archive.org/md5/2cccf967ccfe82b2ea64d27bc09f05cb,query,search_query_substring,,,Peter Schöber
2d04fd8938fcb47b521cdf35c5c37fa2,"Natural Language Understanding with Python: Combine natural language technology, deep learning, and large language models to create human-like language comprehension in computer systems_28204612.pdf","acquiring data and selecting appropriate technology. key features master nlu concepts from basic text processing to advanced deep learning techniques explore practical nlu applications like chatbots, sentiment analysis, and language translation gain a deeper understanding of large language models like chatgpt book description natural language understanding (nlu) organizes and structures, language allowing computer systems to effectively process textual information for many different practical applications. natural language understanding with python will help you explore practical techniques that make use of nlu to build a wide variety of creative and useful applications.complete with step-by-step explanations of essential concepts and practical examples, this book begins",Karen Curry Parker Understanding Human Design: The New Science of Astrology|Robin Winn Understanding Your Clients Through Human Design|Robin Winn Understanding the Centers in Human Design,https://annas-archive.org/md5/2d04fd8938fcb47b521cdf35c5c37fa2,work,work_overlap:1.00,auth_karen_curry_parker,Understanding Human Design: The New Science of Astrology,
2d35b5dde78f75935a10874735fbc59c,Degruyter Imprints v2 [09-06-23],,Chaitanyo Ephemeris,https://annas-archive.org/md5/2d35b5dde78f75935a10874735fbc59c,query,search_query_substring,,,Chaitanyo Ephemeris
2d6de6636a4de3466c273b498f7ce449,Human Design: Discover the Person You Were Born to Be,,Book of Destinies Parkyn|Book of Lines Parkyn|Chetan Parkyn|Chetan Parkyn Human Design|Chetan Parkyn Human Design: Discover the Person You Were Born to Be|Chetan Parkyn The Book of Destinies: Discover the Life You Were Born to Live|Jenna Zoë Human Design: The Revolutionary System That Shows You Who You Came Here to Be|Karen Curry Parker Understanding Human Design: The New Science of Astrology,https://annas-archive.org/md5/2d6de6636a4de3466c273b498f7ce449,work,work_overlap:1.00,auth_chetan_parkyn,Human Design: Discover the Person You Were Born to Be,
2d7bf084d5ff67fa28ec1a2acbcc5833,Hack Your Squat: Learn how to IDENTIFY fundamental flaws in the back squat and FIX THEM so you and your clients can get back to safely training and performing at MAXIMUM potential!,,Robin Winn Understanding Your Clients Through Human Design,https://annas-archive.org/md5/2d7bf084d5ff67fa28ec1a2acbcc5833,work,work_overlap:1.00,auth_robin_winn,Understanding Your Clients Through Human Design,
2d9a44b0275323a3c730aca7ea5a7c5c,"Dark Psychology and Manipulation: The Ultimate Guide For a Better Life: Learn how to Speed Read, the Art of how to read, Emotional Influence, NLP, Hypnosis, Body Language and Mind Control Techniques.",Dark Psychology and Manipulation: The Ultimate Guide For a Better Life: Learn how to Speed Read,Steve Rhodes Human Design: How to Read a Graph,https://annas-archive.org/md5/2d9a44b0275323a3c730aca7ea5a7c5c,work,work_overlap:1.00,auth_steve_rhodes,Human Design: How to Read a Graph,
2db9d57bbee18268425d9db8a7d01038,Call Centres and Human Resource Management,"stephen deerystephen deery, nick kinniepalgrave macmillan uk, springer nature, basingstoke, hampshire, 2004<p><p>this book looks at human resource management in call centers from an international perspective using research from leading academics in the field. the characteristics and features of working in a call center are examined",Understanding Centers Human Design,https://annas-archive.org/md5/2db9d57bbee18268425d9db8a7d01038,query,search_query_substring,,,Understanding Centers Human Design
2dc92019152fa02d0c5a41881fe71baf,Manifestor Manifesto,Manifestor Manifesto,Human Design System Ra|LYD manual IHDS|Prophecy Ra Uru Hu Rhodes|Ra Uru Hu|Ra Uru Hu Generator Book|Ra Uru Hu Line Resonance|Ra Uru Hu Rave BodyGraph Circuitry|Ra Uru Hu Rave I'Ching Line Companion|Ra Uru Hu The Nine Centres and their Gates,https://annas-archive.org/md5/2dc92019152fa02d0c5a41881fe71baf,work,work_overlap:1.00,auth_ra_uru_hu,The Rave I'Ching,
2de9662d3d6125a1a479572285233125,"Human Design: Entdecke die Person, die du wirklich bist (German Edition)",Human Design: Entdecke die Person,Book of Destinies Parkyn|Book of Lines Parkyn|Chetan Parkyn|Chetan Parkyn Human Design|Chetan Parkyn Human Design: Discover the Person You Were Born to Be|Peter Schoeber Das Human Design System – Die Zentren,https://annas-archive.org/md5/2de9662d3d6125a1a479572285233125,work,work_overlap:1.00,auth_chetan_parkyn,Human Design: Discover the Person You Were Born to Be,
2dff3c42235619ac459419e80a985b57,Занимательная космонавтика_119619273.pdf,,Rave Cosmology,https://annas-archive.org/md5/2dff3c42235619ac459419e80a985b57,query,search_query_substring,,,Rave Cosmology
2e78db227eab8393af61fcc2b365d784,"The Discipline of Masters: Destroy Big Obstacles, Master Your Time, Capture Creative Ideas and Become the Leader You Were Born to Be",,Chetan Parkyn Human Design: Discover the Person You Were Born to Be|Chetan Parkyn The Book of Destinies: Discover the Life You Were Born to Live,https://annas-archive.org/md5/2e78db227eab8393af61fcc2b365d784,work,work_overlap:1.00,auth_chetan_parkyn,Human Design: Discover the Person You Were Born to Be,
2e7d2565fbfc40e31e2d6f3d05fd1163,Z,More books,Karen Curry Parker The Encyclopedia of Quantum Human Design,https://annas-archive.org/md5/2e7d2565fbfc40e31e2d6f3d05fd1163,work,work_overlap:1.00,auth_karen_curry_parker,The Encyclopedia of Quantum Human Design,
2e850e26214dd015a4ebbce2bf24bbb4,Электронный календарь на 2025 год_115046305.pdf,Александр Литвин.В календаре рассчитана зона воздействия на человека,Rave Cosmology,https://annas-archive.org/md5/2e850e26214dd015a4ebbce2bf24bbb4,query,search_query_substring,,,Rave Cosmology
2e8ec43a92324fd7ac42c0e783325737,On the Occurrence of the Line 4686A and the Related Series of Lines in the Spectra of the Planetary Nebulae,On the Occurrence of the Line 4686A and the Related Series of Lines in the Spectra of the Planetary Nebulae,Book of Lines Parkyn,https://annas-archive.org/md5/2e8ec43a92324fd7ac42c0e783325737,query,search_query_substring,,,Book of Lines Parkyn
2ec6d1c5708893a706582f401c9a24f9,2ec6d1c5708893a706582f401c9a24f9.pdf,What's REALLY happening in the world right now and why there's so much tension and conflict,Karen Curry Human Design|Karen Curry Parker|Karen Curry Parker The Encyclopedia of Quantum Human Design|Karen Curry Parker Understanding Human Design: The New Science of Astrology,https://annas-archive.org/md5/2ec6d1c5708893a706582f401c9a24f9,work,work_overlap:1.00,auth_karen_curry_parker,Understanding Human Design: The New Science of Astrology,
2ed3cef64f8eea1e7eace8b413f7c5b6,Making Your Data Center Energy Efficient,,Understanding Centers Human Design,https://annas-archive.org/md5/2ed3cef64f8eea1e7eace8b413f7c5b6,query,search_query_substring,,,Understanding Centers Human Design
2ede1dd55368d276dd0e9774f8cb0128,The lines of demarcation of Pope Alexander VI and the Treaty of Tordesillas,the greater cosmographers of ancient and,Book of Lines Parkyn,https://annas-archive.org/md5/2ede1dd55368d276dd0e9774f8cb0128,query,search_query_substring,,,Book of Lines Parkyn
2f00643ffca2138b0551bc2ddd59529f,"Texting Secrets Revealed: Effective Strategies to Date, Attract, and Seduce Women Through Texting",Texting Secrets Revealed: Effective Strategies to Date,Human Design Revealed Dickson,https://annas-archive.org/md5/2f00643ffca2138b0551bc2ddd59529f,query,search_query_substring,,,Human Design Revealed Dickson
2f3b447d47f1babd45081b7f8635aa32,How to Be a Life Coach,How to Be a Life Coach,Chetan Parkyn The Book of Destinies: Discover the Life You Were Born to Live,https://annas-archive.org/md5/2f3b447d47f1babd45081b7f8635aa32,work,work_overlap:1.00,auth_chetan_parkyn,The Book of Destinies: Discover the Life You Were Born to Live,
2f3d744413994e02c0ae5060404c3e9c,Developments in Design Research and Practice II: Best Papers from the 11th Senses and Sensibility 2021: Designing Next Genera(c)tions,,64keys Human Design|Science of Differentiation Human Design,https://annas-archive.org/md5/2f3d744413994e02c0ae5060404c3e9c,query,search_query_substring,,,Science of Differentiation Human Design
2f419f010fbe500832ff330f07e492f3,"The Financial Advisor M & A Guidebook : Best Practices, Tools, and Resources for Technology Integration and Beyond",168 transactions,Chaitanyo Ephemeris,https://annas-archive.org/md5/2f419f010fbe500832ff330f07e492f3,query,search_query_substring,,,Chaitanyo Ephemeris
2f5e1e2e416464908ade159c47ebe0a9,Universal Design 2021: From Special to Mainstream Solutions: 282,,Human Design Health Haspel,https://annas-archive.org/md5/2f5e1e2e416464908ade159c47ebe0a9,query,search_query_substring,,,Human Design Health Haspel
2fa036854c63c60a1f82a66782ec0c1e,Acura 2007 MDX. Owners Manual.,,LYD manual IHDS,https://annas-archive.org/md5/2fa036854c63c60a1f82a66782ec0c1e,query,search_query_substring,,,LYD manual IHDS
2fa04dda2eb3d6af40ce260f0c28007d,Artificial Intelligence (AI),,Robin Winn Understanding Your Clients Through Human Design|Robin Winn Understanding the Centers in Human Design,https://annas-archive.org/md5/2fa04dda2eb3d6af40ce260f0c28007d,work,work_overlap:1.00,auth_robin_winn,Understanding Your Clients Through Human Design,
2fa738f42a89bead3ce5d8f9e49b9a9d,Rejection Free: How to Choose Yourself First and Take Charge of Your Life by Confidently Asking For What You Want,Rejection Free: How to Choose Yourself First and Take Charge of Your Life by Confidently Asking For What You Want - PDFDrive.com,How Do You Choose Human Design,https://annas-archive.org/md5/2fa738f42a89bead3ce5d8f9e49b9a9d,query,search_query_substring,,,How Do You Choose Human Design
30233fbb91e6e7bed0827b1dda84151f,Solution Manual- Chemical Process Control,,LYD manual IHDS,https://annas-archive.org/md5/30233fbb91e6e7bed0827b1dda84151f,query,search_query_substring,,,LYD manual IHDS
30361ff72df84f887b901b3258425284,Computer,Hackers Secrets - e-book.pdf,Human Design Revealed Dickson,https://annas-archive.org/md5/30361ff72df84f887b901b3258425284,query,search_query_substring,,,Human Design Revealed Dickson
303e2d2cde18027535041b8fa57551a9,The Halls of Moambati (The Dark Filament Ephemeris Book 4),The Halls of Moambati,Chaitanyo Ephemeris,https://annas-archive.org/md5/303e2d2cde18027535041b8fa57551a9,query,search_query_substring,,,Chaitanyo Ephemeris
30447eb42d53c258e8504fe7ecd7de37,Building the SharePoint User Experience,using little known tips and tricks.</li>,Understanding Human Design,https://annas-archive.org/md5/30447eb42d53c258e8504fe7ecd7de37,query,search_query_substring,,,Understanding Human Design
304617d99c85dd00254f0a3f09809967,else-laskerschuler-samtliche-gedichte.epub,,Uljana Daitche,https://annas-archive.org/md5/304617d99c85dd00254f0a3f09809967,work,work_overlap:0.67,auth_uljana_daitche,Human Design - Beziehungen,
30566b7a8e78ec87e563f7b0490d0fc4,Die Verteuerung der Lebensmittel in Berlin im Laufe der letzten 30 Jahre und ihre Bedeutung für den Berliner Arbeiterhaushalt: Untersuchungen über Preisbildung. Abteilung A: Preisbildung für agrarisch,,Uljana Daitche Variablen im Human Design: Teil 1 — Die Pfeile,https://annas-archive.org/md5/30566b7a8e78ec87e563f7b0490d0fc4,work,work_overlap:1.00,auth_uljana_daitche,Variablen im Human Design: Teil 1 — Die Pfeile,
3071bbb53a2a0ce488ea324d99ee34ea,The Astrology of Human Relationships,,Karen Curry Parker Understanding Human Design: The New Science of Astrology,https://annas-archive.org/md5/3071bbb53a2a0ce488ea324d99ee34ea,work,work_overlap:1.00,auth_karen_curry_parker,Understanding Human Design: The New Science of Astrology,
30af44f53fccb7c0a9e3be69f607ca11,System 80+ Standard [nucl. powerplnt] Design,Vol 02,Human Design Revolutionary System|Human Design System Centres Schoeber,https://annas-archive.org/md5/30af44f53fccb7c0a9e3be69f607ca11,work,work_overlap:0.67,auth_peter_schoeber,Human Design System – The Centres,
30c725f0604a1b346e69570741fcc7ae,Opening Doors with Gene Keys,Opening Doors with Gene Keys,Gene Keys Richard Rudd|Richard Rudd|Richard Rudd The Gene Keys: Embracing Your Higher Purpose,https://annas-archive.org/md5/30c725f0604a1b346e69570741fcc7ae,work,work_overlap:1.00,auth_richard_rudd,The Gene Keys: Embracing Your Higher Purpose,
30d9d2d054f33901fa5c20d9292c3a31,newsarch_ebooks_2025_10,a website hosting digital resources that add to and complement the material contained within.,Beyond Human Design|Chetan Parkyn Human Design|Chiron Ephemeris Human Design|Daitche Human Design|Emma Dunwoody Human Design|Jenna Zoe Human Design|Karen Curry Human Design|Quantum Human Design|Richard Rudd Human Design|Robin Winn Human Design|Steve Rhodes Human Design|Understanding Clients Human Design|Understanding Human Design|Zen Human Design Ephemeris|Zeno Dickson Human Design,https://annas-archive.org/md5/30d9d2d054f33901fa5c20d9292c3a31,work,work_overlap:0.80,auth_robin_winn,Understanding Your Clients Through Human Design,
30e4ea689fd525784e765ddaedab0491,System Design Interview – An Insider's Guide,An Insider's Guide,Peter Schoeber Das Human Design System – Die Zentren,https://annas-archive.org/md5/30e4ea689fd525784e765ddaedab0491,work,work_overlap:1.00,auth_peter_schoeber,Das Human Design System – Die Zentren,
3137d36834b2efb548b49e9fdeec2e99,The courage to be disliked : the Japanese phenomenon that shows you how to change your life and achieve real happiness,The Courage to Be Disliked: The Japanese Phenomenon That Shows You How to Change Your Life and Achieve Real Happiness,Jenna Zoë Human Design: The Revolutionary System That Shows You Who You Came Here to Be,https://annas-archive.org/md5/3137d36834b2efb548b49e9fdeec2e99,work,work_overlap:1.00,auth_jenna_zoe,Human Design: The Revolutionary System That Shows You Who You Came Here to Be,
3194085edb16483f0707fd4edc2a07e2,Consciousness Books Collection,What it's like and what's really wrong with physicalism.pdf,Richard Rudd,https://annas-archive.org/md5/3194085edb16483f0707fd4edc2a07e2,work,work_overlap:0.67,auth_richard_rudd,Human Design: The Revelation,
31c0fd49bd95f26fa2542956c82f4833,Dopaminerge Differenzierung adulter humaner hippocampaler Stammzellen,,Science of Differentiation Human Design,https://annas-archive.org/md5/31c0fd49bd95f26fa2542956c82f4833,query,search_query_substring,,,Science of Differentiation Human Design
31cd2080aaf1fb6372791339386fc42b,newsarch_ebooks_2025_10,,Karen Curry Parker,https://annas-archive.org/md5/31cd2080aaf1fb6372791339386fc42b,work,work_overlap:0.75,auth_karen_curry_parker,Abundance by Design,
32305e6e0084362cfc9295f2c3736d4b,The Life You Were Born to Live: A Guide to Finding Your Life Purpose,,Chetan Parkyn Human Design: Discover the Person You Were Born to Be|Chetan Parkyn The Book of Destinies: Discover the Life You Were Born to Live,https://annas-archive.org/md5/32305e6e0084362cfc9295f2c3736d4b,work,work_overlap:1.00,auth_chetan_parkyn,Human Design: Discover the Person You Were Born to Be,
3232e95f4fc1ee2d8f35e2def00432b1,Soft Computing in the Design and Manufacturing of Composite Materials: Applications to Brake Friction and Thermoset Matrix Composites (Woodhead Publishing in Materials),,Triple Design Matrix DreamRave,https://annas-archive.org/md5/3232e95f4fc1ee2d8f35e2def00432b1,query,search_query_substring,,,Triple Design Matrix DreamRave
32810b8d617e78c70e64eb155a7d302e,Fluid-Mechanics-Streeter-Solution-Manual,,LYD manual IHDS,https://annas-archive.org/md5/32810b8d617e78c70e64eb155a7d302e,query,search_query_substring,,,LYD manual IHDS
32b0301f4930ac8192c40480f6d754a8,"Die Eidgenossen, das Reich und das politische System Karls V",notabene: ihre Söldner - als mögliche Partner zur Verwirklichung seiner außenpolitischen Pläne entdeckt. Karl V. setzte diese Politik unter den Voraussetzungen seines große Teile Europas umfassenden politischen Systems fort. Als Instrumente dienten ihm dabei Bündnisse und die Diplomatie. Mit ihrer Hilfe versuchte Karl - gemeinsam mit seinem Bruder Ferdinand -,Peter Schoeber Das Human Design System – Die Zentren,https://annas-archive.org/md5/32b0301f4930ac8192c40480f6d754a8,work,work_overlap:1.00,auth_peter_schoeber,Das Human Design System – Die Zentren,
32c93cf1a7b0488ad223386458fd66e6,newsarch_ebooks_2025_10,,Human Design Revealed Dickson,https://annas-archive.org/md5/32c93cf1a7b0488ad223386458fd66e6,query,search_query_substring,,,Human Design Revealed Dickson
32d183ba0cd6aa676bde98b525fd8360,The Complete and Authentic Thai Curry: Famous Thai Curry Recipes That Your Family and Guests Would Love to Try,The Complete and Authentic Thai Curry: Famous Thai Curry Recipes That Your Family and Guests Would Love to Try,Karen Curry Parker,https://annas-archive.org/md5/32d183ba0cd6aa676bde98b525fd8360,work,work_overlap:0.75,auth_karen_curry_parker,Abundance by Design,
32e66d3a14d2386684a78adbdf5a08c7,"Halls of Moambati (The Dark Filament Ephemeris Book 4), The",Halls of Moambati,Chaitanyo Ephemeris,https://annas-archive.org/md5/32e66d3a14d2386684a78adbdf5a08c7,query,search_query_substring,,,Chaitanyo Ephemeris
32e713d0dc4c03cb36dad08f61bda54f,Mathematik für Wirtschaftswissenschaftler 1: Grundzüge der Analysis Funktionen einer Variablen,,Daitche Variablen,https://annas-archive.org/md5/32e713d0dc4c03cb36dad08f61bda54f,query,search_query_substring,,,Daitche Variablen
33186706387cd94c20c391628dd60cdf,Design for partnerships for change : proceedings of the UIA World Congress of Architects Copenhagen 2023,Design for partnerships for change: proceedings of the UIA World Congress of Architects Copenhagen 2023,"Lynda Bunnell Human Design: The Definitive Book of Human Design, The Science of Differentiation",https://annas-archive.org/md5/33186706387cd94c20c391628dd60cdf,work,work_overlap:1.00,auth_lynda_bunnell,"Human Design: The Definitive Book of Human Design, The Science of Differentiation",
33189f1a9a6501e2533778680573b207,"Das große Franzis Handbuch für Windows 10: Edge, Cortana, OneDrive, Groove-Musik und vieles mehr",Das große Franzis Handbuch für Windows 10,Uljana Daitche Die 384 Linien der 64 Tore: das große Human Design Handbuch,https://annas-archive.org/md5/33189f1a9a6501e2533778680573b207,work,work_overlap:1.00,auth_uljana_daitche,Die 384 Linien der 64 Tore: das große Human Design Handbuch,
3345e4eb4cff02859a40c2d7cf7a5018,Argonauticele,Argonauticele.pdf,Bhan Tugh Rhodes,https://annas-archive.org/md5/3345e4eb4cff02859a40c2d7cf7a5018,work,work_overlap:0.75,auth_steve_rhodes,Bhan Tugh,
335f2b02ffeddd42558bff4b518a47fc,"Designing with the Mind in Mind, Second Edition Simple Guide to Understanding User Interface Design Guidelines",Provides an essential source for user interface design rules and how,Karen Curry Parker Understanding Human Design: The New Science of Astrology|Robin Winn Understanding the Centers in Human Design,https://annas-archive.org/md5/335f2b02ffeddd42558bff4b518a47fc,work,work_overlap:1.00,auth_karen_curry_parker,Understanding Human Design: The New Science of Astrology,
33651e621cb37fa067d1b253fdb00a33,Semantics,Semantics - Lexical Structures and Adjectives,Eleanor Haspel-Portner,https://annas-archive.org/md5/33651e621cb37fa067d1b253fdb00a33,query,search_query_substring,,,Eleanor Haspel-Portner
337e4eaa796f4ce7bdf9cfcbb4e01f18,On the Spectral Lines of a Pulsating Star (1919)(en)(7s),,Book of Lines Parkyn,https://annas-archive.org/md5/337e4eaa796f4ce7bdf9cfcbb4e01f18,query,search_query_substring,,,Book of Lines Parkyn
339aa1cc4a636c40f3d202a510a6d5da,"THE WORDS YOU SHOULD KNOW TO SOUND SMART : 1,200 ESSENTIAL WORDS EVERY SOPHISTICATED PERSON SHOULD BE ABLE TO USE","mastering the deliciously obscure terms in the words you should know to sound smart.this book is a tongue-in-cheek guide to words that any well-educated, witty person should be able to drop into cocktail conversation. you are encouraged to toss off words such as “disestablishmentarianism,” “descant,” and “autodidactic”—words that will make the user sound learned, intellectual, and wise. for those who want to improve the quality and sophistication of their speech and writing, this is the book to keep on the nightstand.read more…english [en] · pdf · 1.5mb · 2009 · 📘 book (non-fiction) · 🚀/lgli/lgrs/nexusstc/zlib    ·save·227·1base score: 11065.0, final score: 38.492752",Chetan Parkyn Human Design: Discover the Person You Were Born to Be,https://annas-archive.org/md5/339aa1cc4a636c40f3d202a510a6d5da,work,work_overlap:1.00,auth_chetan_parkyn,Human Design: Discover the Person You Were Born to Be,
33a94a49affc0a2131fe5d919d427ffc,"Vegan, Vegetarian & Raw Food",,Karen Curry Parker,https://annas-archive.org/md5/33a94a49affc0a2131fe5d919d427ffc,work,work_overlap:0.75,auth_karen_curry_parker,Abundance by Design,
33b7c06271c7a8f6989b124a0a5bf013,Sweet Corn Recipes: Here Is How to Make Them: Delicious and Easy Corn Recipes That You Can Make at Home,Sweet Corn Recipes: Here Is How to Make Them: Delicious and Easy Corn Recipes That You Can Make at Home,Jenna Zoë Human Design: The Revolutionary System That Shows You Who You Came Here to Be,https://annas-archive.org/md5/33b7c06271c7a8f6989b124a0a5bf013,work,work_overlap:1.00,auth_jenna_zoe,Human Design: The Revolutionary System That Shows You Who You Came Here to Be,
33cb6841a5c5e22e90780c7919d9a52b,"Human factors for the design, operation, and maintenance of mining equipment","leading experts from australia and north america, human factors for the design, operation, and maintenance of mining equipment covers the impact of new mining technology on human work performance and safety. ergonomics experts tim john horberry, robin burgess-limerread more…english [en] · pdf · 9.6mb · 2011 · 📘 book (non-fiction) · 🚀/lgli/lgrs/nexusstc/zlib    ·save·39·1base score: 11065.0, final score: 51.810154","Lynda Bunnell Human Design: The Definitive Book of Human Design, The Science of Differentiation",https://annas-archive.org/md5/33cb6841a5c5e22e90780c7919d9a52b,work,work_overlap:1.00,auth_lynda_bunnell,"Human Design: The Definitive Book of Human Design, The Science of Differentiation",
33dd672a28f6679688cd5ff36b9c2e6f,Общедоступная практическая астрономия._119619308.pdf,,Rave Cosmology,https://annas-archive.org/md5/33dd672a28f6679688cd5ff36b9c2e6f,query,search_query_substring,,,Rave Cosmology
3413ead25c5ddfd3fb10330db929ebeb,Pivoting Your Instruction: A Guide to Comprehensive Instructional Design for Faculty,,Living Your Design Student Manual|Lynda Bunnell Living Your Design Student Manual,https://annas-archive.org/md5/3413ead25c5ddfd3fb10330db929ebeb,work,work_overlap:1.00,auth_lynda_bunnell,Living Your Design Student Manual,
34a560254d7eb109b8ea0ab971745016,Minor White : the eye that shapes : [exhibition catalogue,Minor White,Lynda Bunnell,https://annas-archive.org/md5/34a560254d7eb109b8ea0ab971745016,query,search_query_substring,,,Lynda Bunnell
34b55b3b809b24adc3481b4c21fd8494,Thai Curry Cookbook: Best of Thai Curry Recipes to Enjoy with Your Family,Thai Curry Cookbook: Best of Thai Curry Recipes to Enjoy with Your Family,Karen Curry Parker,https://annas-archive.org/md5/34b55b3b809b24adc3481b4c21fd8494,work,work_overlap:0.75,auth_karen_curry_parker,Abundance by Design,
34ba87da347e98bd1876d3f7f4b35e22,"Super Manga Matrix (MangaMatrix, #2)",Super Manga Matrix,Triple Design Matrix DreamRave,https://annas-archive.org/md5/34ba87da347e98bd1876d3f7f4b35e22,query,search_query_substring,,,Triple Design Matrix DreamRave
34c5a8ee9b4bd94f28783c4757523f77,The Definitive Guide to Android,we explore them all,Book of Destinies Parkyn|Book of Lines Parkyn|Chetan Parkyn|Chetan Parkyn Human Design,https://annas-archive.org/md5/34c5a8ee9b4bd94f28783c4757523f77,query,search_query_substring,,,Chetan Parkyn Human Design
34e15f64ffee1805da502d7ab1ff50a0,hathi/ien/pairtree_root/35/55/80/05/38/53/60/35558005385360/35558005385360.zip,"herbert a. parkyn ...parkyn, herbert a.suggestion publishing house, 1909., illinois, 1909english [en] · zip · 0.1mb · 1909 · 📗 book (unknown) · 🚀/hathi    ·save·5base score: 9937.0, final score: 22.049623",Chetan Parkyn,https://annas-archive.org/md5/34e15f64ffee1805da502d7ab1ff50a0,query,search_query_substring,,,Chetan Parkyn
3512b9a535c17580388d1915d5b0ea0f,"The Video Collection Revealed: Adobe Premiere Pro CS5, After Effects CS5, Soundbooth CS5, Encore CS5",,Human Design Revealed Dickson,https://annas-archive.org/md5/3512b9a535c17580388d1915d5b0ea0f,query,search_query_substring,,,Human Design Revealed Dickson
35250bc7e3ee8d9b20d0e48b9dae30ce,Student Solutions Manual,Calculus Early Transcendentals/35250bc7e3ee8d9b20d0e48b9dae30ce.pdf,Living Your Design Student Manual,https://annas-archive.org/md5/35250bc7e3ee8d9b20d0e48b9dae30ce,work,work_overlap:1.00,auth_lynda_bunnell,Living Your Design Student Manual,
3532e9541e15d323125f31c47fb5f795,scihub/10.1109/icd46958.2020.9342021.pdf,,Peter Schöber,https://annas-archive.org/md5/3532e9541e15d323125f31c47fb5f795,query,search_query_substring,,,Peter Schöber
354f14c5734a0b8fe0f82571818b4a24,"Advances in Design and Digital Communication IV: Proceedings of the 7th International Conference on Design and Digital Communication, Digicom 2023, ... Series in Design and Innovation, 35)",Various Perspectives in Augmented Reality,"Beyond Human Design|Chetan Parkyn Human Design|Chiron Ephemeris Human Design|Daitche Human Design|Emma Dunwoody Human Design|Jenna Zoe Human Design|Karen Curry Human Design|Lynda Bunnell Human Design: The Definitive Book of Human Design, The Science of Differentiation|Quantum Human Design|Richard Rudd Human Design|Robin Winn Human Design|Steve Rhodes Human Design|Understanding Clients Human Design|Understanding Human Design|Zen Human Design Ephemeris|Zeno Dickson Human Design",https://annas-archive.org/md5/354f14c5734a0b8fe0f82571818b4a24,work,work_overlap:1.00,auth_lynda_bunnell,"Human Design: The Definitive Book of Human Design, The Science of Differentiation",
355ac8ddb50810b2dcb18de019fc9361,newsarch_ebooks_2025_10,,Jenna Zoë Human Design: The Revolutionary System That Shows You Who You Came Here to Be,https://annas-archive.org/md5/355ac8ddb50810b2dcb18de019fc9361,work,work_overlap:1.00,auth_jenna_zoe,Human Design: The Revolutionary System That Shows You Who You Came Here to Be,
355cb8d195d4b82a06298a74fe4cf746,"الحضارات والتاريخ والآثار |Library of Civilizations, History and Archeology",The Boston-Curry Party.DOC,Karen Curry Parker,https://annas-archive.org/md5/355cb8d195d4b82a06298a74fe4cf746,work,work_overlap:0.75,auth_karen_curry_parker,Abundance by Design,
356421e530d4987c854f716fd41b2324,Ephemeris: The Coveter,Ephemeris- The Coveter,Chaitanyo Ephemeris,https://annas-archive.org/md5/356421e530d4987c854f716fd41b2324,query,search_query_substring,,,Chaitanyo Ephemeris
358f2069a9eb4cee54829734c4b03dfc,Treatment of Eating Disorders_ Bridging th,Margo Maine.pdf,Lynda Bunnell,https://annas-archive.org/md5/358f2069a9eb4cee54829734c4b03dfc,query,search_query_substring,,,Lynda Bunnell
35bdc4dfcd2fbcdf0f90212954ba89f0,"Interprofessional education toolkit : practical strategies for program design, implementation, and assessment",Interprofessional Education Toolkit: Practical Strategies for Program Design,Human Design Health Haspel,https://annas-archive.org/md5/35bdc4dfcd2fbcdf0f90212954ba89f0,query,search_query_substring,,,Human Design Health Haspel
35cc84c3380c88abec82d44410385575,"Daylighting, architecture, and health : building design strategies",,Human Design Health Haspel,https://annas-archive.org/md5/35cc84c3380c88abec82d44410385575,query,search_query_substring,,,Human Design Health Haspel
35dac9aa8021452f0ca6beb210ff47f4,Cultures in Human-Computer Interaction,,64keys Human Design,https://annas-archive.org/md5/35dac9aa8021452f0ca6beb210ff47f4,query,search_query_substring,,,64keys Human Design
35f36ebbc4128ec5b3b87419a83b0f1d,Belonging and Performing Arts Centers: From Centers of Artistic Excellence to Centers of Human Connection,,Understanding Centers Human Design,https://annas-archive.org/md5/35f36ebbc4128ec5b3b87419a83b0f1d,query,search_query_substring,,,Understanding Centers Human Design
362867e132f8f16dc5a40bfc9e7c4bcf,"Society, Politics & Philosophy",that of President Xi Jinping,Richard Rudd,https://annas-archive.org/md5/362867e132f8f16dc5a40bfc9e7c4bcf,work,work_overlap:0.67,auth_richard_rudd,Human Design: The Revelation,
3628691cbe6bf9613bf46e929d6856f1,Door Control Systems: An Examination of Lines of Attack,Door Control Systems: An Examination of Lines of Attack.pdf,Book of Lines Parkyn,https://annas-archive.org/md5/3628691cbe6bf9613bf46e929d6856f1,query,search_query_substring,,,Book of Lines Parkyn
362fc992da44ea2ed76321f1fc0073c8,newsarch_ebooks_2025_10,"s. wolbank, m. van griensven, r. grillari-voglauer, and a. peterbauer-scherb; * mesenchymal stromal cells derived from human umbilical cord tissues: primitive cells with potential for clinical and tissue engineering applications,",Eleanor Haspel-Portner,https://annas-archive.org/md5/362fc992da44ea2ed76321f1fc0073c8,query,search_query_substring,,,Eleanor Haspel-Portner
36aba7e6448c2d51372f86cfe35d2b8b,I'm going to make this as simple as I can,I’m going to make this as simple as I can.pdf,Bhan Tugh Rhodes,https://annas-archive.org/md5/36aba7e6448c2d51372f86cfe35d2b8b,work,work_overlap:0.75,auth_steve_rhodes,Bhan Tugh,
36e007aaa84a124cc8d5b1a6f27aa344,Formal Semantics: The Essential Readings (Linguistics: The Essential Readings),Formal Semantics - The Essential Readings.pdf,Eleanor Haspel-Portner,https://annas-archive.org/md5/36e007aaa84a124cc8d5b1a6f27aa344,query,search_query_substring,,,Eleanor Haspel-Portner
36e40e278e91c67fbded87b2db31f4f7,PBooks Collection 2023,,Jovian Archive,https://annas-archive.org/md5/36e40e278e91c67fbded87b2db31f4f7,query,search_query_substring,,,Jovian Archive
36e889e97313a01c694f9c27f6c8a184,"Alfred Nowak, Rudolf Cantz, Wilhelm Engbert",,Uljana Daitche Variablen im Human Design: Teil 1 — Die Pfeile,https://annas-archive.org/md5/36e889e97313a01c694f9c27f6c8a184,work,work_overlap:1.00,auth_uljana_daitche,Variablen im Human Design: Teil 1 — Die Pfeile,
36f9d73fb0a075cc4f3f03507bd2e276,Isis im Römischen Reich: Teil 1: Die Göttin im griechisch-römischen Ägypten & Teil 2: Adaption(en) des Kultes im Westen,,Uljana Daitche Variablen im Human Design: Teil 1 — Die Pfeile,https://annas-archive.org/md5/36f9d73fb0a075cc4f3f03507bd2e276,work,work_overlap:1.00,auth_uljana_daitche,Variablen im Human Design: Teil 1 — Die Pfeile,
3708fc306c95ae8423e88ce07fcb1d63,Quantum Software Models: The Density Matrix for Classical and Quantum Software Systems Design,,Karen Curry Parker The Encyclopedia of Quantum Human Design|Triple Design Matrix DreamRave,https://annas-archive.org/md5/3708fc306c95ae8423e88ce07fcb1d63,work,work_overlap:1.00,auth_karen_curry_parker,The Encyclopedia of Quantum Human Design,
37108a6b91204e5a5575fdad11e5c0ea,Why is my Computer so slow? + 210 more problem solved!,8.1 от лучших IT специалистов - авторов авторитетного британского журнала  Computeract!ve.    Computers,Book of Destinies Parkyn|Book of Lines Parkyn|Chetan Parkyn|Chetan Parkyn Human Design,https://annas-archive.org/md5/37108a6b91204e5a5575fdad11e5c0ea,query,search_query_substring,,,Chetan Parkyn Human Design
371d17795290f4c81141cc73dd963fb6,"Movement For Life, A Revolutionary Program That Allows You to Take Control of Your Own Health and Well-Being (Feldenkrais based)",,Jenna Zoë Human Design: The Revolutionary System That Shows You Who You Came Here to Be,https://annas-archive.org/md5/371d17795290f4c81141cc73dd963fb6,work,work_overlap:1.00,auth_jenna_zoe,Human Design: The Revolutionary System That Shows You Who You Came Here to Be,
379de4f0b1d4d9df0470131963030347,newsarch_ebooks_2025_10,,Understanding Human Design,https://annas-archive.org/md5/379de4f0b1d4d9df0470131963030347,query,search_query_substring,,,Understanding Human Design
37bb8adcf0029d75f8ed692ab83776dc,newsarch_ebooks_2025_10,"claudia maienborn, klaus von heusinger, paul portnerde gruyter mouton, handbücher zur sprach- und kommunikationswissenschaft 33.3, 3, 2012this handbook comprises, in three volumes, an in-depth presentation of the state of the art in linguistic semantics from a wide variety of perspectives.  it contains 112 articles written",Eleanor Haspel-Portner,https://annas-archive.org/md5/37bb8adcf0029d75f8ed692ab83776dc,query,search_query_substring,,,Eleanor Haspel-Portner
37c1292e25987d2aecc83e5dcae83ff2,The Halls of Moambati (The Dark Filament Ephemeris Book 4),The Halls of Moambati,Chaitanyo Ephemeris,https://annas-archive.org/md5/37c1292e25987d2aecc83e5dcae83ff2,query,search_query_substring,,,Chaitanyo Ephemeris
37e5d35292f55e55a8d3df91f2c52c78,Das große Handbuch der Chinesischen Ernährungslehre: Eine Anleitung zur gesunden Lebensgestaltung,,Uljana Daitche Die 384 Linien der 64 Tore: das große Human Design Handbuch,https://annas-archive.org/md5/37e5d35292f55e55a8d3df91f2c52c78,work,work_overlap:1.00,auth_uljana_daitche,Die 384 Linien der 64 Tore: das große Human Design Handbuch,
388652c2e4574a742161433e50f4023e,Degruyter Imprints v2 [09-06-23],,Uljana Daitche Variablen im Human Design: Teil 1 — Die Pfeile,https://annas-archive.org/md5/388652c2e4574a742161433e50f4023e,work,work_overlap:1.00,auth_uljana_daitche,Variablen im Human Design: Teil 1 — Die Pfeile,
38d398f4103071b455e02919df50022b,Examining the efficacy of a digital therapeutic to prevent suicidal ideation and behaviors in a primary care setting: Design and methodology of a randomized controlled trial with military service memb,,Richard Rudd Human Design|Richard Rudd Human Design: The Revelation,https://annas-archive.org/md5/38d398f4103071b455e02919df50022b,work,work_overlap:1.00,auth_richard_rudd,Human Design: The Revelation,
38d71379ca9f1acec7b12ab480287ba8,Predictive Astrology: Understanding Transits as the Key to the Future,,Karen Curry Parker Understanding Human Design: The New Science of Astrology,https://annas-archive.org/md5/38d71379ca9f1acec7b12ab480287ba8,work,work_overlap:1.00,auth_karen_curry_parker,Understanding Human Design: The New Science of Astrology,
393b74bd965f27039d64e90ab6991ac8,PBooks Collection 2023,,Jovian Archive,https://annas-archive.org/md5/393b74bd965f27039d64e90ab6991ac8,query,search_query_substring,,,Jovian Archive
39658c4245d233bfd3b26204f58dcc73,Control Perspectives on Numerical Algorithms and Matrix Problems,,Triple Design Matrix DreamRave,https://annas-archive.org/md5/39658c4245d233bfd3b26204f58dcc73,query,search_query_substring,,,Triple Design Matrix DreamRave
39922d40c6e9526579667099b04b0429,Chromatic Transposition Of ii-V-I Bebop Lines.,,Book of Lines Parkyn,https://annas-archive.org/md5/39922d40c6e9526579667099b04b0429,query,search_query_substring,,,Book of Lines Parkyn
39bf8fc5cfc389b59c3c79dc0d1baff0,Who Told You that You Were Naked?: From the Fall of Adam to the Rise of the Antichrist,,Chetan Parkyn The Book of Destinies: Discover the Life You Were Born to Live|Jenna Zoë Human Design: The Revolutionary System That Shows You Who You Came Here to Be,https://annas-archive.org/md5/39bf8fc5cfc389b59c3c79dc0d1baff0,work,work_overlap:1.00,auth_chetan_parkyn,The Book of Destinies: Discover the Life You Were Born to Live,
39bfb934ec820fea6f455459d3c9f8ae,Degruyter Imprints v2 [09-06-23],,Peter Schoeber Das Human Design System – Die Zentren,https://annas-archive.org/md5/39bfb934ec820fea6f455459d3c9f8ae,work,work_overlap:1.00,auth_peter_schoeber,Das Human Design System – Die Zentren,
39d4536281637d7dd3eba5a76fb6ac4d,CIA-NSA-DEA-FBI-DARPA Mind Control-Drugs,correctly; Deepen hypnotic trance for greater impact; Structure therapeutic suggestions to effectively achieve client goals; Use hypnosis to help a person stop unwanted behaviors; Awaken someone from a hypnotic trance; Use the basic language patterns of Milton Erickson and NLP,Gene Keys Richard Rudd,https://annas-archive.org/md5/39d4536281637d7dd3eba5a76fb6ac4d,work,work_overlap:0.67,auth_richard_rudd,Human Design: The Revelation,
3a092013788b8b95fe07669760d2e102,Diseño Humano,Diseño Humano.pdf,Living Your Design Bunnell|Lynda Bunnell|Prophecy Ra Uru Hu Rhodes|Ra Uru Hu|Ra Uru Hu Generator Book|Ra Uru Hu Line Resonance|Ra Uru Hu Rave BodyGraph Circuitry|Ra Uru Hu Rave I'Ching Line Companion|Ra Uru Hu The Complete Rave I'Ching|Ra Uru Hu The Nine Centres and their Gates|Ra Uru Hu The Rave I'Ching,https://annas-archive.org/md5/3a092013788b8b95fe07669760d2e102,work,work_overlap:1.00,auth_ra_uru_hu,The Rave I'Ching,
3a38857e8dd74c0f394f8376c968ca2f,Student Solutions Manual for Elementary Differential Equations and Elementary Differential Equations with Boundary Value Problems,,Living Your Design Student Manual,https://annas-archive.org/md5/3a38857e8dd74c0f394f8376c968ca2f,work,work_overlap:1.00,auth_lynda_bunnell,Living Your Design Student Manual,
3a54ca28cc89788eef76740aa05e7a80,Compact Representations For The Design Of Quantum Logic (springerbriefs In Physics),a means of compactly and efficiently representing and manipulating quantum logic. For future quantum computers,Karen Curry Parker The Encyclopedia of Quantum Human Design,https://annas-archive.org/md5/3a54ca28cc89788eef76740aa05e7a80,work,work_overlap:1.00,auth_karen_curry_parker,The Encyclopedia of Quantum Human Design,
3aa3b2df4bb7ba75bf49e26740b7dac2,Offizieller Bericht über die Kriegsereignisse zwischen Hannover und Preußen im Juni1866 und Relation der Schlacht bei Langensalza am 27. Juni 1866,,Uljana Daitche Variablen im Human Design: Teil 1 — Die Pfeile,https://annas-archive.org/md5/3aa3b2df4bb7ba75bf49e26740b7dac2,work,work_overlap:1.00,auth_uljana_daitche,Variablen im Human Design: Teil 1 — Die Pfeile,
3aba66384356d65660d324584ee24d11,newsarch_ebooks_2025_10,"noted paper crafters like benjamin john coleman, patricia zapata, and richela fabian morgan. they have all been creating amazing objects with paper for many years. whether you're a beginner or have been paper crafting for many years, you're bound to find something you'll love in __all things paper__. soon you will be on your way to creating your own designs and paper art.i t is a great book for experienced paper craft hobbyists...read more…english [en] · pdf · 47.9mb · 2012 · 📘 book (non-fiction) · 🚀/lgli/lgrs/nexusstc/upload/zlib    ·save·24·1base score: 11065.0, final score: 26.499468",Human Design Made Simple Dunwoody,https://annas-archive.org/md5/3aba66384356d65660d324584ee24d11,query,search_query_substring,,,Human Design Made Simple Dunwoody
3ad8c4c12e9fc2434993aa0dba7eb482,Квантово активиране на карти Хюмън Дизайн,Ръководство/3ad8c4c12e9fc2434993aa0dba7eb482.pdf,Karen Curry Human Design|Karen Curry Parker|Karen Curry Parker The Encyclopedia of Quantum Human Design|Karen Curry Parker Understanding Human Design: The New Science of Astrology,https://annas-archive.org/md5/3ad8c4c12e9fc2434993aa0dba7eb482,work,work_overlap:1.00,auth_karen_curry_parker,Understanding Human Design: The New Science of Astrology,
3ae73ad56a6313ec4e8c0af267382652,newsarch_ebooks_2025_10,,Chetan Parkyn Human Design: Discover the Person You Were Born to Be,https://annas-archive.org/md5/3ae73ad56a6313ec4e8c0af267382652,work,work_overlap:1.00,auth_chetan_parkyn,Human Design: Discover the Person You Were Born to Be,
3af867849692c523bc6054d5aa2fa838,Between the Lines of Drift: The Memoirs of a Militant,,Book of Lines Parkyn,https://annas-archive.org/md5/3af867849692c523bc6054d5aa2fa838,query,search_query_substring,,,Book of Lines Parkyn
3b1a6c5b25cdeef95a456c18a97881a1,U.N. Plan to Designate Wildernes Areas,Part 1.pdf,Jenna Zoë Human Design: The Revolutionary System That Shows You Who You Came Here to Be,https://annas-archive.org/md5/3b1a6c5b25cdeef95a456c18a97881a1,work,work_overlap:1.00,auth_jenna_zoe,Human Design: The Revolutionary System That Shows You Who You Came Here to Be,
3b88c9681c859d6532d6ea06a3946e25,BG5 Career and Business Consulting,BG5 Career and Business Consulting - Student Manual 1,Human Design System Ra|Living Your Design Student Manual|Lynda Bunnell Living Your Design Student Manual|Prophecy Ra Uru Hu Rhodes|Ra Uru Hu|Ra Uru Hu Generator Book|Ra Uru Hu Line Resonance|Ra Uru Hu Rave BodyGraph Circuitry|Ra Uru Hu Rave I'Ching Line Companion|Ra Uru Hu The Complete Rave I'Ching|Ra Uru Hu The Nine Centres and their Gates|Ra Uru Hu The Rave I'Ching,https://annas-archive.org/md5/3b88c9681c859d6532d6ea06a3946e25,work,work_overlap:1.00,auth_ra_uru_hu,The Rave I'Ching,
3b8d4d7d081916dc989e68cdbef2eb9e,Talk to the Elephant: Design Learning for Behavior Change_119005900.pdf,,Richard Rudd Human Design: The Revelation,https://annas-archive.org/md5/3b8d4d7d081916dc989e68cdbef2eb9e,work,work_overlap:1.00,auth_richard_rudd,Human Design: The Revelation,
3b929f05880895118f3d821d91f58dc6,The Parent's Guide to Childcare : How to Choose and Manage the Right Childcare for You and Your Child --,"allison lee/3b929f05880895118f3d821d91f58dc6.pdfthe parent's guide to childcare : how to choose and manage the right childcare for you and your child --allison leehow to books, ltd, perseus books, llc, oxford, u.k., 2008finding the right person to care for your child is probably one of the most difficult decisions you will ever have to make. choosing a nursery, nanny or childminder needs to be well researched in order to select the right type of childcare to meet your own individual needs. good childcare places are often booked months in advance, so you'll need to prepare well ahead to ensure you won't want to have to settle for second best when making this important decision.this book looks at the most popular types of childcare available and weighs up the advantages and disadvantages of each to help you to decide which service suits you best. it will help you to: decide what kind of childcare you require; ensure that the relationship between the child and the carer and you and the carer work well; know what to expect from your childminder in terms of play and educational activities; know what to do when either your child or the carer is ill; understand the childcare contract; and know what to do when things go wrong. plus there are important questions to ask to help you to choose the right childcare for you and your child.     author biog:  allison lee has worked as childminder herself for over 12 years and is now employed",How Do You Choose Human Design,https://annas-archive.org/md5/3b929f05880895118f3d821d91f58dc6,query,search_query_substring,,,How Do You Choose Human Design
3bb1356844b636a7bfe01f716c95086a,"Legacy : Cecil Rhodes, the Rhodes Trust and Rhodes scholarships",Robert Penn Warren - Bill Bradley - Wesley Clark - Bill Clinton - Strobe Talbott - David Souter - George Stephanopoulos,Bhan Tugh Rhodes,https://annas-archive.org/md5/3bb1356844b636a7bfe01f716c95086a,work,work_overlap:0.75,auth_steve_rhodes,Bhan Tugh,
3be07593d892eb5907cb7ccae30ecd4d,Development Planning and Policy Design: A System Dynamics Approach,,Human Design Revolutionary System|Human Design System Centres Schoeber,https://annas-archive.org/md5/3be07593d892eb5907cb7ccae30ecd4d,work,work_overlap:0.67,auth_peter_schoeber,Human Design System – The Centres,
3bee0d5e350e6444fb43f603ed557159,Christmas Pegasus (A Mate for Christmas Book 3),Christmas Pegasus,Jenna Zoë,https://annas-archive.org/md5/3bee0d5e350e6444fb43f603ed557159,author,surname:Jenna,auth_jenna_zoe,,
3bfafc486f32f68abd28a55ceb3a41e9,Manual del Guia de Patrulla SCOUT manual\_gp,,LYD manual IHDS,https://annas-archive.org/md5/3bfafc486f32f68abd28a55ceb3a41e9,query,search_query_substring,,,LYD manual IHDS
3c3171ee4d111fd88c8d70f3efcb68bd,Codon Mapping (with RR labels of clusters),,Prophecy Ra Uru Hu Rhodes|Ra Uru Hu|Ra Uru Hu Generator Book|Ra Uru Hu Line Resonance,https://annas-archive.org/md5/3c3171ee4d111fd88c8d70f3efcb68bd,work,work_overlap:1.00,auth_ra_uru_hu,Generator Book,
3c46b55003409bc1d57a389890e8abee,PBooks Collection 2023,,Chaitanyo Ephemeris,https://annas-archive.org/md5/3c46b55003409bc1d57a389890e8abee,query,search_query_substring,,,Chaitanyo Ephemeris
3c7d9f2baf9b711a5428f3d8e5720e7b,"Making Meaning : Embracing Spirituality, Faith, Religion, and Life Purpose in Student Affairs","tracing the pendulum swing from higher education's historical foundation in religion to the science-focused, religion-averse 20th century, and now to a fragile middle position, in which religious and secular diversity are being seriously considered and embraced. section ii analyzes the role professional associations play in advancing the student affairs field's commitment to spirituality, faith and life purpose; the degree of support they offer to practitioners as they examine their own religious and secular identities, and envisages potential new programming, resources, and networks. section iii describes a number of programs and services developed",Richard Rudd The Gene Keys: Embracing Your Higher Purpose,https://annas-archive.org/md5/3c7d9f2baf9b711a5428f3d8e5720e7b,work,work_overlap:1.00,auth_richard_rudd,The Gene Keys: Embracing Your Higher Purpose,
3c95e8121ecf7e508e7ae4f71957236d,Human Design,Human Design - The Revelation: A guide to basic Concepts,Gene Keys Richard Rudd|Human Design System Centres Schoeber|Richard Rudd|Richard Rudd Human Design|Richard Rudd Human Design: The Revelation|Richard Rudd The Gene Keys: Embracing Your Higher Purpose,https://annas-archive.org/md5/3c95e8121ecf7e508e7ae4f71957236d,work,work_overlap:1.00,auth_richard_rudd,The Gene Keys: Embracing Your Higher Purpose,
3cc33c1777e47a95e34eeaaa5f06e525,Praktische Generalstabswissenschaft (Niederer Teil) Oder: Dienst des Generalstabes für die bei einer Division im Kriege angestellten Offiziere,,Uljana Daitche Variablen im Human Design: Teil 1 — Die Pfeile,https://annas-archive.org/md5/3cc33c1777e47a95e34eeaaa5f06e525,work,work_overlap:1.00,auth_uljana_daitche,Variablen im Human Design: Teil 1 — Die Pfeile,
3cc8a0d02bbb0644a3839f6b621bb86b,Grokking the System Design Interview by Design Gurus .pdf,"design gurus .pdfgrokking the system design interviewdesign gurussystem design questions have become a standard part of the software engineering interview process. performance in these interviews reflects upon your ability to work with complex systems and translates into the position and salary the interviewing company offers you. most engineers struggle with the system design interview (sdi), partly because of their lack of experience in developing large-scale systems and partly because of the unstructured nature of sdis. even engineers who’ve some experience building such systems aren't comfortable with these interviews, mainly due to the open-ended nature of design problems that don't have a standard answer.",Human Design Revolutionary System|Human Design System Centres Schoeber|Human Design System Ra,https://annas-archive.org/md5/3cc8a0d02bbb0644a3839f6b621bb86b,work,work_overlap:0.67,auth_peter_schoeber,Human Design System – The Centres,
3cd483feb4d774627581c74efac6214d,The e-Bay Phenomenon: Business Secrets Behind the World's Hottest Internet Company,,Lynda Bunnell,https://annas-archive.org/md5/3cd483feb4d774627581c74efac6214d,query,search_query_substring,,,Lynda Bunnell
3cdc4da6a21aaea031cdf8975aa3d340,Mittheilungen [Mitteilungen] über das Königliche Bad Oeynhausen bei Rehme-Neusalzwerk,,Peter Schöber,https://annas-archive.org/md5/3cdc4da6a21aaea031cdf8975aa3d340,query,search_query_substring,,,Peter Schöber
3cf6618e16a6813ea2276980a2e79bb2,Understanding General Relativity: A First Course in Einstein's Amazing Theory_119983984.pdf,,Rave Cosmology,https://annas-archive.org/md5/3cf6618e16a6813ea2276980a2e79bb2,query,search_query_substring,,,Rave Cosmology
3d395888843dd9cf7798b0fef9bf0058,"Mathematik für Ingenieure mit Maple: Band 1: Differential- und Integralrechnung für Funktionen einer Variablen, Vektor- und Matrizenrechnung, Komplexe Zahlen, Funktionenreihen",,Daitche Variablen,https://annas-archive.org/md5/3d395888843dd9cf7798b0fef9bf0058,query,search_query_substring,,,Daitche Variablen
3d879b1c9464f2f3ac2eac89b64f9cbd,#x98;Die#x9C; große Fotoschule digitale Fotopraxis ; [das umfassende Handbuch zur digitalen Fotografie ; digitale Technik verständlich erklärt ; mit zahlreichen Tipps für die fotografische Praxis,Die große Fotoschule - Digitale Fotopraxis,Uljana Daitche Die 384 Linien der 64 Tore: das große Human Design Handbuch,https://annas-archive.org/md5/3d879b1c9464f2f3ac2eac89b64f9cbd,work,work_overlap:1.00,auth_uljana_daitche,Die 384 Linien der 64 Tore: das große Human Design Handbuch,
3e1d4dcf236d26d07a781db89c026e8c,"Advances in metal matrix composites : proceedings of an international meeting ; [papers ... from the Symposium on Metal Matrix Composites (MMC) which was one of two parallel symposia held at ""Cairo Ma","particles, nano-dispersoids, and long fibers. drawing from both experimental research and computer simulations, they consider such topics as simulating the mechanical behavior of metal matrix composites, friction welding particle reinforced aluminum-based composites, processing lightweight metal matrix composites with gas/liquid reactions, and producing and characterizing aluminum iron powder composites with ferromagnetic properties.      � read more...",Triple Design Matrix DreamRave,https://annas-archive.org/md5/3e1d4dcf236d26d07a781db89c026e8c,query,search_query_substring,,,Triple Design Matrix DreamRave
3e22afd0089d0adf1166dcebaf4cb2eb,"Astrology, Science and Culture : Pulling Down the Moon","probing deeply into the meaning and importance of this extraordinary belief system. from the dawn of pre-history, humankind has had an intimate connection with the stars. with its roots in the neolithic culture of europe and the middle east, astrology was traditionally heralded as a divinatory language. willis and curry argue that, contrary to contemporary understanding including that of most astrologers astrology was originally, and remains, a divinatory practice. tackling its rich and controversial history, its problematic relationship to jungian theory, and attempts to prove its grounding in objective reality, this book not only persuasively demonstrates that astrology is far more than a superstitious relic of years gone by, but that it enables a fundamental critique of the scientism of its opponents. groundbreaking in its reconciliation of astrologys ancient traditions and its modern day usage, this book impressively unites philosophy, science, anthropology, and history, to produce a powerful exploration of astrology, past and present.read more…english [en] · pdf · 1.0mb · 2004 · 📘 book (non-fiction) · 🚀/lgli/lgrs/nexusstc/zlib    ·save·21·1base score: 11060.0, final score: 35.990646",Karen Curry Parker Understanding Human Design: The New Science of Astrology,https://annas-archive.org/md5/3e22afd0089d0adf1166dcebaf4cb2eb,work,work_overlap:1.00,auth_karen_curry_parker,Understanding Human Design: The New Science of Astrology,
3e2504c7caf28f987c1cfa4f9199f94c,Zoé et Théo,Zoé et Théo - Tome 21 - Zoé et Théo musiciens,Jenna Zoë,https://annas-archive.org/md5/3e2504c7caf28f987c1cfa4f9199f94c,author,surname:Jenna,auth_jenna_zoe,,
3e3085cff59fc4549afddbddd464ffe0,Degruyter Imprints v2 [09-06-23],,Daitche Variablen,https://annas-archive.org/md5/3e3085cff59fc4549afddbddd464ffe0,query,search_query_substring,,,Daitche Variablen
3e3565cedfe005902836fbd6d612dee0,Living your Design,Living your Design - A New Manual for Awakening.pdf,Gene Keys Richard Rudd|Living Your Design Student Manual|Lynda Bunnell Living Your Design Student Manual|Richard Rudd|Richard Rudd Human Design|Richard Rudd Human Design: The Revelation|Richard Rudd The Gene Keys: Embracing Your Higher Purpose,https://annas-archive.org/md5/3e3565cedfe005902836fbd6d612dee0,work,work_overlap:1.00,auth_lynda_bunnell,Living Your Design Student Manual,
3e3ec3cb88f51131f9b13c137a7109d0,The Concealment Holster Guide: How to Choose the Right Concealment Holster for You,The Concealment Holster Guide: How to Choose the Right Concealment Holster for You,How Do You Choose Human Design,https://annas-archive.org/md5/3e3ec3cb88f51131f9b13c137a7109d0,query,search_query_substring,,,How Do You Choose Human Design
3e5a633da25f16d77c9d67bb86c06462,Das große Euro-Handbuch : Praxis der Währungsumstellung und Strategien für neue Märkte,,Uljana Daitche Die 384 Linien der 64 Tore: das große Human Design Handbuch,https://annas-archive.org/md5/3e5a633da25f16d77c9d67bb86c06462,work,work_overlap:1.00,auth_uljana_daitche,Die 384 Linien der 64 Tore: das große Human Design Handbuch,
3f1217ac4d4d9ca829fb773b38a7b0d4,hathi/hvd/pairtree_root/hn/6i/jh/hn6ijh/hn6ijh.zip,"herbert a. parkyn ...parkyn, herbert a.suggestion publishing house, 1909., illinois, 1909english [en] · zip · 0.1mb · 1909 · 📗 book (unknown) · 🚀/hathi    ·save·16base score: 9937.0, final score: 22.461906",Chetan Parkyn,https://annas-archive.org/md5/3f1217ac4d4d9ca829fb773b38a7b0d4,query,search_query_substring,,,Chetan Parkyn
3f2cbc3ed14e282ec8f2436aaadea3b0,How to Read Nonprofit Financial,Andrew Lang,Steve Rhodes Human Design: How to Read a Graph,https://annas-archive.org/md5/3f2cbc3ed14e282ec8f2436aaadea3b0,work,work_overlap:1.00,auth_steve_rhodes,Human Design: How to Read a Graph,
3f7a1921a7bf5bfd0578b2404bdc7093,scihub/10.1145/3411764.3445773.pdf,,Robin Winn Understanding the Centers in Human Design|Understanding Human Design,https://annas-archive.org/md5/3f7a1921a7bf5bfd0578b2404bdc7093,work,work_overlap:1.00,auth_robin_winn,Understanding the Centers in Human Design,
3f84e64f7ce0d09efe7b14ba5c7c8319,newsarch_ebooks_2025_10,,Daitche Variablen,https://annas-archive.org/md5/3f84e64f7ce0d09efe7b14ba5c7c8319,query,search_query_substring,,,Daitche Variablen
3f8c166bb9ab5bc9dcb83cd8c7cb0b3e,"Sonderedition 30 Minuten Kommunikation & Rhetorik : Drei Bände in einem E-Book: Schlagfertigkeit, Die wirkungsvolle Stimme, Small Talk",Sonderedition 30 Minuten Kommunikation & Rhetorik,Eleanor Haspel-Portner,https://annas-archive.org/md5/3f8c166bb9ab5bc9dcb83cd8c7cb0b3e,query,search_query_substring,,,Eleanor Haspel-Portner
3f946dea0f9e623d3e5a638f5462fc32,The Holy Incantation of Solace,The Holy Incantation of Solace.pdf,Gene Keys Richard Rudd|Richard Rudd|Richard Rudd Human Design: The Revelation,https://annas-archive.org/md5/3f946dea0f9e623d3e5a638f5462fc32,work,work_overlap:1.00,auth_richard_rudd,Human Design: The Revelation,
3fa194ee13ce501ca18175cbe5e045f3,Degruyter Imprints v2 [09-06-23],,Daitche Variablen,https://annas-archive.org/md5/3fa194ee13ce501ca18175cbe5e045f3,query,search_query_substring,,,Daitche Variablen
3fa5623664a3b60c98f156703152a5b7,"Human-Factors Guidance, Intfc Design",Nuclear Reactor Ctl Rooms - US DOE,Beyond Human Design|Chetan Parkyn Human Design|Chiron Ephemeris Human Design|Daitche Human Design|Emma Dunwoody Human Design|Jenna Zoe Human Design|Karen Curry Human Design|Quantum Human Design|Richard Rudd Human Design|Robin Winn Human Design|Steve Rhodes Human Design|Understanding Centers Human Design|Understanding Clients Human Design|Understanding Human Design|Zen Human Design Ephemeris|Zeno Dickson Human Design,https://annas-archive.org/md5/3fa5623664a3b60c98f156703152a5b7,work,work_overlap:1.00,auth_robin_winn,Understanding the Centers in Human Design,
3fd8dac37827ca3fe8d05b27af210278,"Financial Abuse of Older Clients: Law, Practice and Prevention",Financial abuse issues for care homes,Understanding Clients Human Design,https://annas-archive.org/md5/3fd8dac37827ca3fe8d05b27af210278,query,search_query_substring,,,Understanding Clients Human Design
3ff2c855233cb06935d317e140ae934d,La Antigua Grecia. Una historia esencial,,Bhan Tugh Rhodes,https://annas-archive.org/md5/3ff2c855233cb06935d317e140ae934d,work,work_overlap:0.75,auth_steve_rhodes,Bhan Tugh,
4019f3b21b44e9a83484a1f16453e7f6,TypeScript Design Patterns: Boost your development efficiency by learning about design patterns in TypeScript,"learning about design patterns in typescript (2016, ).pdftypescript design patterns: boost your development efficiency",Living Your Design Bunnell,https://annas-archive.org/md5/4019f3b21b44e9a83484a1f16453e7f6,query,search_query_substring,,,Living Your Design Bunnell
4020c5f8174b315d679b245637278e3e,How To Read A Book_ A Classic Guide to Intelligent Reading,How To Read A Book_ A Classic Guide to Intelligent Reading-Touchstone,Steve Rhodes Human Design: How to Read a Graph,https://annas-archive.org/md5/4020c5f8174b315d679b245637278e3e,work,work_overlap:1.00,auth_steve_rhodes,Human Design: How to Read a Graph,
403926cb9a204c0d4a1fd034c27b3029,The Big Picture: A Guide to Finding Your Purpose in Life,The Big Picture: A Guide to Finding Your Purpose in Life,Richard Rudd The Gene Keys: Embracing Your Higher Purpose,https://annas-archive.org/md5/403926cb9a204c0d4a1fd034c27b3029,work,work_overlap:1.00,auth_richard_rudd,The Gene Keys: Embracing Your Higher Purpose,
403c50bd3bdac0de89b3ee1040abf2b1,System 80+ Standard [nucl. powerplnt] Design,Vol 14,Human Design Revolutionary System|Human Design System Centres Schoeber,https://annas-archive.org/md5/403c50bd3bdac0de89b3ee1040abf2b1,work,work_overlap:0.67,auth_peter_schoeber,Human Design System – The Centres,
4040274a2cfff1308d023b968666a8bb,"Self-Help, Relationships & Lifestyle",,Chetan Parkyn,https://annas-archive.org/md5/4040274a2cfff1308d023b968666a8bb,query,search_query_substring,,,Chetan Parkyn
406a3cf035f64f545ba412c0e9fdf956,"Optimal Design and Retrofit of Energy Efficient Buildings, Communities, and Urban Centers",,Understanding Centers Human Design,https://annas-archive.org/md5/406a3cf035f64f545ba412c0e9fdf956,query,search_query_substring,,,Understanding Centers Human Design
408a1b2763ef2d412955edb2025523d4,"Human Factors on the Flight Deck: A Practical Guide for Design, Modelling and Evaluation",,64keys Human Design,https://annas-archive.org/md5/408a1b2763ef2d412955edb2025523d4,query,search_query_substring,,,64keys Human Design
408bbad252696a6f2c1b483124d51c19,Clinical Microbiology [Made Ridiculously Simple],M. Gladwin,Human Design Made Simple Dunwoody,https://annas-archive.org/md5/408bbad252696a6f2c1b483124d51c19,query,search_query_substring,,,Human Design Made Simple Dunwoody
40cfe4f29ae6f19e92954b2790600363,Mathematik 2: Geschrieben für Physiker,,Daitche Variablen,https://annas-archive.org/md5/40cfe4f29ae6f19e92954b2790600363,query,search_query_substring,,,Daitche Variablen
40ea0c95accc60d6d87a880643136ec3,Curry Easy,Curry Easy.pdf,Karen Curry Parker,https://annas-archive.org/md5/40ea0c95accc60d6d87a880643136ec3,work,work_overlap:0.75,auth_karen_curry_parker,Abundance by Design,
412bd4ae45cc633555fdc51ab5c63f83,Die Rheinwiesenlager im Sommer 1945 (Teil 4)_28329851.pdf,,Uljana Daitche Variablen im Human Design: Teil 1 — Die Pfeile,https://annas-archive.org/md5/412bd4ae45cc633555fdc51ab5c63f83,work,work_overlap:1.00,auth_uljana_daitche,Variablen im Human Design: Teil 1 — Die Pfeile,
414c0ab32c10e3099f0087f029b8b931,newsarch_ebooks_2025_10,A Human-Centred Approach to Designing for Safety and Security,Beyond Human Design|Chetan Parkyn Human Design|Chiron Ephemeris Human Design|Daitche Human Design|Emma Dunwoody Human Design|Quantum Human Design|Richard Rudd Human Design|Robin Winn Human Design|Steve Rhodes Human Design|Understanding Human Design|Zen Human Design Ephemeris|Zeno Dickson Human Design,https://annas-archive.org/md5/414c0ab32c10e3099f0087f029b8b931,work,work_overlap:0.75,auth_robin_winn,Understanding the Centers in Human Design,
41906ea8501771acdd898c78c791aeb9,Die Steuer der Immobilien – leicht gemacht,,Peter Schöber,https://annas-archive.org/md5/41906ea8501771acdd898c78c791aeb9,query,search_query_substring,,,Peter Schöber
4190d06a42af310d185e817f2ce757ac,scihub/10.1145/3450741.3466629.pdf,,Jenna Zoe Human Design,https://annas-archive.org/md5/4190d06a42af310d185e817f2ce757ac,query,search_query_substring,,,Jenna Zoe Human Design
41d7188cc215be30da3256c1fa34983b,Corazones Perdidos,Corazones Perdidos,Bhan Tugh Rhodes,https://annas-archive.org/md5/41d7188cc215be30da3256c1fa34983b,work,work_overlap:0.75,auth_steve_rhodes,Bhan Tugh,
41efdcc9b3cac56bfb813fa6b01b362c,System 80+ Standard [nucl. powerplnt] Design,Vol 05,Human Design Revolutionary System|Human Design System Centres Schoeber,https://annas-archive.org/md5/41efdcc9b3cac56bfb813fa6b01b362c,work,work_overlap:0.67,auth_peter_schoeber,Human Design System – The Centres,
42220008ce47c67c61ff8bdf20e16d4a,人類圖 : 區分的科學 : 人類圖國際總部Jovian Archive唯一授權定本,人類圖：區分的科學,"Living Your Design Bunnell|Lynda Bunnell|Lynda Bunnell Human Design: The Definitive Book of Human Design, The Science of Differentiation|Lynda Bunnell Living Your Design Student Manual|Ra Uru Hu|Science of Differentiation Human Design",https://annas-archive.org/md5/42220008ce47c67c61ff8bdf20e16d4a,work,work_overlap:1.00,auth_lynda_bunnell,"Human Design: The Definitive Book of Human Design, The Science of Differentiation",
4277bec26894983014c76893d8bab4d4,newsarch_ebooks_2025_10,,64keys Human Design,https://annas-archive.org/md5/4277bec26894983014c76893d8bab4d4,query,search_query_substring,,,64keys Human Design
427f9aa29ed3264d80191d14c1b89178,Senior cyber : best security practices for your golden years,Senior Cyber: Best Security Practices for Your Golden Years,Peter Schöber,https://annas-archive.org/md5/427f9aa29ed3264d80191d14c1b89178,query,search_query_substring,,,Peter Schöber
42df7bb94663f624b86df3cfd45cb5ae,Variationsrechnung : eine Einführung in die Theorie einer unabhängigen Variablen mit Beispielen und Aufgaben,Funktionale und zulässige Funktionen - Die erste Variation - Die Euler-Lagrange-Gleichung - Minimalflächen vom Rotationstyp - Das Problem der Dido - Das Brachystochronenproblem des Johann Bernoulli - Natürliche Randbedingungen - Variationsprobleme in parametrischer Form - Die Weierstraß-Erdmannschen Eckenbedingungen - Isoperimetrische Nebenbedingungen - Holonome und nichtholonome Nebenbedingungen - Geodätische - Transversalität: Freie Ränder auf Mannigfaltigkeiten - Der Satz von Noether - Mechanik in der Formulierung von Lagrange und Hamilton - Das Zweikörperproblem - Die Direkte Methode der Variationsrechnung - Ausführung und Anwendung der Direkten Methode auf Sturm-Liouvillesche Rand- und Eigenwertprobleme,Daitche Variablen,https://annas-archive.org/md5/42df7bb94663f624b86df3cfd45cb5ae,query,search_query_substring,,,Daitche Variablen
42e74975fa0b3696a74125370509a262,Superstring cosmology,Superstring Cosmology,Rave Cosmology,https://annas-archive.org/md5/42e74975fa0b3696a74125370509a262,query,search_query_substring,,,Rave Cosmology
42f03a44a9ca06bf38fcac278c430606,"The Clarity Method: Tap Into What Motivates Your Clients, Your Colleagues, and You With Core Values",The Clarity Method: Tap Into What Motivates Your Clients,Robin Winn Understanding Your Clients Through Human Design,https://annas-archive.org/md5/42f03a44a9ca06bf38fcac278c430606,work,work_overlap:1.00,auth_robin_winn,Understanding Your Clients Through Human Design,
431035535b2861f061ec59283714e67c,Fostering Autonomy Through Syllabus Design: A Step-by-Step Guide for Success,,Understanding Centers Human Design,https://annas-archive.org/md5/431035535b2861f061ec59283714e67c,query,search_query_substring,,,Understanding Centers Human Design
432da48b2d27d5912f42a058b0df0a0f,Die Rheinwiesenlager im Sommer 1945 (Teil 1)_28329589.pdf,,Uljana Daitche Variablen im Human Design: Teil 1 — Die Pfeile,https://annas-archive.org/md5/432da48b2d27d5912f42a058b0df0a0f,work,work_overlap:1.00,auth_uljana_daitche,Variablen im Human Design: Teil 1 — Die Pfeile,
432e4bf3deb50166e87b38c044d4b122,Sustainable Retail Development : New Success Strategies,,Understanding Centers Human Design,https://annas-archive.org/md5/432e4bf3deb50166e87b38c044d4b122,query,search_query_substring,,,Understanding Centers Human Design
432faa2ccf53a52b2b3506eab94a7c19,A Higher Purpose: 3 rules of Conscious Leadership,A Higher Purpose: 3 rules of Conscious Leadership,Richard Rudd The Gene Keys: Embracing Your Higher Purpose,https://annas-archive.org/md5/432faa2ccf53a52b2b3506eab94a7c19,work,work_overlap:1.00,auth_richard_rudd,The Gene Keys: Embracing Your Higher Purpose,
4391a7fb0b354a4e5da845a05fc0d05c,Vorlesungen über Differential- und Integralrechnung : Zweiter Band: Differentialrechnung auf dem Gebiete mehrerer Variablen,,Daitche Variablen,https://annas-archive.org/md5/4391a7fb0b354a4e5da845a05fc0d05c,query,search_query_substring,,,Daitche Variablen
43d82fed0deaba3baf1a0f442bfadafb,The Halls of Moambati (The Dark Filament Ephemeris Book 4),The Halls of Moambati,Chaitanyo Ephemeris,https://annas-archive.org/md5/43d82fed0deaba3baf1a0f442bfadafb,query,search_query_substring,,,Chaitanyo Ephemeris
4401c3ee97cc7bba3ea653f11666a840,ia/isbn_9783891262795.pdf,,Uljana Daitche,https://annas-archive.org/md5/4401c3ee97cc7bba3ea653f11666a840,work,work_overlap:0.67,auth_uljana_daitche,Human Design - Beziehungen,
4402729c0c68309d0c853d950a758b4b,Complete Hemi Sync Gateway Experience Manual.,,LYD manual IHDS,https://annas-archive.org/md5/4402729c0c68309d0c853d950a758b4b,query,search_query_substring,,,LYD manual IHDS
44149a02a41ea957906195bd2a9c3d01,"Cookbooks, Food & Wine",,Karen Curry Parker,https://annas-archive.org/md5/44149a02a41ea957906195bd2a9c3d01,work,work_overlap:0.75,auth_karen_curry_parker,Abundance by Design,
443c5f50c8be3ef29fa76d2f5285604c,PBooks Collection 2023,,Jovian Archive,https://annas-archive.org/md5/443c5f50c8be3ef29fa76d2f5285604c,query,search_query_substring,,,Jovian Archive
443f0d6cd77cb073f3e9d78b60523420,Real-time energy consumption measurements in data centers,,Understanding Centers Human Design,https://annas-archive.org/md5/443f0d6cd77cb073f3e9d78b60523420,query,search_query_substring,,,Understanding Centers Human Design
4440b2f15f38eacb08a9fd10cee24fe5,"The Big Book of Words You Should Know : Over 3,000 Words Every Person Should Be Able to Use (And a Few That You Probably Shouldn't)",Misc\Writing\Dictionaries & Glossaries\Olsen,Chetan Parkyn Human Design: Discover the Person You Were Born to Be,https://annas-archive.org/md5/4440b2f15f38eacb08a9fd10cee24fe5,work,work_overlap:1.00,auth_chetan_parkyn,Human Design: Discover the Person You Were Born to Be,
4444078c55df635c975f0226d7f31de3,Religion & Spirituality,"understanding how the world worked and measuring and finding patterns that created reasonable truths about the nature of material reality, scientists worked hard to banish fear with data and take control over superstitious practices and dangerous beliefs. this creative revolution promises to bring us a new way of understanding our world. with the emergence of quantum physics in the early 1900s, we learned that the appearance of an ordered and relatively finite reality is actually, at a quantum level, quite malleable, imperceptibly interconnected, and mindblowingly infinite. vibrational frequencies align with fields of information that cause our material reality to “manifest.” as the famous inventor nikola tesla said, “if you want to find the secrets of the universe, think in terms of energy, frequency, and vibration.” we are conquering a new way of creating. quantum physics liberated us from the idea that using sheer will and force is the path through which we build our world. we are learning that serendipity and synchronicity are artifacts of this “new” quantum creativity. we are learning that we can consciously draw into our experience solutions to the challenges of our life without having to spend our energy and our time “figuring” things out with our minds. we are learning that our thoughts do create our experience of reality. we are being schooled in understanding our innate creative power. as we become more and more skillful at consciously harnessing frequencies of energy, we grow in our ability to find elegant solutions to the challenges facing humanity today.read more…english [en] · pdf · 15.3mb · 📘 book (non-fiction) · 🚀/zlib    ·save·236·2base score: 11064.0, final score: 72.75588",Karen Curry Human Design|Karen Curry Parker|Karen Curry Parker The Encyclopedia of Quantum Human Design|Karen Curry Parker Understanding Human Design: The New Science of Astrology,https://annas-archive.org/md5/4444078c55df635c975f0226d7f31de3,work,work_overlap:1.00,auth_karen_curry_parker,Understanding Human Design: The New Science of Astrology,
444448046a0ab2bdf2393a8362cad252,PBooks Collection 2023,ΑΡΙΣΤΟΞΕΝΟΣ-ΕΡΓΑΣΙΑ,Jovian Archive,https://annas-archive.org/md5/444448046a0ab2bdf2393a8362cad252,query,search_query_substring,,,Jovian Archive
4459c29910d8e04f05849c0f11fd3446,Network security : the complete reference,Network Security - The Complete Reference_Rxl.pdf,Bhan Tugh Rhodes,https://annas-archive.org/md5/4459c29910d8e04f05849c0f11fd3446,work,work_overlap:0.75,auth_steve_rhodes,Bhan Tugh,
445b54ffcd9d7c2466ffaf265477359a,Be You: The Science of Becoming the Self You Were Born to Be,,Chetan Parkyn Human Design: Discover the Person You Were Born to Be|Chetan Parkyn The Book of Destinies: Discover the Life You Were Born to Live,https://annas-archive.org/md5/445b54ffcd9d7c2466ffaf265477359a,work,work_overlap:1.00,auth_chetan_parkyn,Human Design: Discover the Person You Were Born to Be,
446227552cc818b7530a94367cfab257,extracted__Intelligent_Surfaces_Empowered_6G_Wireless_Network.zip,"intelligent surfaces empowered wireless networks makes it the first work of its kind.   intelligent surfaces empowered 6g wireless network  readers will also find:   an editorial team including the original pioneers of intelligent surface technology.    detailed coverage of subjects including mimo, terahertz, noma, energy harvesting, physical layer security, computing, sensing, machine learning, and more.    discussion of hardware design, signal processing techniques, and other critical aspects of irs engineering.    intelligent surfaces empowered 6g wireless network  is a must for students, researchers, and working engineers looking to understand this vital aspect of the coming 6g revolution.read more…english [en] · pdf · 11.9mb · 2023 · 📘 book (non-fiction) · 🚀/lgli/lgrs/upload/zlib    ·save·35·1base score: 11065.0, final score: 17.956074",Peter Schöber,https://annas-archive.org/md5/446227552cc818b7530a94367cfab257,query,search_query_substring,,,Peter Schöber
446a996f94e5892f03a49748cd9fa034,Keys to Higher Consciousness: How to Contact Your Inner Self,Keys to Higher Consciousness: How to Contact Your Inner Self,Richard Rudd The Gene Keys: Embracing Your Higher Purpose,https://annas-archive.org/md5/446a996f94e5892f03a49748cd9fa034,work,work_overlap:1.00,auth_richard_rudd,The Gene Keys: Embracing Your Higher Purpose,
4497fe171e373d0cecfcb9196ff342b0,System 80+ Standard [nucl. powerplnt] Design,Vol 06,Human Design Revolutionary System|Human Design System Centres Schoeber,https://annas-archive.org/md5/4497fe171e373d0cecfcb9196ff342b0,work,work_overlap:0.67,auth_peter_schoeber,Human Design System – The Centres,
449965578f3026ef7e2cf27a3ffebcce,"Balaji,Frontline",Embedded System Design Using 8051 Microcontrollers.pdf,Human Design Revolutionary System|Human Design System Centres Schoeber,https://annas-archive.org/md5/449965578f3026ef7e2cf27a3ffebcce,work,work_overlap:0.67,auth_peter_schoeber,Human Design System – The Centres,
44c2e7d31097cce1b41255250ebcb73c,"Assessment Centers in Human Resource Management: Strategies for Prediction, Diagnosis, and Development (Applied Psychology)",Assessment Centers in Human Resource Management : Strategies for Prediction,Understanding Centers Human Design,https://annas-archive.org/md5/44c2e7d31097cce1b41255250ebcb73c,query,search_query_substring,,,Understanding Centers Human Design
44ccf9ceabe8469b1758a64696b450be,Kali Linux Revealed: mastering the penetration testing distritution,,Human Design Revealed Dickson,https://annas-archive.org/md5/44ccf9ceabe8469b1758a64696b450be,query,search_query_substring,,,Human Design Revealed Dickson
44d6ea2b692cf640213f71b473824299,"The Homesteading Handbook: A Back to Basics Guide to Growing Your Own Food, Canning, Keeping Chickens, Generating Your Own Energy, Crafting, Herbal Medicine, and More",The Homesteading Handbook: A Back to Basics Guide to Growing Your Own Food,Lynda Bunnell Living Your Design Student Manual,https://annas-archive.org/md5/44d6ea2b692cf640213f71b473824299,work,work_overlap:1.00,auth_lynda_bunnell,Living Your Design Student Manual,
45017255f3eb499092565e1670d1247d,"The Life You Were Born to Live: A Guide to Finding Your Life Purpose (Millman, Dan)",,Chetan Parkyn The Book of Destinies: Discover the Life You Were Born to Live,https://annas-archive.org/md5/45017255f3eb499092565e1670d1247d,work,work_overlap:1.00,auth_chetan_parkyn,The Book of Destinies: Discover the Life You Were Born to Live,
450b32fef10254a1cc4247431109385a,How to read a dress: A Guide to Changing Fashion from the 16th to the 20th Century,,Steve Rhodes Human Design: How to Read a Graph,https://annas-archive.org/md5/450b32fef10254a1cc4247431109385a,work,work_overlap:1.00,auth_steve_rhodes,Human Design: How to Read a Graph,
4523e9800b1a735d4d55d1fd44220c5f,"Composite materials handbook. Volume 3, Polymer matrix composites : materials usage, design, and analysis",Polymer Matrix Composites - Materials Usage,Triple Design Matrix DreamRave,https://annas-archive.org/md5/4523e9800b1a735d4d55d1fd44220c5f,query,search_query_substring,,,Triple Design Matrix DreamRave
45548097e2b08f48b574e512e89370e2,Clinical Information System: A Case of Misleading Design Decisions,,Human Design Health Haspel,https://annas-archive.org/md5/45548097e2b08f48b574e512e89370e2,query,search_query_substring,,,Human Design Health Haspel
455f93bcc20e7567602df28535719dff,Move: Sites of Trauma,Move: Sites Of Trauma,Zeno Dickson Human Design,https://annas-archive.org/md5/455f93bcc20e7567602df28535719dff,query,search_query_substring,,,Zeno Dickson Human Design
45812abc7a968d19f75bfaffe37e6c41,How to Read Architecture: An Introduction to Interpreting the Built Environment,"it. author paulette singley encourages you to misread, closely read, conventionally read, and unconventionally read architecture to stimulate your creative process.this book explores three essential ways to help you understand architecture: reading a building from the outside-in, from the inside-out, and from the position of out-and-out, or formal, architecture. this book erodes boundaries between the frequently compartmentalized fields of interior design, landscape design, and building design with chapters exploring concepts of__terroir__, scenography, criticality, atmosphere, tectonics, inhabitation, type, form, and enclosure. using examples and case studies that span a wide range of historical and global precedents, singley addresses the complex interaction among the ways a building engages its context, addresses its performative exigencies, and operates as an autonomous aesthetic object. including over 300 images, this book is an essential read for both undergraduate and postgraduate students of architecture with a global focus on the interpretation of buildings in their context.read more…english [en] · pdf · 46.0mb · 2019 · 📘 book (non-fiction) · 🚀/lgli/lgrs/nexusstc/zlib    ·save·100·2base score: 11065.0, final score: 33.00735",Steve Rhodes Human Design: How to Read a Graph,https://annas-archive.org/md5/45812abc7a968d19f75bfaffe37e6c41,work,work_overlap:1.00,auth_steve_rhodes,Human Design: How to Read a Graph,
45884d13ecc25674b0dbf68d04f36fcc,"Biographisches Lexikon des Kaiserthums Oesterreich : enthaltend die Lebensskizzen der denkwürdigen Personen, welche 1750 bis 1850 im Kaiserstaate und in seinen Kronländern gelebt haben",Korzistka/45884d13ecc25674b0dbf68d04f36fcc.pdf,Uljana Daitche Variablen im Human Design: Teil 1 — Die Pfeile,https://annas-archive.org/md5/45884d13ecc25674b0dbf68d04f36fcc,work,work_overlap:1.00,auth_uljana_daitche,Variablen im Human Design: Teil 1 — Die Pfeile,
45d9a406444d2e13b7100c42bd300a56,EC1258 Digital Electronics Laboratory Manual-REC(2),,LYD manual IHDS,https://annas-archive.org/md5/45d9a406444d2e13b7100c42bd300a56,query,search_query_substring,,,LYD manual IHDS
460370a54e1dd845eeda311739d8ffd2,"""The highest of time"": Verfassungskrise und politische Theorie in England 1640-1660",,Eleanor Haspel-Portner,https://annas-archive.org/md5/460370a54e1dd845eeda311739d8ffd2,query,search_query_substring,,,Eleanor Haspel-Portner
461e73ee9423347d2de48b61fdfea866,Be The Person You Want To Find,,Chetan Parkyn Human Design: Discover the Person You Were Born to Be,https://annas-archive.org/md5/461e73ee9423347d2de48b61fdfea866,work,work_overlap:1.00,auth_chetan_parkyn,Human Design: Discover the Person You Were Born to Be,
463e0671ba739807267ba496e83c4754,Lên đồng,Hành trình của thần linh và thân phận,Book of Destinies Parkyn,https://annas-archive.org/md5/463e0671ba739807267ba496e83c4754,query,search_query_substring,,,Book of Destinies Parkyn
464ccbccf3ce9960644fd08361c40a45,Java Illuminated: An Active Learning Approach,,Erin Claire Jones Human Design,https://annas-archive.org/md5/464ccbccf3ce9960644fd08361c40a45,query,search_query_substring,,,Erin Claire Jones Human Design
464e01e2ed4f99e21a7491f771364e24,"Jenkinson, Lloyd R, Rhodes, Darren, 1972-, Simpkin, Paul","experts in their field, this book provides a general introduction to aircraft design, while also exploring the underlying procedures and practices in depth. concentrating on large scale commercial jet aircraft, the book reflects current areas of growth in the aircraft industry. readers are introduced to the procedures and practices of civil aircraft design at a level suitable for undergraduate students of aeronautical design, and for professionals in industry. the contents of this book represent the personal opinion of the authors and do not necessarily reflect that of caa/nats. it covers all aspects of aircraft design and includes chapters on the design process; engine and structure design; aircraft performances; safety and environmental implications; and parametric studies. it contains four detailed case studies, and introduces the reader to spreadsheet methods in the analysis of aircraft., includes bibliographical references and index, mode of access: internetread more…english [en] · pdf · 18.6mb · 1999 · 📘 book (non-fiction) · zlib    ·save·1base score: 11060.0, final score: 23.607422",Steve Rhodes Human Design,https://annas-archive.org/md5/464e01e2ed4f99e21a7491f771364e24,query,search_query_substring,,,Steve Rhodes Human Design
46596c1d2ba753df2ade9f8e00627c88,Josephine's Garden,Stephanie Parkyn.epub,Chetan Parkyn,https://annas-archive.org/md5/46596c1d2ba753df2ade9f8e00627c88,query,search_query_substring,,,Chetan Parkyn
46659036194d145f09b68ca778e73858,"Von der Verschanzungskunst, worin zugleich das Rekognoszieren, die Verteidigung und der Angriff der Schanzen, Verschanzungen, Landstädte, Dörfer etc., abgehandet wird",,Uljana Daitche Die 384 Linien der 64 Tore: das große Human Design Handbuch,https://annas-archive.org/md5/46659036194d145f09b68ca778e73858,work,work_overlap:1.00,auth_uljana_daitche,Die 384 Linien der 64 Tore: das große Human Design Handbuch,
4688baa6786530ab2b9f155594a5f359,The Human Design System,The Human Design System - Sex Manual,Human Design System Ra|Peter Schoeber Das Human Design System – Die Zentren|Prophecy Ra Uru Hu Rhodes|Ra Uru Hu|Ra Uru Hu Generator Book|Ra Uru Hu Line Resonance|Ra Uru Hu Rave BodyGraph Circuitry|Ra Uru Hu Rave I'Ching Line Companion|Ra Uru Hu The Complete Rave I'Ching|Ra Uru Hu The Nine Centres and their Gates|Ra Uru Hu The Rave I'Ching|Richard Rudd Human Design: The Revelation,https://annas-archive.org/md5/4688baa6786530ab2b9f155594a5f359,work,work_overlap:1.00,auth_ra_uru_hu,The Rave I'Ching,
46928c05c3b513aef5349dd6a71d10a3,"Fractional Order Differentiation and Robust Control Design: CRONE, H-infinity and Motion Control",,Science of Differentiation Human Design,https://annas-archive.org/md5/46928c05c3b513aef5349dd6a71d10a3,query,search_query_substring,,,Science of Differentiation Human Design
4699f0bdc68b505c7681391ca7fe64fa,Ergonomic Insights: Successes and Failures of Work Design,,64keys Human Design,https://annas-archive.org/md5/4699f0bdc68b505c7681391ca7fe64fa,query,search_query_substring,,,64keys Human Design
46d49180f8e527e61934db06cd9072c1,How to Read a Book (A Touchstone book),,Steve Rhodes Human Design: How to Read a Graph,https://annas-archive.org/md5/46d49180f8e527e61934db06cd9072c1,work,work_overlap:1.00,auth_steve_rhodes,Human Design: How to Read a Graph,
46f5e7d3d145e407cdcc12239d0e980e,50 Steps to Improving Your Academic Writing,,Living Your Design Student Manual|Lynda Bunnell Living Your Design Student Manual,https://annas-archive.org/md5/46f5e7d3d145e407cdcc12239d0e980e,work,work_overlap:1.00,auth_lynda_bunnell,Living Your Design Student Manual,
472fc75425b5d7e52ee1f49e7cf82cf9,The Future of Human Rights in the UK,"claire-michelle smyth and richard langcambridge scholars publishing, 1, 2017in november 2016 the university of brighton hosted a one day conference entitled “the future of human rights in the uk”. legal academics and practitioners from across the uk and ireland attended to discuss the various topical issues that arise under the title of the conference. papers were presented on terrorism and counter-terrorism, the role of the european court of human rights, surrogacy and parental rights, union rights, social and economic rights and brexit; to name but a few. this edited collection comprises a selection of the papers presented. it is a thought-provoking collection designed to make the reader ask themselves: what does the future of human rights in the uk look like?read more…english [en] · pdf · 1.3mb · 2017 · 📘 book (non-fiction) · 🚀/lgli/lgrs/nexusstc/zlib    ·save·7·1base score: 11065.0, final score: 23.595884",Erin Claire Jones Human Design,https://annas-archive.org/md5/472fc75425b5d7e52ee1f49e7cf82cf9,query,search_query_substring,,,Erin Claire Jones Human Design
47384361f0383670e480b424c77243fe,Practical Photoshop: Sensational Images Made Simple,,Human Design Made Simple Dunwoody,https://annas-archive.org/md5/47384361f0383670e480b424c77243fe,query,search_query_substring,,,Human Design Made Simple Dunwoody
47a243261f2a1341cd7711f7df0ccf7f,PBooks Collection 2023,Summer,Jovian Archive,https://annas-archive.org/md5/47a243261f2a1341cd7711f7df0ccf7f,query,search_query_substring,,,Jovian Archive
47b75d5e81185755b51c279eefee44d7,"Launch: An Internet Millionaire's Secret Formula to Sell Almost Anything Online, Build a Business You Love and Live the Life of Your Dreams",,Chetan Parkyn The Book of Destinies: Discover the Life You Were Born to Live,https://annas-archive.org/md5/47b75d5e81185755b51c279eefee44d7,work,work_overlap:1.00,auth_chetan_parkyn,The Book of Destinies: Discover the Life You Were Born to Live,
47e800dd6ad2649c63a7c9fa1dd64b02,The Everything Superfoods Book,Delia Quigley.pdf,Chetan Parkyn The Book of Destinies: Discover the Life You Were Born to Live,https://annas-archive.org/md5/47e800dd6ad2649c63a7c9fa1dd64b02,work,work_overlap:1.00,auth_chetan_parkyn,The Book of Destinies: Discover the Life You Were Born to Live,
47f60cd1ca56644008c3cf38d1e9d0a1,Rave Cosmology III: Dying Death and the Bardo Stages,,Ra Uru Hu|Ra Uru Hu Rave BodyGraph Circuitry|Ra Uru Hu Rave I'Ching Line Companion|Ra Uru Hu The Complete Rave I'Ching|Ra Uru Hu The Rave I'Ching,https://annas-archive.org/md5/47f60cd1ca56644008c3cf38d1e9d0a1,work,work_overlap:1.00,auth_ra_uru_hu,The Rave I'Ching,
482228ffd41c544d3584725e5a4df808,An evaluation of concert masses to be used by high school choirs,An evaluation of concert masses to be used by high school choirs,Book of Lines Parkyn,https://annas-archive.org/md5/482228ffd41c544d3584725e5a4df808,query,search_query_substring,,,Book of Lines Parkyn
48722d5278d2268d4a2ac8a6cafcd527,"From Pink To Blue: An Enlightening Concept That Awakens ""Truth Of Being"" And Reminds You To Focus On The Path That You Were Born To Follow.","creating a knowingness, awareness, and concept in the adults around them. much to the author's surprise, this concept deeply touches the very essence of purpose and awakens a truth, not only in children but in every person who reads these words, including herself. this truth has been hidden deep inside, shut down, suppressed and closed in a dark room since a young age, when one felt a need to protect oneself based on the words and actions of others. in this book, you will learn that helping a child with a life purpose path is just the beginning of what can be accomplished. the time is now for awakening the injured child inside of people, so the healing process can begin for the betterment of all.read more…english [en] · pdf · 3.0mb · 2012 · 📘 book (non-fiction) · 🚀/lgli/lgrs/nexusstc/zlib    ·save·55·1base score: 11065.0, final score: 43.908318",Chetan Parkyn Human Design: Discover the Person You Were Born to Be|Chetan Parkyn The Book of Destinies: Discover the Life You Were Born to Live,https://annas-archive.org/md5/48722d5278d2268d4a2ac8a6cafcd527,work,work_overlap:1.00,auth_chetan_parkyn,Human Design: Discover the Person You Were Born to Be,
48ae2d52763eaa76e65c758eb01f2d3e,Design Your Business : A Creative Pathway to Transforming Ideas Into Successful Products,Design Your Business.pdf,Living Your Design Student Manual|Lynda Bunnell Living Your Design Student Manual,https://annas-archive.org/md5/48ae2d52763eaa76e65c758eb01f2d3e,work,work_overlap:1.00,auth_lynda_bunnell,Living Your Design Student Manual,
48c4bf46a63c91034615c965dee2ed4d,48c4bf46a63c91034615c965dee2ed4d.pdf,anne carter],Jenna Zoë,https://annas-archive.org/md5/48c4bf46a63c91034615c965dee2ed4d,author,surname:Jenna,auth_jenna_zoe,,
48cfd00a4b91891b0684231ffd5f2d38,Environment-Behavior Studies for Healthcare Design,"modifying environmental attributes, such as space configuration, color, lighting, signage, acoustics, and artwork. it addresses a range of healthcare facilities including children's hospitals, long-term care, acute care and outpatient care facilities, and uses a range of evidence-based design research methods, such as interviews, focus groups, observations, surveys and space syntax. the author also explains how research evidence and evidence-based design can be integrated into healthcare design more cohesively in a redefined design process. this book provides a solid conceptual structure that informs a clear map for understanding the eb theories and their applications in healthcare design.",Human Design Health Haspel,https://annas-archive.org/md5/48cfd00a4b91891b0684231ffd5f2d38,query,search_query_substring,,,Human Design Health Haspel
48d8841f992e97ce31c32b5f8d001d85,嫌われる勇気-The Courage to Be Disliked(Japanese-English Bilingual Version),,Jenna Zoë Human Design: The Revolutionary System That Shows You Who You Came Here to Be,https://annas-archive.org/md5/48d8841f992e97ce31c32b5f8d001d85,work,work_overlap:1.00,auth_jenna_zoe,Human Design: The Revolutionary System That Shows You Who You Came Here to Be,
491af71ec3994d405786e2236ec92d83,IEEE Press Principles Of Data Conversion System Design Razavi,,Human Design Revolutionary System|Human Design System Centres Schoeber,https://annas-archive.org/md5/491af71ec3994d405786e2236ec92d83,work,work_overlap:0.67,auth_peter_schoeber,Human Design System – The Centres,
4928c3e6079e348f0969cb14fc1922bc,SOM1-01 Special Operations Manual.,SOM1-01 Special Operations Manual..pdf,LYD manual IHDS,https://annas-archive.org/md5/4928c3e6079e348f0969cb14fc1922bc,query,search_query_substring,,,LYD manual IHDS
492931ce6510a651b42c7946175cbbc5,No Traveler Returns,No Traveler Returns - The Lost Years of Bela Lugosi,Bhan Tugh Rhodes,https://annas-archive.org/md5/492931ce6510a651b42c7946175cbbc5,work,work_overlap:0.75,auth_steve_rhodes,Bhan Tugh,
492b2c9e89d2fbd485cf245449c678ea,Die Muse. Roman,Die Muse.epub,Uljana Daitche,https://annas-archive.org/md5/492b2c9e89d2fbd485cf245449c678ea,work,work_overlap:0.67,auth_uljana_daitche,Human Design - Beziehungen,
49568ac67e7fa5b62b62393f98ca3f30,"Georgius Gemnicensis: Ephemeris sive Diarium peregrinationis transmarinae: Georg von Gaming: Martin Baumgartners Pilgerreise nach Ägypten, auf den Berg Sinai, ins Heilige Land und nach Syrien in den J",,Chaitanyo Ephemeris,https://annas-archive.org/md5/49568ac67e7fa5b62b62393f98ca3f30,query,search_query_substring,,,Chaitanyo Ephemeris
49874908230517ba94874bbafc358b82,"Aufgabensammlung Mathematik: Band 2: Analysis Mehrerer Reeler Variablen, Vektoranalysis, Gewöhnliche Differentialgleichungen, Integraltransformationen",,Daitche Variablen,https://annas-archive.org/md5/49874908230517ba94874bbafc358b82,query,search_query_substring,,,Daitche Variablen
49add57c7a2a96446c3c2067ddae030a,Trigger Point Therapy Made Simple: Serious Pain Relief in 4 Easy Steps,,Human Design Made Simple Dunwoody,https://annas-archive.org/md5/49add57c7a2a96446c3c2067ddae030a,query,search_query_substring,,,Human Design Made Simple Dunwoody
49af62bf3981a4cad9287eb0b6e13db0,[Sämtliche Gedichte 01] • Mit einem Nachwort von Uljana Wolf (Fischer Klassik Plus 1024).epub,,Uljana Daitche,https://annas-archive.org/md5/49af62bf3981a4cad9287eb0b6e13db0,work,work_overlap:0.67,auth_uljana_daitche,Human Design - Beziehungen,
4a13c2dc996c05c4d7c3ff09fb66af8d,bok-3A978-981-10-2138-1.pdf,,Understanding Human Design,https://annas-archive.org/md5/4a13c2dc996c05c4d7c3ff09fb66af8d,query,search_query_substring,,,Understanding Human Design
4a532fb62612a6a47355585f34ffefa4,Effiziente Verfahren zur Lösung partieller Differentialgleichungen mit variablen Koeffizienten auf dünnen Gittern,,Daitche Variablen,https://annas-archive.org/md5/4a532fb62612a6a47355585f34ffefa4,query,search_query_substring,,,Daitche Variablen
4a7d5c24b04983fc01172243f21703fc,Human Rights stories. Tales of Human Rights defenders for primary schools,"amnesty international ireland in consultation with an advisory and piloting group of primary school teachers. the concept for the resource pack originated with primary school teachers who identified storytelling as a powerful medium through which a range of concepts and topics can be introduced in the classroom. human rights issues can appear daunting, distant and theoretical. through the familiar medium of storytelling, human rights situations can be explored on a level at which children can encounter the real life impact of human rights in practice.",Erin Claire Jones Human Design,https://annas-archive.org/md5/4a7d5c24b04983fc01172243f21703fc,query,search_query_substring,,,Erin Claire Jones Human Design
4a82eacd56b821ab21c36789ae70fe1e,Josephine's Garden,Josephine's Garden,Chetan Parkyn,https://annas-archive.org/md5/4a82eacd56b821ab21c36789ae70fe1e,query,search_query_substring,,,Chetan Parkyn
4ab58ba254034456920becaa93f8d7ec,"Lambarde, William, 1536-1601, Read, Conyers, 1881-1959","cornell university press, folger documents of tudor and stuart civilization, ithaca, n.y, unknown, 1962xi, 189 p. --read more…english [en] · pdf · 7.3mb · 1962 · 📗 book (unknown) · 🚀/ia/zlib    ·save·8base score: 11068.0, final score: 18.141785",Chaitanyo Ephemeris,https://annas-archive.org/md5/4ab58ba254034456920becaa93f8d7ec,query,search_query_substring,,,Chaitanyo Ephemeris
4af2cc6f777a24c6a7f7ab1ac4a2a360,"Distributed Situation Awareness in Road Transport: Theory, Measurement, and Application to Intersection Design (Human Factors, Simulation and Performance Assessment)",Theory,Steve Rhodes Human Design: How to Read a Graph,https://annas-archive.org/md5/4af2cc6f777a24c6a7f7ab1ac4a2a360,work,work_overlap:1.00,auth_steve_rhodes,Human Design: How to Read a Graph,
4af9749ce12b3765ad994424b3cd165c,Understanding Diversity in Human Behavior and Development in the Social Environment,"incorporating multiple perspectives and expert knowledge, this textbook offers a multifaceted approach to understanding human development, equipping students with the skills and knowledge needed to succeed in dynamic social work environments.   purchase includes online access via most mobile devices or computers.",Robin Winn Understanding the Centers in Human Design,https://annas-archive.org/md5/4af9749ce12b3765ad994424b3cd165c,work,work_overlap:1.00,auth_robin_winn,Understanding the Centers in Human Design,
4b404c38aeacac7edb528e035ffa1949,Charlotte Pearce,DIY Projects: Save Time & Money Maintaining Your Home With Simple DIY Household Hacks,Lynda Bunnell Living Your Design Student Manual,https://annas-archive.org/md5/4b404c38aeacac7edb528e035ffa1949,work,work_overlap:1.00,auth_lynda_bunnell,Living Your Design Student Manual,
4b549936b1d780118a78b1d1a1280a65,"Classical Feng Shui for Romance, Sex & Relationships: Design Your Living Space for Love, Harmony & Prosperity","feng shui masters, including a variety of period charts__classical feng shui for romance, sex & relationships__is filled with effective methods for attracting love, prosperity, and even your soul mate. use this comprehensive guide to improve not just the energy of your living space today, but also your happiness for many years to come.read more…english [en] · pdf · 1.7mb · 2015 · 📘 book (non-fiction) · 🚀/lgli/lgrs/nexusstc/zlib    ·save·93·1base score: 11065.0, final score: 26.926674",Lynda Bunnell Living Your Design Student Manual,https://annas-archive.org/md5/4b549936b1d780118a78b1d1a1280a65,work,work_overlap:1.00,auth_lynda_bunnell,Living Your Design Student Manual,
4b749feeb2114c5249d9b29fa0322343,Ultra-high field MRI of human hippocampi: Morphological and multiparametric differentiation of hippocampal sclerosis subtypes,,Science of Differentiation Human Design,https://annas-archive.org/md5/4b749feeb2114c5249d9b29fa0322343,query,search_query_substring,,,Science of Differentiation Human Design
4b996ff7486d8568aac7fa1159f90126,Building Your Permaculture Property: A Five-Step Process to Design and Develop Land,,Lynda Bunnell Living Your Design Student Manual,https://annas-archive.org/md5/4b996ff7486d8568aac7fa1159f90126,work,work_overlap:1.00,auth_lynda_bunnell,Living Your Design Student Manual,
4bb09e344a054a64d6fbbbda748e6606,Mesenchymal Stem Cells: Methods and Protocols (Methods in Molecular Biology (449)),,Lynda Bunnell,https://annas-archive.org/md5/4bb09e344a054a64d6fbbbda748e6606,query,search_query_substring,,,Lynda Bunnell
4bba16b95e0c3cd1992498188d794613,Desserts Grow on Stevia Plants: A Stevia-Friendly Dessert Cookbook for Guilt-Free Indulgence,spending a whole year developing the best stevia-friendly desserts that actually taste amazing!,Jenna Zoë,https://annas-archive.org/md5/4bba16b95e0c3cd1992498188d794613,author,surname:Jenna,auth_jenna_zoe,,
4bd68b48049ac15ae09b81330adb4b5b,Chris Botello_Adobe InDesign CS6 Revealed.pdf,,Human Design Revealed Dickson,https://annas-archive.org/md5/4bd68b48049ac15ae09b81330adb4b5b,query,search_query_substring,,,Human Design Revealed Dickson
4be484be79b3d83fa9a90eca0f8b56ee,6. Middle Ages Series,Architecture,Jenna Zoe Human Design,https://annas-archive.org/md5/4be484be79b3d83fa9a90eca0f8b56ee,query,search_query_substring,,,Jenna Zoe Human Design
4bfdfe1e1a0566cc19c601266b3f8f17,"RNA tumor viruses, oncogenes, human cancer, and AIDS : on the frontiers of understanding : proceedings of the International Conference on RNA Tumor Viruses in Human Cancer, Denver, Colorado, June 10-1","the explosion of progress in molecular biology and genetics.read more…english [en] · pdf · 33.7mb · 1985 · 📘 book (non-fiction) · 🚀/lgli/lgrs/nexusstc/zlib    ·save·6·1base score: 11065.0, final score: 29.10881",Robin Winn Understanding the Centers in Human Design,https://annas-archive.org/md5/4bfdfe1e1a0566cc19c601266b3f8f17,work,work_overlap:1.00,auth_robin_winn,Understanding the Centers in Human Design,
4c44df00e52ff8468aef6a5984d22c6a,Human-Computer Interaction,The Design of User-Friendly,"64keys Human Design|Lynda Bunnell Human Design: The Definitive Book of Human Design, The Science of Differentiation",https://annas-archive.org/md5/4c44df00e52ff8468aef6a5984d22c6a,work,work_overlap:1.00,auth_lynda_bunnell,"Human Design: The Definitive Book of Human Design, The Science of Differentiation",
4c50ad828fe77ccdf29aea5c746187c1,scihub/10.1109/wcnc49053.2021.9417424.pdf,,Peter Schöber,https://annas-archive.org/md5/4c50ad828fe77ccdf29aea5c746187c1,query,search_query_substring,,,Peter Schöber
4c95a2c002e34de3c5bbecf9eb8b493d,"Movement For Life, A Revolutionary Program That Allows You to Take Control of Your Own Health and Well-Being",,Jenna Zoë Human Design: The Revolutionary System That Shows You Who You Came Here to Be,https://annas-archive.org/md5/4c95a2c002e34de3c5bbecf9eb8b493d,work,work_overlap:1.00,auth_jenna_zoe,Human Design: The Revolutionary System That Shows You Who You Came Here to Be,
4cba64bbe8c294804279d38842850792,Mechanical Engineering for Makers : A Hands-on Guide to Designing and Making Physical Things,,Lynda Bunnell,https://annas-archive.org/md5/4cba64bbe8c294804279d38842850792,query,search_query_substring,,,Lynda Bunnell
4cdfefa17745828536be412ddc63b608,Film by Design: The Art of the Movie Poster,design.pdffilm,Steve Rhodes Human Design,https://annas-archive.org/md5/4cdfefa17745828536be412ddc63b608,query,search_query_substring,,,Steve Rhodes Human Design
4cfb0ba2a90a63381cb27e3559650346,PBooks Collection 2023,,Jovian Archive,https://annas-archive.org/md5/4cfb0ba2a90a63381cb27e3559650346,query,search_query_substring,,,Jovian Archive
4cff2d53a9f4c832843fd1c205de1099,Design and Control of Fuel Cell System for Transport Applica.pdf,,Human Design Revolutionary System|Human Design System Centres Schoeber,https://annas-archive.org/md5/4cff2d53a9f4c832843fd1c205de1099,work,work_overlap:0.67,auth_peter_schoeber,Human Design System – The Centres,
4d43883f3c2f87d06762fb5e5b6415c3,newsarch_ebooks_2025_10,,Karen Curry Parker,https://annas-archive.org/md5/4d43883f3c2f87d06762fb5e5b6415c3,work,work_overlap:0.75,auth_karen_curry_parker,Abundance by Design,
4d9b891d4895844a7a3a7706dd87793c,newsarch_ebooks_2025_10,"anyone looking to improve their search engine rankings. updated for the most recent google algorithm changes, seo made simple 2020 is today's best-selling search engine optimization book.",Human Design Made Simple Dunwoody,https://annas-archive.org/md5/4d9b891d4895844a7a3a7706dd87793c,query,search_query_substring,,,Human Design Made Simple Dunwoody
4e2242d5e71e96a31a1a74fce11a6e92,人类图轮回交叉全书：发现你的人生使命，192种人生主题大公开,,Chetan Parkyn,https://annas-archive.org/md5/4e2242d5e71e96a31a1a74fce11a6e92,query,search_query_substring,,,Chetan Parkyn
4e5d83e174b041801bf4e55ca3096927,"Ursprachlehre. Entwurf zu einem System der Grammatik mit besonderer Rücksicht auf die Sprachen des indisch-teutschen Sprachstammes: das Sanskrit, das Persische, die pelasgischen, slawischen und teutsc",,Peter Schoeber Das Human Design System – Die Zentren,https://annas-archive.org/md5/4e5d83e174b041801bf4e55ca3096927,work,work_overlap:1.00,auth_peter_schoeber,Das Human Design System – Die Zentren,
4e5f0693b07aeff6feaba2ca478969d6,System 80+ Standard [nucl. powerplnt] Design,Vol 17,Human Design Revolutionary System,https://annas-archive.org/md5/4e5f0693b07aeff6feaba2ca478969d6,query,search_query_substring,,,Human Design Revolutionary System
4e84ad835b62e1097e88365ebef59f04,Degruyter Imprints v2 [09-06-23],,Chaitanyo Ephemeris,https://annas-archive.org/md5/4e84ad835b62e1097e88365ebef59f04,query,search_query_substring,,,Chaitanyo Ephemeris
4e9cd52371bbdfb72b8db42a1429f0db,Mit dem Fahrstuhl in die Römerzeit. Städte und Stätten deutscher Frühgeschichte,Mit dem Fahrstuhl in die Römerzeit. Städte und Stätten deutscher Frühgeschichte,Eleanor Haspel-Portner,https://annas-archive.org/md5/4e9cd52371bbdfb72b8db42a1429f0db,query,search_query_substring,,,Eleanor Haspel-Portner
4ebbdd305fe71d2fb8f0f7c1926f86d2,Unqomp: synthesizing uncomputation in Quantum circuits,unqomp.,Karen Curry Parker The Encyclopedia of Quantum Human Design,https://annas-archive.org/md5/4ebbdd305fe71d2fb8f0f7c1926f86d2,work,work_overlap:1.00,auth_karen_curry_parker,The Encyclopedia of Quantum Human Design,
4ee031889f6c8b8f1881e98f53f5ed73,Insular Destinies: Perspectives on the History and Politics of Modern Cyprus,Modern Greek and Byzantine Studies,Book of Destinies Parkyn,https://annas-archive.org/md5/4ee031889f6c8b8f1881e98f53f5ed73,query,search_query_substring,,,Book of Destinies Parkyn
4ee67cb12ab879ec06104ee661a38d54,InterRings: Towards Understanding Design Micro-games to Fit Daily Work Routine,,Karen Curry Parker Understanding Human Design: The New Science of Astrology|Robin Winn Understanding Your Clients Through Human Design|Robin Winn Understanding the Centers in Human Design,https://annas-archive.org/md5/4ee67cb12ab879ec06104ee661a38d54,work,work_overlap:1.00,auth_karen_curry_parker,Understanding Human Design: The New Science of Astrology,
4f0b1309c8e42c5a0580b32b7e3be3e4,Human Design,Human Design - Life Cycles Analysis.pdf,Human Design System Ra|Prophecy Ra Uru Hu Rhodes|Ra Uru Hu|Ra Uru Hu Generator Book|Ra Uru Hu Line Resonance|Ra Uru Hu Rave BodyGraph Circuitry|Ra Uru Hu Rave I'Ching Line Companion|Ra Uru Hu The Nine Centres and their Gates,https://annas-archive.org/md5/4f0b1309c8e42c5a0580b32b7e3be3e4,work,work_overlap:1.00,auth_ra_uru_hu,The Rave I'Ching,
4f1fef76d632d10609a44f19089ef885,Semantics,Semantics - Sentence and Information Structure,Eleanor Haspel-Portner,https://annas-archive.org/md5/4f1fef76d632d10609a44f19089ef885,query,search_query_substring,,,Eleanor Haspel-Portner
4f6b1e36231f6e179879636094b93737,Z,More books,Lynda Bunnell,https://annas-archive.org/md5/4f6b1e36231f6e179879636094b93737,query,search_query_substring,,,Lynda Bunnell
4fc3dd161b9a58bf3138a3305337ac15,Historical Perspectives On Erklären And Verstehen (archimedes),,Uljana Daitche,https://annas-archive.org/md5/4fc3dd161b9a58bf3138a3305337ac15,work,work_overlap:0.67,auth_uljana_daitche,Human Design - Beziehungen,
4fcf686747f90551e1bfc198739e5eb5,Smith's Recognizable Patterns of Human Malformation,Dysmorphology Approach and Classification,Erin Claire Jones Human Design,https://annas-archive.org/md5/4fcf686747f90551e1bfc198739e5eb5,query,search_query_substring,,,Erin Claire Jones Human Design
4fe9f7a0bca206247e606d1febd5d301,Semantics : an international handbook of natural language meaning. Volume 2,,Eleanor Haspel-Portner,https://annas-archive.org/md5/4fe9f7a0bca206247e606d1febd5d301,query,search_query_substring,,,Eleanor Haspel-Portner
5014e917db49d96941d1fca2fcf20a81,(Counter-)Archive: Memorial Practices of the Soviet Underground,"collecting, archiving and memorizing tabooed culture of the past and present.read more…english [en] · pdf · 19.6mb · 2024 · 📘 book (non-fiction) · 🚀/lgli/lgrs/zlib    ·save·50·1base score: 11065.0, final score: 0.8899757",Jovian Archive,https://annas-archive.org/md5/5014e917db49d96941d1fca2fcf20a81,query,search_query_substring,,,Jovian Archive
501d1dcc8dd60b1ad0fcb2441da93143,On the Kernel of the Symbol Map for Multiple Polylogarithms,,Bhan Tugh Rhodes,https://annas-archive.org/md5/501d1dcc8dd60b1ad0fcb2441da93143,work,work_overlap:0.75,auth_steve_rhodes,Bhan Tugh,
5035e8335b7e205fafc67c4b2d669ec6,Chemistry: Quantum Mechanics and Spectroscopy I,Chemistry: Quantum Mechanics and Spectroscopy I,Karen Curry Parker The Encyclopedia of Quantum Human Design,https://annas-archive.org/md5/5035e8335b7e205fafc67c4b2d669ec6,work,work_overlap:1.00,auth_karen_curry_parker,The Encyclopedia of Quantum Human Design,
5084128f1ce8ced75c0e2f4be2c211b4,Çevrimiçi Kız 3 Solo,,Jenna Zoë,https://annas-archive.org/md5/5084128f1ce8ced75c0e2f4be2c211b4,author,surname:Jenna,auth_jenna_zoe,,
5084e854ad2f9a4ed4c15f0b96b768fd,German Volkswagen (Mil. manual) [TM E9-803],,LYD manual IHDS,https://annas-archive.org/md5/5084e854ad2f9a4ed4c15f0b96b768fd,query,search_query_substring,,,LYD manual IHDS
508c264d58c60847cf0e3a16a17ae897,False Friends,"uljana wolf, translated",Uljana Daitche,https://annas-archive.org/md5/508c264d58c60847cf0e3a16a17ae897,work,work_overlap:0.67,auth_uljana_daitche,Human Design - Beziehungen,
50a8a45061aa3e547ac639ebfb79e8cf,"Human Aspects of IT for the Aged Population. Design, Interaction and Technology Acceptance : 8th International Conference, ITAP 2022, Held As Part of the 24th HCI International Conference, HCII 2022,","the aging population, as well as applications supporting health, wellbeing, communication, social participation and everyday activities. the papers are divided into the following topical sub-headings.","Lynda Bunnell Human Design: The Definitive Book of Human Design, The Science of Differentiation|Science of Differentiation Human Design",https://annas-archive.org/md5/50a8a45061aa3e547ac639ebfb79e8cf,work,work_overlap:1.00,auth_lynda_bunnell,"Human Design: The Definitive Book of Human Design, The Science of Differentiation",
50d74458908f6643be1ef0f962a6763a,Staghound Mk.I (Photographic Reference Manual),,LYD manual IHDS,https://annas-archive.org/md5/50d74458908f6643be1ef0f962a6763a,query,search_query_substring,,,LYD manual IHDS
5107206391b945c047dca2c6e38f9820,How to Label a Graph (SpringerBriefs in Mathematics),,Steve Rhodes Human Design: How to Read a Graph,https://annas-archive.org/md5/5107206391b945c047dca2c6e38f9820,work,work_overlap:1.00,auth_steve_rhodes,Human Design: How to Read a Graph,
51171d2ed1fc67bda29afe750bfdc9ab,Mini-Manual do Guerrilheiro Urbano,,LYD manual IHDS,https://annas-archive.org/md5/51171d2ed1fc67bda29afe750bfdc9ab,query,search_query_substring,,,LYD manual IHDS
513b4dcdf5fc635842fbda8eda9e0fef,Web UI Design for the Human Eye – Part 2,,Richard Rudd Human Design: The Revelation,https://annas-archive.org/md5/513b4dcdf5fc635842fbda8eda9e0fef,work,work_overlap:1.00,auth_richard_rudd,Human Design: The Revelation,
516ed781e041cc171c910753a3798268,Das große Verwalter-Handbuch. Wohnungseigentum sicher managen,,Uljana Daitche Die 384 Linien der 64 Tore: das große Human Design Handbuch,https://annas-archive.org/md5/516ed781e041cc171c910753a3798268,work,work_overlap:1.00,auth_uljana_daitche,Die 384 Linien der 64 Tore: das große Human Design Handbuch,
51d7505ecb1eff05a40eafdf6d470db6,BBQ Recipe Book: 70 Of The Best Ever Healthy Barbecue Recipes...Revealed!,BBQ Recipe Book: 70 Of The Best Ever Healthy Barbecue Recipes...Revealed!,Human Design Revealed Dickson,https://annas-archive.org/md5/51d7505ecb1eff05a40eafdf6d470db6,query,search_query_substring,,,Human Design Revealed Dickson
51e00a3d10003d9487d240aff2c9ca5c,Parenting with Purpose,Winning the Heart of Your Child/51e00a3d10003d9487d240aff2c9ca5c.pdf,Richard Rudd The Gene Keys: Embracing Your Higher Purpose,https://annas-archive.org/md5/51e00a3d10003d9487d240aff2c9ca5c,work,work_overlap:1.00,auth_richard_rudd,The Gene Keys: Embracing Your Higher Purpose,
526e91532345ee2c9be891f59acd474e,Sustainable Retail Development : New Success Strategies,,Understanding Centers Human Design,https://annas-archive.org/md5/526e91532345ee2c9be891f59acd474e,query,search_query_substring,,,Understanding Centers Human Design
5278bbe4ebf2b0e2622a357ea50b7693,scihub/10.1057/9780230620858.pdf,,Jenna Zoe Human Design,https://annas-archive.org/md5/5278bbe4ebf2b0e2622a357ea50b7693,query,search_query_substring,,,Jenna Zoe Human Design
52ba72260ae3bdfe8b4cb9d7f0ad7433,"Die Devalvierung des österreichischen Papiergeldes im Jahre 1811. Eine finanzgeschichtliche Darstellung nach archivalischen Quellen: Geschichte der Stabilisierungsversuche, hrsg. von Melchior Palyi, e",,Uljana Daitche Variablen im Human Design: Teil 1 — Die Pfeile,https://annas-archive.org/md5/52ba72260ae3bdfe8b4cb9d7f0ad7433,work,work_overlap:1.00,auth_uljana_daitche,Variablen im Human Design: Teil 1 — Die Pfeile,
52c0c19507d65c9ed7eb51e818003923,Interface for an App The Design Rationale Leading.pdf,"the many focus group meetings in which design ideas were first presented to people with type 1 diabetes. their critique, and sometimes their rejection, of interface ideas were crucial to the development of the app. i hope this book will prove useful for teaching and design guidance.read more…english [en] · pdf · 8.1mb · 2021 · 📘 book (non-fiction) · 🚀/lgli/upload/zlib    ·save·26·1base score: 11068.0, final score: 51.992603","Lynda Bunnell Human Design: The Definitive Book of Human Design, The Science of Differentiation",https://annas-archive.org/md5/52c0c19507d65c9ed7eb51e818003923,work,work_overlap:1.00,auth_lynda_bunnell,"Human Design: The Definitive Book of Human Design, The Science of Differentiation",
52c1851d240ec1c4d341280d5c19f831,"Zoé et Théo, le bébé",Zoé et Théo,Jenna Zoë,https://annas-archive.org/md5/52c1851d240ec1c4d341280d5c19f831,author,surname:Jenna,auth_jenna_zoe,,
52da0b63810d73db125bb4b1c2ee5da5,newsarch_ebooks_2025_10,,Steve Rhodes Human Design: How to Read a Graph,https://annas-archive.org/md5/52da0b63810d73db125bb4b1c2ee5da5,work,work_overlap:1.00,auth_steve_rhodes,Human Design: How to Read a Graph,
52e28253a2b02175e988c12c92f9fdcd,"C. elegans: Methods and Applications (Methods in Molecular Biology, 1327)",,Eleanor Haspel-Portner|Human Design Health Haspel,https://annas-archive.org/md5/52e28253a2b02175e988c12c92f9fdcd,work,work_overlap:0.67,auth_eleanor_haspel_portner,Human Design & Health: A Practitioner's Guide to the Basics,
52ec05b92802520127d6d4a8bed2fed8,The Gene Keys,The Gene Keys.pdf,Gene Keys Richard Rudd|Richard Rudd|Richard Rudd Human Design|Richard Rudd Human Design: The Revelation|Richard Rudd The Gene Keys: Embracing Your Higher Purpose,https://annas-archive.org/md5/52ec05b92802520127d6d4a8bed2fed8,work,work_overlap:1.00,auth_richard_rudd,The Gene Keys: Embracing Your Higher Purpose,
530f270258141c7ce45ab8dcfc779abc,Is Your FPGA Design Secure?,Is Your FPGA Design Secure?.pdf,Living Your Design Bunnell,https://annas-archive.org/md5/530f270258141c7ce45ab8dcfc779abc,query,search_query_substring,,,Living Your Design Bunnell
532f8c9e9b2a36fed869533e5a5fcff2,Adobe Photoshop Creative Cloud Revealed,,Human Design Revealed Dickson,https://annas-archive.org/md5/532f8c9e9b2a36fed869533e5a5fcff2,query,search_query_substring,,,Human Design Revealed Dickson
534b9b3c4d15afa1ae4ebbc9c7922b14,Dental Laboratory Procedures. Vol. 1:  Complete Dentures,Dental Laboratory Procedures Complete Dentures 1.pdf,Gene Keys Richard Rudd|Richard Rudd,https://annas-archive.org/md5/534b9b3c4d15afa1ae4ebbc9c7922b14,work,work_overlap:0.67,auth_richard_rudd,Human Design: The Revelation,
53537abaaecc09497c61dc890cc9039f,hathi/ien/pairtree_root/35/55/60/01/16/21/97/35556001162197/35556001162197.zip,,Chetan Parkyn,https://annas-archive.org/md5/53537abaaecc09497c61dc890cc9039f,query,search_query_substring,,,Chetan Parkyn
53a5fc0ea2c6c91f481c3b4b02c5305b,System 80+ Standard [nucl. powerplnt] Design,Vol 08,Human Design Revolutionary System|Human Design System Centres Schoeber,https://annas-archive.org/md5/53a5fc0ea2c6c91f481c3b4b02c5305b,work,work_overlap:0.67,auth_peter_schoeber,Human Design System – The Centres,
53ba973acc02d14609284d206d685c39,Unlock the Keys to Your Relationship & Emotional Well-Being,,Richard Rudd The Gene Keys: Embracing Your Higher Purpose,https://annas-archive.org/md5/53ba973acc02d14609284d206d685c39,work,work_overlap:1.00,auth_richard_rudd,The Gene Keys: Embracing Your Higher Purpose,
53dd17171cda242f27d58c3b79701ae1,PERSPECTIVE  Using the Grid System for Interior Design Sketching,,Human Design Revolutionary System|Human Design System Centres Schoeber,https://annas-archive.org/md5/53dd17171cda242f27d58c3b79701ae1,work,work_overlap:0.67,auth_peter_schoeber,Human Design System – The Centres,
53e20fec1a31c0efcfd26b38f89c66a2,Your Soul's Plan : Discovering the Real Meaning of the Life You Planned Before You Were Born,Your Soul's Plan: Discovering the Real Meaning of the Life You Planned Before You Were Born,Chetan Parkyn The Book of Destinies: Discover the Life You Were Born to Live,https://annas-archive.org/md5/53e20fec1a31c0efcfd26b38f89c66a2,work,work_overlap:1.00,auth_chetan_parkyn,The Book of Destinies: Discover the Life You Were Born to Live,
53f528039c9999d5c30fe334b045502d,Some Studies of Prophylactic and Therapeutic Measures for the Control of Swine Brucellosis,Some Studies of Prophylactic and Therapeutic Measures for the Control of Swine Brucellosis.pdf,Living Your Design Bunnell|Lynda Bunnell,https://annas-archive.org/md5/53f528039c9999d5c30fe334b045502d,work,work_overlap:0.60,auth_lynda_bunnell,Living Your Design Student Manual,
53f82904412092033a81153d205ee4ad,Reliability Study of Copper Pillar Bump Interconnects for Acoustic Wave,Wafer Level Package/53f82904412092033a81153d205ee4ad.pdf,Peter Schöber,https://annas-archive.org/md5/53f82904412092033a81153d205ee4ad,query,search_query_substring,,,Peter Schöber
540ba569ef5ee6399efa0526caa273b2,Your Soul's Plan: Discovering the Real Meaning of the Life You Planned Before You Were Born,Your Soul's Plan: Discovering the Real Meaning of the Life You Planned Before You Were Born,Chetan Parkyn Human Design: Discover the Person You Were Born to Be|Chetan Parkyn The Book of Destinies: Discover the Life You Were Born to Live,https://annas-archive.org/md5/540ba569ef5ee6399efa0526caa273b2,work,work_overlap:1.00,auth_chetan_parkyn,Human Design: Discover the Person You Were Born to Be,
5442a0caa02520416f0841016c372102,Student Solutions Manual for Investments,"bruce swenson of adelphi university, the student solutions manual provides detailed solutions to the end of chapter problems. the author’s involvement in the completion of the solutions manual ensures consistency between the solution approaches in the examples featured within the text and those presented in the manual. this manual is available bundled with the text for students to purchase",Living Your Design Student Manual,https://annas-archive.org/md5/5442a0caa02520416f0841016c372102,work,work_overlap:1.00,auth_lynda_bunnell,Living Your Design Student Manual,
54474869167aa132602a3f35c0550f7c,"150+ Amazing Uses Of Baking Soda You Never Knew.: Stunning Uses Of Sodium Bicarbonate In Cleaning, Beauty, Health, Organic, Home, Kitchen, Agriculture, Pesticides Etc",,Human Design Health Haspel,https://annas-archive.org/md5/54474869167aa132602a3f35c0550f7c,query,search_query_substring,,,Human Design Health Haspel
5471373531f542e8b64bd91a71c4f037,extracted__Books (K-P).zip,,Karen Curry Parker The Encyclopedia of Quantum Human Design,https://annas-archive.org/md5/5471373531f542e8b64bd91a71c4f037,work,work_overlap:1.00,auth_karen_curry_parker,The Encyclopedia of Quantum Human Design,
549b9bdc63a3e1bae64821154c32bb0b,50 Benchmarks for Anthropomorphic Hand Function-based Dexterity Classification and Kinematics-based Hand Design,,Human Design Revealed Dickson|Zeno Dickson Human Design,https://annas-archive.org/md5/549b9bdc63a3e1bae64821154c32bb0b,query,search_query_substring,,,Human Design Revealed Dickson
54a35b3c7b9328165feb5048cfd8a8c4,"Design Science Research for a New Society: Society 5.0: 18th International Conference on Design Science Research in Information Systems and Technology, DESRIST 2023, Pretoria, South Africa, May 31 – J",,64keys Human Design|Science of Differentiation Human Design,https://annas-archive.org/md5/54a35b3c7b9328165feb5048cfd8a8c4,query,search_query_substring,,,Science of Differentiation Human Design
54b29e5226fd5653e66d78178bac45a0,Industrial Engineering & Materials Science,"the italian association of design methods and tools for industrial engineering, and the department of industrial engineering of the university of florence, this first volume of a 2-volume set focuses on advances in design for additive manufacturing, engineering methods in medicine, user-centred design, and industrial design and ergonomics. further topics include design for sustainability, engineering education, experimental methods for product development, and advanced methods for product and process design. this book provides academics and professionals with a timely overview and extensive information on trends and technologies in industrial design and manufacturing.read more…english [en] · pdf · 23.6mb · 2024 · 📘 book (non-fiction) · 🚀/zlib    ·save·13·1base score: 11068.0, final score: 52.147575","Lynda Bunnell Human Design: The Definitive Book of Human Design, The Science of Differentiation",https://annas-archive.org/md5/54b29e5226fd5653e66d78178bac45a0,work,work_overlap:1.00,auth_lynda_bunnell,"Human Design: The Definitive Book of Human Design, The Science of Differentiation",
54d04e386dc82a1fa57fdee0517fbaea,Xuanbao Yao & Kehua Zhang & Tao Na & Yuchun Wang & Yuhan Guo & Jiajie Xi & Xiang Li & Shufang Meng & Miao Xu,"inducingthe phosphorylation of atp-citrate synthase (acly) tyr542, tyr652, and fructose-bisphosphate aldolase a (aldoa) tyr174, tyr302,or tyr328 sites in both primary and metastatic escc cells. mechanistically, activated acly and aldoa and their metabolites drive atranscriptional program in primary tumors that induces cyclin-dependent kinase 7/9 (cdk7/9) complex-mediated expression ofdna replication- and cell proliferation-related molecules. this process functions as an enabler of tumor malignancy. in metastatic1234567890();,:tumor cells, metabolic enzymes and their products facilitate the transcriptional activity of yamanaka factors to induce the activationof downstream plasticity-related molecules, fueling escc cell survival within metastatic lymph nodes. fak/sfk axis-controlled aclyand aldoa tyrosine phosphorylation and downstream transcription factors and effectors in primary and metastatic escc cells arestrongly associated with poor patient outcomes. we discovered a lead compound, quercetagitrin, that inhibits the phosphorylationof aldoa at tyr174, 302, and 328. moreover, it has been shown to have antitumor effects alone or in combination with fak/sfkinhibitors both in vivo and in vitro. the inhibition of tyrosine kinase-regulated metabolic enzyme activities and related signalingnetworks may be a potential strategy for the treatment and diagnosis of metastatic escc.read more…english [en] · pdf · 9.0mb · 2025 · 📘 book (non-fiction) · 🚀/zlib    ·save·0·1base score: 11068.0, final score: 25.944466",Science of Differentiation Human Design,https://annas-archive.org/md5/54d04e386dc82a1fa57fdee0517fbaea,query,search_query_substring,,,Science of Differentiation Human Design
54e1f55194345bf0224cf000151725a9,Asian Sweet Treats: Simple Asian Desserts to Satisfy Your Sweet Tooth,Asian Sweet Treats: Simple Asian Desserts to Satisfy Your Sweet Tooth,Jenna Zoë,https://annas-archive.org/md5/54e1f55194345bf0224cf000151725a9,author,surname:Jenna,auth_jenna_zoe,,
55174d14b81c708d7b61320e88de42eb,The Book of Destinies : Discover the Life You Were Born to Live,,Book of Destinies Parkyn|Book of Lines Parkyn|Chetan Parkyn|Chetan Parkyn Human Design|Chetan Parkyn Human Design: Discover the Person You Were Born to Be|Chetan Parkyn The Book of Destinies: Discover the Life You Were Born to Live,https://annas-archive.org/md5/55174d14b81c708d7b61320e88de42eb,work,work_overlap:1.00,auth_chetan_parkyn,Human Design: Discover the Person You Were Born to Be,
5521b55d7b4c0ebb627a9ff68177e1bb,Charakterisierung und Anwendung von Quantenzuständen der kontinuierlichen Variablen des Lichts,,Daitche Variablen,https://annas-archive.org/md5/5521b55d7b4c0ebb627a9ff68177e1bb,query,search_query_substring,,,Daitche Variablen
5545b4cd40dffa9d1f577d904d8008ec,Live Demonstration: ECG-PPG Wearable Cardiovascular Monitoring System Design Using Human Body Communication,,Peter Schoeber Das Human Design System – Die Zentren,https://annas-archive.org/md5/5545b4cd40dffa9d1f577d904d8008ec,work,work_overlap:1.00,auth_peter_schoeber,Das Human Design System – Die Zentren,
55496ac84af00317632eb39870af8c24,"How To Analyze People: 13 Laws About the Manipulation of the Human Mind, 7 Strategies to Quickly Figure Out Body Language, Dive into Dark Psychology and Persuasion for Making People Do What You Want",How To Analyze People: 13 Laws About the Manipulation of the Human Mind,How Do You Choose Human Design,https://annas-archive.org/md5/55496ac84af00317632eb39870af8c24,query,search_query_substring,,,How Do You Choose Human Design
555c8dca9ae61ca0bf9423165f7e0c51,The art of lithography : a complete practical manual of planographic pringting,The art of lithography : a complete practical manual of planographic pringting,Bhan Tugh Rhodes,https://annas-archive.org/md5/555c8dca9ae61ca0bf9423165f7e0c51,work,work_overlap:0.75,auth_steve_rhodes,Bhan Tugh,
5586f2a5de2bfc9f5a073f0703237fc2,Emotional Contagion,Emotional Contagion - How We Mimic the Emotions of Those Similar to Us,Jenna Zoë,https://annas-archive.org/md5/5586f2a5de2bfc9f5a073f0703237fc2,author,surname:Jenna,auth_jenna_zoe,,
5592c52842cff6fb53fbfcdf0a1d4d42,Machine Learning Design Interview: Machine Learning System Design Interview,,Human Design Revolutionary System|Human Design System Centres Schoeber,https://annas-archive.org/md5/5592c52842cff6fb53fbfcdf0a1d4d42,work,work_overlap:0.67,auth_peter_schoeber,Human Design System – The Centres,
55a7d4d4a1ec4af1ba0dcb85cff26703,Book of Lines Volume 1,,Book of Lines Parkyn,https://annas-archive.org/md5/55a7d4d4a1ec4af1ba0dcb85cff26703,query,search_query_substring,,,Book of Lines Parkyn
563361f4cb8a1175ea78d8a615bde924,Degruyter Imprints v2 [09-06-23],,Chaitanyo Ephemeris,https://annas-archive.org/md5/563361f4cb8a1175ea78d8a615bde924,query,search_query_substring,,,Chaitanyo Ephemeris
5655697cc31ef329937daaf35d738a6f,Visual Ergonomics for Communication Design: A Layperson's Approach,"augmenting it with ergonomic principles. it will appeal to students and professionals studying and working in the fields of computer science, human-computer interaction, design engineering, mechanical engineering, information technology, communications engineering, and human factors engineering.read more…english [en] · pdf · 51.2mb · 2022 · 📘 book (non-fiction) · nexusstc    ·save·6·1base score: 10957.0, final score: 20.67506",Beyond Human Design|Chetan Parkyn Human Design|Chiron Ephemeris Human Design|Daitche Human Design|Emma Dunwoody Human Design|Jenna Zoe Human Design|Karen Curry Human Design|Quantum Human Design|Richard Rudd Human Design|Robin Winn Human Design|Steve Rhodes Human Design|Understanding Clients Human Design|Understanding Human Design|Zen Human Design Ephemeris|Zeno Dickson Human Design,https://annas-archive.org/md5/5655697cc31ef329937daaf35d738a6f,work,work_overlap:0.80,auth_robin_winn,Understanding Your Clients Through Human Design,
568dc6f9fdc414a9966ec5942edb2bbb,PBooks Collection 2023,,Jovian Archive,https://annas-archive.org/md5/568dc6f9fdc414a9966ec5942edb2bbb,query,search_query_substring,,,Jovian Archive
56d35d6910de5f38dd7da43df3e3d70b,Organizational Implementation: The Design in Use of Information Systems,"a productivity dip. (3) during continued use after go-live, implementation continues as design in use. this phase is long and improvisational. it includes following up on effects realization, but it is just as much about embracing the opportunities that emerge from using the system. apart from covering the three phases of organizational implementation, the book inserts implementation in an organizational-change context and discusses barriers to implementation as well as boosters of implementation. the book concludes with an outlook to larger-scale issues beyond the implementation of one system in one organization and with an overview of the competences needed in the implementation team, which runs the organizational implementation.read more…english [en] · pdf · 11.3mb · 2021 · 📘 book (non-fiction) · 🚀/lgli/lgrs/nexusstc/zlib    ·save·33·1base score: 11065.0, final score: 52.87491","Lynda Bunnell Human Design: The Definitive Book of Human Design, The Science of Differentiation",https://annas-archive.org/md5/56d35d6910de5f38dd7da43df3e3d70b,work,work_overlap:1.00,auth_lynda_bunnell,"Human Design: The Definitive Book of Human Design, The Science of Differentiation",
570fe1b012e73a869536482bb7f18205,Add Interactivity to Your Site The Mini Missing Manual,The Mini Missing Manual,Living Your Design Student Manual,https://annas-archive.org/md5/570fe1b012e73a869536482bb7f18205,work,work_overlap:1.00,auth_lynda_bunnell,Living Your Design Student Manual,
5721de0448ea4f36323e989fa0a702ab,"Earth Changes, Human Destiny: Coping and Attuning With the Help of the Revelation of St John",so I'm writting this instead,Richard Rudd Human Design: The Revelation,https://annas-archive.org/md5/5721de0448ea4f36323e989fa0a702ab,work,work_overlap:1.00,auth_richard_rudd,Human Design: The Revelation,
574c1de8aab1625d16bc5e3d6ff29d6d,Samson (The boundarylands no 3),Samson,Bhan Tugh Rhodes,https://annas-archive.org/md5/574c1de8aab1625d16bc5e3d6ff29d6d,work,work_overlap:0.75,auth_steve_rhodes,Bhan Tugh,
57aa7fc01a279814f200f6b4d0993153,extracted__Customer_Experience_Analytics_How_Customers_Can_Better_Guide_Your_Web_and_App_Design_Decisions.zip,"thomas h. davenportroutledge, 1st edition, new york, ny, 2023an unprecedented guide to user experience (ux) analytics, this book closes a mission-critical skill gap and enables business professionals in a digital-first world to make smart, effective, and quick decisions based on experience analytics.",Living Your Design Bunnell,https://annas-archive.org/md5/57aa7fc01a279814f200f6b4d0993153,query,search_query_substring,,,Living Your Design Bunnell
57f4a2d286909b0a84c8ecfefbbe15f2,57f4a2d286909b0a84c8ecfefbbe15f2.pdf,,Human Design Made Simple Dunwoody,https://annas-archive.org/md5/57f4a2d286909b0a84c8ecfefbbe15f2,query,search_query_substring,,,Human Design Made Simple Dunwoody
58252965722a360e9e0fd699e495289f,High Speed AD Converters Understanding Data Converters Through SPICE,,Robin Winn Understanding Your Clients Through Human Design,https://annas-archive.org/md5/58252965722a360e9e0fd699e495289f,work,work_overlap:1.00,auth_robin_winn,Understanding Your Clients Through Human Design,
58344ab140610fd3ecb540faa3d5357b,Student Workbook for Ingels,,Living Your Design Student Manual|Lynda Bunnell Living Your Design Student Manual,https://annas-archive.org/md5/58344ab140610fd3ecb540faa3d5357b,work,work_overlap:1.00,auth_lynda_bunnell,Living Your Design Student Manual,
583476be7eb9e68b0dea998b6d431cfe,Computational Prediction of the Comprehensive SARS-COV-2 Vs. Human Interactome to Guide the Design of Therapeutics,Computational Prediction of the Comprehensive SARS-COV-2 Vs. Human Interactome to Guide the Design of Therapeutics,"Lynda Bunnell Human Design: The Definitive Book of Human Design, The Science of Differentiation|Richard Rudd Human Design: The Revelation",https://annas-archive.org/md5/583476be7eb9e68b0dea998b6d431cfe,work,work_overlap:1.00,auth_lynda_bunnell,"Human Design: The Definitive Book of Human Design, The Science of Differentiation",
58368b4583c8ad8932c59638100e39bf,The Venus Sequence: Opening your Heart (The Gene Keys Golden Path),The Venus Sequence: Opening your Heart,Gene Keys Richard Rudd|Richard Rudd|Richard Rudd The Gene Keys: Embracing Your Higher Purpose,https://annas-archive.org/md5/58368b4583c8ad8932c59638100e39bf,work,work_overlap:1.00,auth_richard_rudd,The Gene Keys: Embracing Your Higher Purpose,
58cb89d571ea3d05b58bac5df4f23e8a,What is required of you to be Born Again?,"the well. it was about the sixth hour. a woman of samaria came to draw water. jesus said to her, 'give me a drink.' for his disciples had gone away into the city to buy food. then the woman of samaria said to him, 'how is it that you, being a jew, ask a drink from me, a samaritan woman?' for jews have no dealings with samaritans. jesus answered and said to her, 'if you knew the gift of god, and who it is who says to you, 'give me a drink,' you would have asked him, and he would have given you living water.' the woman said to him, 'sir, you have nothing to draw with, and the well is deep. where then do you get that living water? are you greater than our father jacob, who gave us the well, and drank from it himself, as well as his sons and his livestock?' jesus answered and said to her, 'whoever drinks of this water will thirst again, but whoever drinks of the water that i shall give him will never 14 who worships in spirit and truth? free book request www.nlmission.com thirst. but the water that i shall give him will become in him a fountain of water springing up into everlasting life.' the woman said to him, 'sir, give me this water, that i may not thirst, nor come here to draw.' jesus said to her, 'go, call your husband, and come here.' the woman answered and said, 'i have no husband.' jesus said to her, 'you have well said, 'i have no husband,' for you have had five husbands, and the one whom you now have is not your husband; in that you spoke truly.' the woman said to him, 'sir, i perceive that you are a prophet. our fathers worshiped on this mountain, and you jews say that in jerusalem is the place where one ought to worship.' jesus said to her, 'woman, believe me, the hour is coming when you will neither on this mountain, nor in jerusalem, worship the father. you worship what you do not know; we know what we worship, for salvation is of the jews. but the hour is coming, and now is, when the true worshipers will worship the father in spirit and truth; for the father is seeking such to worship him. god is spirit, and those who worship him must worship in spirit and truth.'"" what does it mean to have the faith to worship god in spirit and truth? today, i would like to explain what this means. the lord said, ""those who worship him must worship in spirit and truth"" (john 4:24). this means that we must be moved",Chetan Parkyn Human Design: Discover the Person You Were Born to Be,https://annas-archive.org/md5/58cb89d571ea3d05b58bac5df4f23e8a,work,work_overlap:1.00,auth_chetan_parkyn,Human Design: Discover the Person You Were Born to Be,
58ebe64cd9da27c45423c89f7fcc1251,Degruyter Imprints v2 [09-06-23],,Chaitanyo Ephemeris,https://annas-archive.org/md5/58ebe64cd9da27c45423c89f7fcc1251,query,search_query_substring,,,Chaitanyo Ephemeris
591777fc2fb1f1b60a7874f4e6d53501,Mathematik Für Ökonomen Iii: Analysis In Mehreren Variablen (heidelberger Taschenbücher) (german Edition),,Daitche Variablen,https://annas-archive.org/md5/591777fc2fb1f1b60a7874f4e6d53501,query,search_query_substring,,,Daitche Variablen
59994a664ac8f9598299d50c7f036771,"Building Your Life Skills: Who Are You, Where Are You, and Where Do You Want to Go: A Personal Action Plan (How to Books (Midpoint))",,How Do You Choose Human Design,https://annas-archive.org/md5/59994a664ac8f9598299d50c7f036771,query,search_query_substring,,,How Do You Choose Human Design
59d31b2af14a3bd865ddf27905ce2b0b,"The Design Collection Revealed: Adobe Indesign Cs5, Photoshop Cs5 and Illustrator Cs5",,Human Design Revealed Dickson,https://annas-archive.org/md5/59d31b2af14a3bd865ddf27905ce2b0b,query,search_query_substring,,,Human Design Revealed Dickson
59ff501fec2297057644e8a02a7a471c,newsarch_ebooks_2025_10,,Karen Curry Parker The Encyclopedia of Quantum Human Design,https://annas-archive.org/md5/59ff501fec2297057644e8a02a7a471c,work,work_overlap:1.00,auth_karen_curry_parker,The Encyclopedia of Quantum Human Design,
5a1a3ecbbeb6891f0e9cc7df49942c2b,Some Historical Errors of James Ford Rhodes,,Bhan Tugh Rhodes,https://annas-archive.org/md5/5a1a3ecbbeb6891f0e9cc7df49942c2b,work,work_overlap:0.75,auth_steve_rhodes,Bhan Tugh,
5a41c0050b7724faa69f4df3525a1e4d,Regionale Produkte in Europa: Raumbezogene Institutionalisierungsprozesse beim Europäischen Herkunftsschutz,,Peter Schöber,https://annas-archive.org/md5/5a41c0050b7724faa69f4df3525a1e4d,query,search_query_substring,,,Peter Schöber
5a4d51088789467b5a62f24a66323978,Preußen und das System der Großmächte : Politisches Gutachten eines Schleswig-Holsteiners,,Peter Schoeber Das Human Design System – Die Zentren,https://annas-archive.org/md5/5a4d51088789467b5a62f24a66323978,work,work_overlap:1.00,auth_peter_schoeber,Das Human Design System – Die Zentren,
5a6e662fa3f6f2a8defce2e4675318ed,Occupation by Design: Building Therapeutic Power,design: building therapeutic power/5a6e662fa3f6f2a8defce2e4675318ed.pdfoccupation,Human Design Health Haspel,https://annas-archive.org/md5/5a6e662fa3f6f2a8defce2e4675318ed,query,search_query_substring,,,Human Design Health Haspel
5a70808522662f9a66dca827a9108814,Concrete Countertops Made Simple: A Step-By-Step Guide,,Human Design Made Simple Dunwoody,https://annas-archive.org/md5/5a70808522662f9a66dca827a9108814,query,search_query_substring,,,Human Design Made Simple Dunwoody
5a7a77da73a771e178fde123a04be761,The Thriving Introvert: Embrace the Gift of Introversion and Live the Life You Were Meant to Live (Free Workbook Included),The Thriving Introvert: Embrace the Gift of Introversion and Live the Life You Were Meant to Live,Chetan Parkyn The Book of Destinies: Discover the Life You Were Born to Live,https://annas-archive.org/md5/5a7a77da73a771e178fde123a04be761,work,work_overlap:1.00,auth_chetan_parkyn,The Book of Destinies: Discover the Life You Were Born to Live,
5ab125ff6179660b8a17451effed00b0,A Guide to Photovoltaic (PV) System Design and Installation,,Human Design Revolutionary System|Human Design System Centres Schoeber,https://annas-archive.org/md5/5ab125ff6179660b8a17451effed00b0,work,work_overlap:0.67,auth_peter_schoeber,Human Design System – The Centres,
5abdc44f91b83900047da557d35540f1,Design Research on Experience System of Ceramic Art Based on Virtual Reality,,Peter Schoeber Das Human Design System – Die Zentren,https://annas-archive.org/md5/5abdc44f91b83900047da557d35540f1,work,work_overlap:1.00,auth_peter_schoeber,Das Human Design System – Die Zentren,
5ac03c64f07a8711be2ea8542afff080,Хюман дизайн,Джена Зоуи - Хюман дизайн,Jenna Zoe Human Design|Jenna Zoë Human Design: The Revolutionary System That Shows You Who You Came Here to Be,https://annas-archive.org/md5/5ac03c64f07a8711be2ea8542afff080,work,work_overlap:1.00,auth_jenna_zoe,Human Design: The Revolutionary System That Shows You Who You Came Here to Be,
5ac8386d101f0f1c1bec51631ede9fc6,"Self-Help, Relationships & Lifestyle",,Chetan Parkyn Human Design: Discover the Person You Were Born to Be|Chetan Parkyn The Book of Destinies: Discover the Life You Were Born to Live,https://annas-archive.org/md5/5ac8386d101f0f1c1bec51631ede9fc6,work,work_overlap:1.00,auth_chetan_parkyn,Human Design: Discover the Person You Were Born to Be,
5adafc670fb2e9ba56edc63175fe5801,Hurford,Clinical Anesthesia Procedures of the Massachusetts General Hospital.pdf,Eleanor Haspel-Portner|Human Design Health Haspel,https://annas-archive.org/md5/5adafc670fb2e9ba56edc63175fe5801,work,work_overlap:0.67,auth_eleanor_haspel_portner,Human Design & Health: A Practitioner's Guide to the Basics,
5af64e71da8de41a37dded20228a5935,The Future of Quantum Cosmology: A Lecture,The future of Quantum Cosmology.pdf,Rave Cosmology,https://annas-archive.org/md5/5af64e71da8de41a37dded20228a5935,query,search_query_substring,,,Rave Cosmology
5b40c0e1d24e4cd79ad15d874a3d9175,Korean Made Simple: A beginner’s guide to learning the Korean language,,Human Design Made Simple Dunwoody,https://annas-archive.org/md5/5b40c0e1d24e4cd79ad15d874a3d9175,query,search_query_substring,,,Human Design Made Simple Dunwoody
5b421ef33a9b97e96a9ed4b49d43bb90,Working with Involuntary Clients : A Guide to Practice,"adopting a jargon-free and accessible guide to working in partnership with involuntary clients. written in a lively and engaging style, the book is relevant to students and practitioners and richly illustrated with case examples drawn from a variety of service-user groups, including adult and youth justice and child protection, as well as people with addictions, young people who refuse to go to school and mental health patients who refuse treatment. the author’s integrated and systematic approach promotes prosocial values; emphasizes clarifying roles; and deals with issues of authority and goal-setting.",Understanding Clients Human Design,https://annas-archive.org/md5/5b421ef33a9b97e96a9ed4b49d43bb90,query,search_query_substring,,,Understanding Clients Human Design
5b4407eeb69b9c5de7804a0cdf055a70,"How to Master Anxiety; All you need to know to overcome Stress, Panic Attacks, Phobias, Trauma, Obsessions and more; Vol 3 in The Human Givens Approach – HG Publ.",How to Master Anxiety; All you need to know to overcome Stress,Robin Winn Human Design|Robin Winn Understanding the Centers in Human Design,https://annas-archive.org/md5/5b4407eeb69b9c5de7804a0cdf055a70,work,work_overlap:1.00,auth_robin_winn,Understanding the Centers in Human Design,
5b4c225f430f91b720780e1a6d60b6b9,Ръководство стъпка по стъпка за разбиране на собствената ви карта и как тя може да промени живота ви,,Karen Curry Parker The Encyclopedia of Quantum Human Design|Understanding Human Design,https://annas-archive.org/md5/5b4c225f430f91b720780e1a6d60b6b9,work,work_overlap:1.00,auth_karen_curry_parker,The Encyclopedia of Quantum Human Design,
5ba3c1e93ef30acbd0dd00bba74ce932,المكتبة الإحتياطية الشاملة,"this ancient system,   you will understand the type of people you are up against  , discover their world views and explain the reasons of their behavior, all in order to understand what you can do to get along.",Robin Winn Understanding Your Clients Through Human Design,https://annas-archive.org/md5/5ba3c1e93ef30acbd0dd00bba74ce932,work,work_overlap:1.00,auth_robin_winn,Understanding Your Clients Through Human Design,
5bc25cd499d24503c478db7302fd2aae,Radical Transformations,Radical Transformations - The Four Lectures,Human Design System Ra|LYD manual IHDS|Prophecy Ra Uru Hu Rhodes|Ra Uru Hu|Ra Uru Hu Generator Book|Ra Uru Hu Line Resonance|Ra Uru Hu Rave BodyGraph Circuitry|Ra Uru Hu Rave I'Ching Line Companion|Ra Uru Hu The Complete Rave I'Ching|Ra Uru Hu The Nine Centres and their Gates|Ra Uru Hu The Rave I'Ching,https://annas-archive.org/md5/5bc25cd499d24503c478db7302fd2aae,work,work_overlap:1.00,auth_ra_uru_hu,The Rave I'Ching,
5bc530774288762a949932464aaf3fd2,The Matrix Market Exchange Formats: Initial Design,,Triple Design Matrix DreamRave,https://annas-archive.org/md5/5bc530774288762a949932464aaf3fd2,query,search_query_substring,,,Triple Design Matrix DreamRave
5bd8b8f2446af3a39fc003877a89fde3,Differentiation Patterns of Immortalized Human Meibomian Gland Epithelial Cells in Three-Dimensional Culture,,Science of Differentiation Human Design,https://annas-archive.org/md5/5bd8b8f2446af3a39fc003877a89fde3,query,search_query_substring,,,Science of Differentiation Human Design
5bf1688c94ca046a0832d844756edd4d,Designing Connected Products,Claire Rowland.pdf,Erin Claire Jones Human Design,https://annas-archive.org/md5/5bf1688c94ca046a0832d844756edd4d,query,search_query_substring,,,Erin Claire Jones Human Design
5bf9e9213390605182d67ac0fd093c5d,Arsenic in Coal,Arsenic in Coal,Living Your Design Bunnell|Lynda Bunnell,https://annas-archive.org/md5/5bf9e9213390605182d67ac0fd093c5d,work,work_overlap:0.60,auth_lynda_bunnell,Living Your Design Student Manual,
5c09d7bb7173facd564ebe0a1d6a70ff,The Theology of Medicine and the Unique Design of the Human Body,"many similarities and patterns, such as: two eyes, two ears, one mouth and four limbs. they also have many obvious differences in habits and in what they survive upon; some are herbivores, while others are carnivores. the design of the human body is a marvelous mystery. humans are characterized","Beyond Human Design|Chiron Ephemeris Human Design|Daitche Human Design|Emma Dunwoody Human Design|Lynda Bunnell Human Design: The Definitive Book of Human Design, The Science of Differentiation|Quantum Human Design|Richard Rudd Human Design: The Revelation|Understanding Human Design|Zen Human Design Ephemeris",https://annas-archive.org/md5/5c09d7bb7173facd564ebe0a1d6a70ff,work,work_overlap:1.00,auth_lynda_bunnell,"Human Design: The Definitive Book of Human Design, The Science of Differentiation",
5c1180d4393d8d40d955124277baa403,"Die Gemeindebetriebe Mannheims: Gemeindebetriebe – Neuere Versuche und Erfahrungen über die Ausdehnung der kommunalen Tätigkeit in Deutschland und im Ausland. II. Band, 4. Teil. Im Auftr. des Ver. für",,Uljana Daitche Variablen im Human Design: Teil 1 — Die Pfeile,https://annas-archive.org/md5/5c1180d4393d8d40d955124277baa403,work,work_overlap:1.00,auth_uljana_daitche,Variablen im Human Design: Teil 1 — Die Pfeile,
5c30daeec71fe30e6f0a41e69ec87671,Josephine's Garden,Josephine's Garden,Chetan Parkyn,https://annas-archive.org/md5/5c30daeec71fe30e6f0a41e69ec87671,query,search_query_substring,,,Chetan Parkyn
5c3697689372a4892ab2b5f07f992643,"Principles of Epidemiology in Public Health Practice, Third Edition: An Introduction",Principles of Epidemiology in Public Health Practice,Robin Winn Understanding the Centers in Human Design|Understanding Centers Human Design,https://annas-archive.org/md5/5c3697689372a4892ab2b5f07f992643,work,work_overlap:1.00,auth_robin_winn,Understanding the Centers in Human Design,
5c42538f0158714eff29b9f83d1c229c,Making Use Scenario-Based Design of Human-Computer Interact.pdf,"listing requirements, functions, and code modules, the designer focuses first on the activities that need to be supported and the allows descriptions of those activities to drive everything else.","Lynda Bunnell Human Design: The Definitive Book of Human Design, The Science of Differentiation",https://annas-archive.org/md5/5c42538f0158714eff29b9f83d1c229c,work,work_overlap:1.00,auth_lynda_bunnell,"Human Design: The Definitive Book of Human Design, The Science of Differentiation",
5c487ed63ee2c6b6e0041997ed90f875,You Were Born Rich,You Were Born Rich,Chetan Parkyn Human Design: Discover the Person You Were Born to Be,https://annas-archive.org/md5/5c487ed63ee2c6b6e0041997ed90f875,work,work_overlap:1.00,auth_chetan_parkyn,Human Design: Discover the Person You Were Born to Be,
5c4a612f129600e03f9373dc6d4cd241,Çevrimiçi Kız 2 Turnede,,Jenna Zoë,https://annas-archive.org/md5/5c4a612f129600e03f9373dc6d4cd241,author,surname:Jenna,auth_jenna_zoe,,
5c5682e5f4a150394df3073c10571fc9,The Incarnation Cross Clinic | Lectures Day 1 | Part 1 and 2,"analyzing 16 example charts, explaining how each functions differently based on type.read more…english [en] · pdf · 2.1mb · 2022 · 📘 book (non-fiction) · 🚀/lgli/nexusstc/zlib    ·save·294·2base score: 11068.0, final score: 33.970367",Prophecy Ra Uru Hu Rhodes|Ra Uru Hu|Ra Uru Hu Generator Book|Ra Uru Hu Line Resonance|Ra Uru Hu The Complete Rave I'Ching|Ra Uru Hu The Nine Centres and their Gates|Ra Uru Hu The Rave I'Ching,https://annas-archive.org/md5/5c5682e5f4a150394df3073c10571fc9,work,work_overlap:1.00,auth_ra_uru_hu,The Rave I'Ching,
5c60055bf1488d0c7ede810c218d4f98,Value Sensitive Design: Shaping Technology with Moral Imagination (The MIT Press),,Peter Schoeber Das Human Design System – Die Zentren,https://annas-archive.org/md5/5c60055bf1488d0c7ede810c218d4f98,work,work_overlap:1.00,auth_peter_schoeber,Das Human Design System – Die Zentren,
5c6a37a20a6267ecbcaf8ed89e69bbb4,"Cookbooks, Food & Wine",,Karen Curry Parker,https://annas-archive.org/md5/5c6a37a20a6267ecbcaf8ed89e69bbb4,work,work_overlap:0.75,auth_karen_curry_parker,Abundance by Design,
5ceb800b9caa3bc8507c268ad2ce5ab1,"Die Konigsburgen von Babylon Teil: Teil 2., Die Hauptburg und der Sommerpalast Nebukadnezars im Hügel Babil",,Uljana Daitche Variablen im Human Design: Teil 1 — Die Pfeile,https://annas-archive.org/md5/5ceb800b9caa3bc8507c268ad2ce5ab1,work,work_overlap:1.00,auth_uljana_daitche,Variablen im Human Design: Teil 1 — Die Pfeile,
5cf527593b7ad744570b33bf52818828,Parallelism in Matrix Computations,,Triple Design Matrix DreamRave,https://annas-archive.org/md5/5cf527593b7ad744570b33bf52818828,query,search_query_substring,,,Triple Design Matrix DreamRave
5d270c4c54707af4b14a8894c37bdc2f,Astrology and Psychoanalysis: Understanding Astrology Through the Lens of Freudian Psychology,,Karen Curry Parker Understanding Human Design: The New Science of Astrology,https://annas-archive.org/md5/5d270c4c54707af4b14a8894c37bdc2f,work,work_overlap:1.00,auth_karen_curry_parker,Understanding Human Design: The New Science of Astrology,
5d4dd7705b63d972ce184118748455bb,Research Lines of the Department of Economics,,Book of Lines Parkyn,https://annas-archive.org/md5/5d4dd7705b63d972ce184118748455bb,query,search_query_substring,,,Book of Lines Parkyn
5daf5c6829691b6387aa2f2bbf214796,Applications & Software,,Human Design Made Simple Dunwoody,https://annas-archive.org/md5/5daf5c6829691b6387aa2f2bbf214796,query,search_query_substring,,,Human Design Made Simple Dunwoody
5dd2aee5659ea0e6329631e27090cef9,newsarch_ebooks_2025_10,"numerous experimental in vitro and in vivo studies. the book presents methods for hnsc derivation and discusses the mechanisms underlying nsc in vitro fate decisions and their in vivo therapeutic mode of action. the long-standing dogma that the human central nervous system (cns) lacks the ability to regenerate was refuted at the end of the 20th century, when evidence of the presence of neurogenic zones in the adult human brain was found. these neurogenic zones are home to human neural stem cells (hnscs), which are capable of self-renewing and differentiating into neurons, astrocytes and oligodendrocytes. nscs isolated from human cns have a number of clinical advantages, especially the innate potential to differentiate into functional neural cells. nevertheless, their full clinical exploitation has been hindered",Science of Differentiation Human Design,https://annas-archive.org/md5/5dd2aee5659ea0e6329631e27090cef9,query,search_query_substring,,,Science of Differentiation Human Design
5def5f324016e49bda7179ead68fef76,Developing the notion of teaching in ‘International Schools' as precarious: towards a more nuanced approach based upon ‘transition capital',Developing the notion of teaching in ‘International Schools’ as precarious: towards a more nuanced approach based upon ‘transition capital’,Living Your Design Bunnell|Lynda Bunnell,https://annas-archive.org/md5/5def5f324016e49bda7179ead68fef76,work,work_overlap:0.60,auth_lynda_bunnell,Living Your Design Student Manual,
5e5649d69cd10bad757cde88f2d0387a,Photoshop 5.0 made simple,Unknown_118.pdf,Human Design Made Simple Dunwoody,https://annas-archive.org/md5/5e5649d69cd10bad757cde88f2d0387a,query,search_query_substring,,,Human Design Made Simple Dunwoody
5e6131ae183e595fe4bc49243781da2b,"Easy Minimalist Living: 30 Days to Declutter, Simplify and Organize Your Home Without Driving Everyone Crazy",millions of homemakers,Lynda Bunnell Living Your Design Student Manual,https://annas-archive.org/md5/5e6131ae183e595fe4bc49243781da2b,work,work_overlap:1.00,auth_lynda_bunnell,Living Your Design Student Manual,
5e83371d8f0d4d8ff93c631d8085b046,TRANSFORM YOUR LIFE AND SAVE THE WORLD Through The Dreamed Of Arrival Of The Rehabilitating Biological Explanation Of The Human Condition,,Robin Winn Understanding Your Clients Through Human Design,https://annas-archive.org/md5/5e83371d8f0d4d8ff93c631d8085b046,work,work_overlap:1.00,auth_robin_winn,Understanding Your Clients Through Human Design,
5e95f1ef4dc294f4a11b43297822d185,Web UI Design for the Human Eye. 1,,Beyond Human Design|Chetan Parkyn Human Design|Chiron Ephemeris Human Design|Daitche Human Design|Emma Dunwoody Human Design|Jenna Zoe Human Design|Karen Curry Human Design|Quantum Human Design|Richard Rudd Human Design|Richard Rudd Human Design: The Revelation|Robin Winn Human Design|Steve Rhodes Human Design|Understanding Clients Human Design|Understanding Human Design|Zen Human Design Ephemeris|Zeno Dickson Human Design,https://annas-archive.org/md5/5e95f1ef4dc294f4a11b43297822d185,work,work_overlap:1.00,auth_richard_rudd,Human Design: The Revelation,
5eadea5a885b30ac409a5ffe085b1506,Tissue Engineering III: Cell,Surface Interactions for Tissue Culture/5eadea5a885b30ac409a5ffe085b1506.pdf,Eleanor Haspel-Portner,https://annas-archive.org/md5/5eadea5a885b30ac409a5ffe085b1506,query,search_query_substring,,,Eleanor Haspel-Portner
5ec45a708adb446225ed735e827519e2,Mesenchymal Stem Cells,,Lynda Bunnell,https://annas-archive.org/md5/5ec45a708adb446225ed735e827519e2,query,search_query_substring,,,Lynda Bunnell
5ee46ebd8694f51e5e584cf26b5da29d,Authentication: From Passwords to Public Keys,From Passwords to Public Keys - Richard E. Smith - Addison-Wesley - 2002.pdf,Gene Keys Richard Rudd,https://annas-archive.org/md5/5ee46ebd8694f51e5e584cf26b5da29d,work,work_overlap:0.67,auth_richard_rudd,Human Design: The Revelation,
5f109d13ca8da8cf0d901cf3643ce17c,Los murciélagos de España y de Europa,,Peter Schöber,https://annas-archive.org/md5/5f109d13ca8da8cf0d901cf3643ce17c,query,search_query_substring,,,Peter Schöber
5f2b932f00396a888abc5d873aefb96c,"How To Analyze People: 13 Laws About the Manipulation of the Human Mind, 7 Strategies to Quickly Figure Out Body Language, Dive into Dark Psychology and Persuasion for Making People Do What You Want",How To Analyze People: 13 Laws About the Manipulation of the Human Mind,How Do You Choose Human Design,https://annas-archive.org/md5/5f2b932f00396a888abc5d873aefb96c,query,search_query_substring,,,How Do You Choose Human Design
5f4e4cc76f61b43015ef51e453f37c99,Articles on Vladimir Gribov (Chapter from the book Under the Spell of Landau: When Theoretical Physics was Shaping Destinies),Dokshitzer Y.L.,Book of Destinies Parkyn,https://annas-archive.org/md5/5f4e4cc76f61b43015ef51e453f37c99,query,search_query_substring,,,Book of Destinies Parkyn
5f661b3f1ea483d7acdc42e7ae5e1ec7,newsarch_ebooks_2025_10,"oxford university press, hodder arnold, crc press (unlimited), london, 2006student nurses guide to professional practice and development is an essential guide for those considering or already embarked on a career in nursing. this new handbook provides a professional perspective of all the branches of nursing and gives comprehensive advice on how to gain entry to nursing courses and on all the key aspects of preparing forread more…english [en] · pdf · 0.9mb · 2006 · 📘 book (non-fiction) · 🚀/lgli/lgrs/nexusstc/upload/zlib    ·save·9·1base score: 11060.0, final score: 18.493223",Peter Schöber,https://annas-archive.org/md5/5f661b3f1ea483d7acdc42e7ae5e1ec7,query,search_query_substring,,,Peter Schöber
5f73c14c19cfa4e1dbec898079f1d8ac,"Geographies of Post-Industrial Place, Memory, and Heritage",,Steve Rhodes Human Design,https://annas-archive.org/md5/5f73c14c19cfa4e1dbec898079f1d8ac,query,search_query_substring,,,Steve Rhodes Human Design
5f753f05e48ad36ce2e0335543891c86,Universal Access in Health Telematics: A Design Code of Practice,Constantine Stephanidis.pdf,Human Design Health Haspel,https://annas-archive.org/md5/5f753f05e48ad36ce2e0335543891c86,query,search_query_substring,,,Human Design Health Haspel
5ff81a9764dc6dd5a8f2fb97af98e938,Neutrinos in cosmology (arXiv hep-ph 0202122),,Rave Cosmology,https://annas-archive.org/md5/5ff81a9764dc6dd5a8f2fb97af98e938,query,search_query_substring,,,Rave Cosmology
6024f82e75eb8b94b81c9ea9c6cb05a0,Human Design : Discover the Person You Were Born to Be,Human Design,Chetan Parkyn,https://annas-archive.org/md5/6024f82e75eb8b94b81c9ea9c6cb05a0,work,work_overlap:1.00,auth_chetan_parkyn,Human Design: Discover the Person You Were Born to Be,
6072195366bb9abd3db4c79eab61963c,"Discover 7 Ways to Create a Sustainable Passive Income for Life So You Can Work Less, Earn More & Finally Escape The Rat Race",Discover 7 Ways to Create a Sustainable Passive Income for Life So You Can Work Less,Chetan Parkyn The Book of Destinies: Discover the Life You Were Born to Live,https://annas-archive.org/md5/6072195366bb9abd3db4c79eab61963c,work,work_overlap:1.00,auth_chetan_parkyn,The Book of Destinies: Discover the Life You Were Born to Live,
6077f7a67a0a6f7fea373ae03013e574,Die Geschichte von Uljana_29865983.epub,,Uljana Daitche,https://annas-archive.org/md5/6077f7a67a0a6f7fea373ae03013e574,work,work_overlap:0.67,auth_uljana_daitche,Human Design - Beziehungen,
6079ff48af193009203085634d91d7ec,"Design, User Experience, and Usability: Design Thinking and Practice in Contemporary and Emerging Technologies : 11th International Conference, DUXU 2022, Held As Part of the 24th HCI International Co",,"64keys Human Design|Lynda Bunnell Human Design: The Definitive Book of Human Design, The Science of Differentiation|Science of Differentiation Human Design",https://annas-archive.org/md5/6079ff48af193009203085634d91d7ec,work,work_overlap:1.00,auth_lynda_bunnell,"Human Design: The Definitive Book of Human Design, The Science of Differentiation",
60a359f610aee5c639649cfd1f970bb8,PBooks Collection 2023,,Jovian Archive,https://annas-archive.org/md5/60a359f610aee5c639649cfd1f970bb8,query,search_query_substring,,,Jovian Archive
60aacad0a8cc96c60bc4f70591d218ad,Incrrease Your Design Confidence with Formality Equivalence Checker,Incrrease Your Design Confidence with Formality Equivalence Checker.pdf,Living Your Design Bunnell,https://annas-archive.org/md5/60aacad0a8cc96c60bc4f70591d218ad,query,search_query_substring,,,Living Your Design Bunnell
60f99dd58f927bd7816b98aed65bc1d3,Die Lα- und Lβ-Linien der Elemente 32Ge bis 26Fe und ihrer Verbindungen und Legierungen : Von der Technischen Hochschule Stuttgart zur Erlangung der Würde eines Doktor-Ingenieurs genehmigte Dissertati,,Uljana Daitche Die 384 Linien der 64 Tore: das große Human Design Handbuch,https://annas-archive.org/md5/60f99dd58f927bd7816b98aed65bc1d3,work,work_overlap:1.00,auth_uljana_daitche,Die 384 Linien der 64 Tore: das große Human Design Handbuch,
610281eedd2a6f219475b2445e8dfbb9,Zoé et Théo,Zoé et Théo - Tome 20 - Zoé et Théo chez les dinosaures,Jenna Zoë,https://annas-archive.org/md5/610281eedd2a6f219475b2445e8dfbb9,author,surname:Jenna,auth_jenna_zoe,,
61073d25557861542d24a1271f55a016,"The Tapping Cure: A Revolutionary System for Rapid Relief from Phobias, Anxiety, Post-Traumatic Stress Disorder and More",,Human Design Revolutionary System,https://annas-archive.org/md5/61073d25557861542d24a1271f55a016,query,search_query_substring,,,Human Design Revolutionary System
61440ce585d26747a7ef885559b4ae52,Human Factors in the Design of Tactical Display Systems for the Individual Soldier,,"Beyond Human Design|Chiron Ephemeris Human Design|Daitche Human Design|Emma Dunwoody Human Design|Lynda Bunnell Human Design: The Definitive Book of Human Design, The Science of Differentiation|Quantum Human Design|Richard Rudd Human Design: The Revelation|Robin Winn Human Design|Understanding Human Design|Zen Human Design Ephemeris|Zeno Dickson Human Design",https://annas-archive.org/md5/61440ce585d26747a7ef885559b4ae52,work,work_overlap:1.00,auth_lynda_bunnell,"Human Design: The Definitive Book of Human Design, The Science of Differentiation",
616e760bc2e31e8829e0d79d4b6672dd,Josephine's Garden,Josephine's Garden,Chetan Parkyn,https://annas-archive.org/md5/616e760bc2e31e8829e0d79d4b6672dd,query,search_query_substring,,,Chetan Parkyn
61d5d55993d893f5efbd6a31deee0934,Career Command Through Filipino Martial Arts: Advance Your Career Like A Warrior!,"the world’s top filipino martial arts teachers. with his career command through filipino martial arts program, bryan has unified his experience as an educator with his passion for martial arts to help you break through your professional plateaus. non-martial artists will have the steps to take for ethical career advancement. martial artists of any style will have new ideas about directions in which to take their practice. career command through filipino martial arts is the culmination of a dedicated educator and a passionate martial artist putting his education, experiences, and training to work for you.read more…english [en] · pdf · 2.2mb · 2021 · 📘 book (non-fiction) · 🚀/lgli/lgrs/nexusstc/zlib    ·save·40·1base score: 11065.0, final score: 31.582533",Robin Winn Understanding Your Clients Through Human Design,https://annas-archive.org/md5/61d5d55993d893f5efbd6a31deee0934,work,work_overlap:1.00,auth_robin_winn,Understanding Your Clients Through Human Design,
61f75b573a76aab056af8e2b7134a7e7,"Potenziale des variablen Ventiltriebes in Bezug auf das Abgasthermomanagement bei Pkw-Dieselmotoren (AutoUni – Schriftenreihe, 137) (German Edition)",,Daitche Variablen,https://annas-archive.org/md5/61f75b573a76aab056af8e2b7134a7e7,query,search_query_substring,,,Daitche Variablen
622e0cace51112dbcb58d5e8d03b4b17,A Life Course Approach to Menta,Sasha Rudenstine.pdf,Understanding Human Design,https://annas-archive.org/md5/622e0cace51112dbcb58d5e8d03b4b17,query,search_query_substring,,,Understanding Human Design
623c2a2d06125fba06dbb9e1f20277d9,"Global Academic Publishing_ Policies, Perspectives and Participation)",Mary Jane Curry _ Theresa Lillis.pdf,Karen Curry Parker,https://annas-archive.org/md5/623c2a2d06125fba06dbb9e1f20277d9,work,work_overlap:0.75,auth_karen_curry_parker,Abundance by Design,
6242c9297910a3989af607a55aeaf5dc,Monitored Migration of Additives from Thermally Upgraded Paper into Various Insulation Liquids,,Peter Schöber,https://annas-archive.org/md5/6242c9297910a3989af607a55aeaf5dc,query,search_query_substring,,,Peter Schöber
626b89a5c61e7dbba1c380010cc32e6f,Innovating for People: Handbook of Human-Centered Design Methods,Innovating for People: Handbook of Human-Centered Design Methods,Beyond Human Design|Chetan Parkyn Human Design|Chiron Ephemeris Human Design|Daitche Human Design|Emma Dunwoody Human Design|Jenna Zoe Human Design|Karen Curry Human Design|Quantum Human Design|Richard Rudd Human Design|Robin Winn Human Design|Science of Differentiation Human Design|Steve Rhodes Human Design|Understanding Clients Human Design|Understanding Human Design|Zen Human Design Ephemeris|Zeno Dickson Human Design,https://annas-archive.org/md5/626b89a5c61e7dbba1c380010cc32e6f,work,work_overlap:0.80,auth_robin_winn,Understanding Your Clients Through Human Design,
628ca83713e499945d7ea2fc7c53164b,Neuro-Symbolic AI: Design transparent and trustworthy systems that understand the world as you do,"exploring the decline of symbolic ai and the recent neural network revolution, as well as their limitations. the book then delves into the importance of building trustworthy and transparent ai solutions using explainable ai techniques. as you advance, you'll explore the emerging field of neuro-symbolic ai, which combines symbolic ai and modern neural networks to improve performance and transparency. you'll also learn how to get started with neuro-symbolic ai using python with the help of practical examples. in addition, the book covers the most promising technologies in the field, providing insights into the future of ai.",How Do You Choose Human Design,https://annas-archive.org/md5/628ca83713e499945d7ea2fc7c53164b,query,search_query_substring,,,How Do You Choose Human Design
62bb067b0ed29c4962dad30c5d770863,Weltkulturerbe und Europäisches Kulturerbe-Siegel in Deutschland : Potentiale und Nominierungsvorschläge,,Eleanor Haspel-Portner|Human Design Health Haspel,https://annas-archive.org/md5/62bb067b0ed29c4962dad30c5d770863,work,work_overlap:0.67,auth_eleanor_haspel_portner,Human Design & Health: A Practitioner's Guide to the Basics,
62c9e2d4113c4113f2be0d535d8b2c2a,Handbuch der preussischen Geschichte Das 17. und 18. Jahrhu.pdf,,Uljana Daitche Die 384 Linien der 64 Tore: das große Human Design Handbuch,https://annas-archive.org/md5/62c9e2d4113c4113f2be0d535d8b2c2a,work,work_overlap:1.00,auth_uljana_daitche,Die 384 Linien der 64 Tore: das große Human Design Handbuch,
62d8f221f0ab0cad6a37990326a744d9,"White Space Is Not Your Enemy: A Beginner’s Guide to Communicating Visually Through Graphic, Web and Multimedia Design",,Robin Winn Understanding Your Clients Through Human Design,https://annas-archive.org/md5/62d8f221f0ab0cad6a37990326a744d9,work,work_overlap:1.00,auth_robin_winn,Understanding Your Clients Through Human Design,
6351a89566caa289f5d0d73f0371492e,Towards Radical Regeneration: Design Modelling Symposium Berlin 2022,,64keys Human Design|Science of Differentiation Human Design,https://annas-archive.org/md5/6351a89566caa289f5d0d73f0371492e,query,search_query_substring,,,Science of Differentiation Human Design
63ac0071d955251321c78ae82561ef50,The last will and testament of Cecil John Rhodes : with elucidatory notes to which are added some chapters describing the political and religious ideas of the testator,The last will and testament of Cecil John Rhodes : with elucidatory notes to which are added some chapters describing the political and religious ideas of the testator.pdf,Bhan Tugh Rhodes,https://annas-archive.org/md5/63ac0071d955251321c78ae82561ef50,work,work_overlap:0.75,auth_steve_rhodes,Bhan Tugh,
63afdbc33ccaf5f6ff76f5729ec1418d,newsarch_ebooks_2025_10,,Understanding Clients Human Design,https://annas-archive.org/md5/63afdbc33ccaf5f6ff76f5729ec1418d,query,search_query_substring,,,Understanding Clients Human Design
63c6115f473014872a951c2afe4950e9,"Self-Help, Relationships & Lifestyle",,Chetan Parkyn Human Design: Discover the Person You Were Born to Be,https://annas-archive.org/md5/63c6115f473014872a951c2afe4950e9,work,work_overlap:1.00,auth_chetan_parkyn,Human Design: Discover the Person You Were Born to Be,
63ce74a72a087d6724c44ca67ac42923,The Pull Of History.pdf,"focusing upon the formation of the concept of force. this would be the first book to note the important role magnetism has played in this process. indeed, the force between celestial bodies, before the introduction of the isaac newtonian gravitational force, is first introduced",Robin Winn Understanding Your Clients Through Human Design,https://annas-archive.org/md5/63ce74a72a087d6724c44ca67ac42923,work,work_overlap:1.00,auth_robin_winn,Understanding Your Clients Through Human Design,
63dd10d18975b7ccd26e6647c2dd8491,Scenes From The Cross Of Life: The Nodal Environments(Human design/人類圖/人類設計),Scenes From The Cross Of Life: The Nodal Environments（Human design／人類圖／人類設計）,"Beyond Human Design|Chiron Ephemeris Human Design|Daitche Human Design|Emma Dunwoody Human Design|Human Design System Ra|Lynda Bunnell Human Design: The Definitive Book of Human Design, The Science of Differentiation|Prophecy Ra Uru Hu Rhodes|Quantum Human Design|Ra Uru Hu|Ra Uru Hu Generator Book|Ra Uru Hu Line Resonance|Ra Uru Hu Rave BodyGraph Circuitry|Ra Uru Hu Rave I'Ching Line Companion|Ra Uru Hu The Complete Rave I'Ching|Ra Uru Hu The Nine Centres and their Gates|Ra Uru Hu The Rave I'Ching|Richard Rudd Human Design: The Revelation|Robin Winn Human Design|Understanding Human Design|Zen Human Design Ephemeris|Zeno Dickson Human Design",https://annas-archive.org/md5/63dd10d18975b7ccd26e6647c2dd8491,work,work_overlap:1.00,auth_ra_uru_hu,The Rave I'Ching,
6450acaee08f3d55d95c8813bbd4a7d1,السر اﻷكبر_29221870.pdf,,Rave Cosmology,https://annas-archive.org/md5/6450acaee08f3d55d95c8813bbd4a7d1,query,search_query_substring,,,Rave Cosmology
64514fef20c1a7a6536f77126f3e93c9,Human design : how to read a graph,Human Design: How to read a Graph,Bhan Tugh Rhodes|Steve Rhodes Human Design|Steve Rhodes Human Design: How to Read a Graph,https://annas-archive.org/md5/64514fef20c1a7a6536f77126f3e93c9,work,work_overlap:1.00,auth_steve_rhodes,Bhan Tugh,
646b99e4b7519266f5ef16786dfce4dc,scihub/10.1145/1289612.1289616.pdf,,Karen Curry Human Design|Karen Curry Parker The Encyclopedia of Quantum Human Design,https://annas-archive.org/md5/646b99e4b7519266f5ef16786dfce4dc,work,work_overlap:1.00,auth_karen_curry_parker,The Encyclopedia of Quantum Human Design,
6474abebadf4c870255d7e1f00204d5d,How it works,How it works - Book of Amazing Answers to Curious Questions: Discover the incredible secrets of the world we live in 6,Chetan Parkyn The Book of Destinies: Discover the Life You Were Born to Live,https://annas-archive.org/md5/6474abebadf4c870255d7e1f00204d5d,work,work_overlap:1.00,auth_chetan_parkyn,The Book of Destinies: Discover the Life You Were Born to Live,
647a423af8da7efe99f312fc17ff21c0,Islam Revealed: A Christian Arab's View of Islam,,Human Design Revealed Dickson,https://annas-archive.org/md5/647a423af8da7efe99f312fc17ff21c0,query,search_query_substring,,,Human Design Revealed Dickson
64b55f0c8f0e11f31e4770869af333c6,23 Mini-Makeovers,23 Mini-Makeovers - Simple DIY Projects for Your Home,Living Your Design Bunnell,https://annas-archive.org/md5/64b55f0c8f0e11f31e4770869af333c6,query,search_query_substring,,,Living Your Design Bunnell
64bc2546a4b8398be40bdafb0251465b,Human error in process plant design and operations : a practitioner's guide,,64keys Human Design,https://annas-archive.org/md5/64bc2546a4b8398be40bdafb0251465b,query,search_query_substring,,,64keys Human Design
64dce6cdee3dde12231705b4d72a9d77,Is That You Again?: Adaptive Learning Techniques for User Identification in Smart Pill Bottle Systems,transforming them into 2d texture images. then we use pre-trained convolutional neural network (cnn) models for image-based classification tasks. we evaluate our approach with experiments executed,How Do You Choose Human Design|Jenna Zoë Human Design: The Revolutionary System That Shows You Who You Came Here to Be,https://annas-archive.org/md5/64dce6cdee3dde12231705b4d72a9d77,work,work_overlap:1.00,auth_jenna_zoe,Human Design: The Revolutionary System That Shows You Who You Came Here to Be,
650c049ea71bd92d7062fbfdcdf11dc8,"The Complete Photoshop Manual – Expert Tutorials To Improve Your Skills, 7th Edition 2020",The Complete Photoshop Manual – Expert Tutorials To Improve Your Skills,Living Your Design Student Manual|Lynda Bunnell Living Your Design Student Manual,https://annas-archive.org/md5/650c049ea71bd92d7062fbfdcdf11dc8,work,work_overlap:1.00,auth_lynda_bunnell,Living Your Design Student Manual,
65243e7d87b8f3584d5a80e6f5a212f4,lgrsnf/F:\Library.nu\65\_171546.65243e7d87b8f3584d5a80e6f5a212f4.pdf,who has been friends with Kevin Rudd for many years - encouraged the Prime Minister to write a children's book.Proceeds from this book go to The Centre for Community Child Health,Richard Rudd,https://annas-archive.org/md5/65243e7d87b8f3584d5a80e6f5a212f4,work,work_overlap:0.67,auth_richard_rudd,Human Design: The Revelation,
65257fddfa28ebafb3305d6b48d1410e,Intelligent Surfaces Empowered 6G Wireless Network,Intelligent Surfaces Empowered 6G Wireless Network,Peter Schöber,https://annas-archive.org/md5/65257fddfa28ebafb3305d6b48d1410e,query,search_query_substring,,,Peter Schöber
6550383568487b718967b54f1f314039,"Adipose-Derived Stem Cells: Methods and Protocols (Methods in Molecular Biology, 702)",,Lynda Bunnell,https://annas-archive.org/md5/6550383568487b718967b54f1f314039,query,search_query_substring,,,Lynda Bunnell
65552d8655de87359497012d900a2390,Cornell University Press [RETAIL],,Book of Destinies Parkyn,https://annas-archive.org/md5/65552d8655de87359497012d900a2390,query,search_query_substring,,,Book of Destinies Parkyn
6564be9a43dddb8a784ef3a0768ea309,Bible as a Human Witness to Divine Revelation: Hearing the Word of God Through Historically Dissimilar Traditions,"randall heskett and brian irwinnt & t clark international, library hebrew bible/old testament studies volume 469, 2010this work represents the attempts of several major scholars to respond to the historical problems presented throughout the biblical testimony and their description of what this means for reading scripture. walter brueggemann, for example, has written a wonderful article on various historical problems within the book of genesis, beginning with von rad's and noth's use of source criticism and his own understanding of how historically dissimilar texts can function within scripture. this book honors the work and life of gerald sheppard, who broke ground in biblical studies",Richard Rudd Human Design: The Revelation,https://annas-archive.org/md5/6564be9a43dddb8a784ef3a0768ea309,work,work_overlap:1.00,auth_richard_rudd,Human Design: The Revelation,
6587aea50c7ad76391c6af8111ce6b83,System 80+ Standard [nucl. powerplnt] Design,Vol 10,Human Design Revolutionary System|Human Design System Centres Schoeber,https://annas-archive.org/md5/6587aea50c7ad76391c6af8111ce6b83,work,work_overlap:0.67,auth_peter_schoeber,Human Design System – The Centres,
659584e6af6b0ae744b938257a8dea0e,5. Ancient & Classical Civilizations Series,Modern Greek and Byzantine Studies,Book of Destinies Parkyn,https://annas-archive.org/md5/659584e6af6b0ae744b938257a8dea0e,query,search_query_substring,,,Book of Destinies Parkyn
65ae701430ea1e6f5027165eab3e0836,Eingewöhnung und Beziehungsaufbau in Krippe und Kita: Modelle und Rahmenbedingungen für einen gelungenen Start,,Understanding Centers Human Design,https://annas-archive.org/md5/65ae701430ea1e6f5027165eab3e0836,query,search_query_substring,,,Understanding Centers Human Design
65d19dd0972ddb28ddde0e742ac83c4d,ZDU Student Manual Java Programming Vol 1,,Living Your Design Student Manual,https://annas-archive.org/md5/65d19dd0972ddb28ddde0e742ac83c4d,work,work_overlap:1.00,auth_lynda_bunnell,Living Your Design Student Manual,
65e178dd4f5163a6867c6f76b7c81b77,Hochbegabte Kinder: Das große Handbuch für Eltern,Das große Handbuch für Eltern,Uljana Daitche Die 384 Linien der 64 Tore: das große Human Design Handbuch,https://annas-archive.org/md5/65e178dd4f5163a6867c6f76b7c81b77,work,work_overlap:1.00,auth_uljana_daitche,Die 384 Linien der 64 Tore: das große Human Design Handbuch,
65e4c037d1db12b49e49b567cb6b0a0e,Channels by Type 4,Channels by Type 4 - Understanding the Transit Program,"Human Design System Ra|Karen Curry Parker Understanding Human Design: The New Science of Astrology|LYD manual IHDS|Lynda Bunnell Human Design: The Definitive Book of Human Design, The Science of Differentiation|Prophecy Ra Uru Hu Rhodes|Ra Uru Hu|Ra Uru Hu Generator Book|Ra Uru Hu Line Resonance|Ra Uru Hu Rave BodyGraph Circuitry|Ra Uru Hu Rave I'Ching Line Companion|Ra Uru Hu The Complete Rave I'Ching|Ra Uru Hu The Nine Centres and their Gates|Ra Uru Hu The Rave I'Ching|Rave I'Ching|Robin Winn Understanding Your Clients Through Human Design|Robin Winn Understanding the Centers in Human Design",https://annas-archive.org/md5/65e4c037d1db12b49e49b567cb6b0a0e,work,work_overlap:1.00,auth_ra_uru_hu,The Rave I'Ching,
6622f1591c1dcc768e71ac0dea3f51a6,"Montenbruck, Oliver",Practical Ephemeris Calculations.djvu,Chaitanyo Ephemeris,https://annas-archive.org/md5/6622f1591c1dcc768e71ac0dea3f51a6,query,search_query_substring,,,Chaitanyo Ephemeris
6668498a2dea8376ed956ca2126eb0f0,Design and Test of Digital Circuits by Quantum-DOT Cellular Automata,an emerging nanoelectronic circuit design technology that more and more industry experts are viewing as a superior alternative to current technologies. QCA promises to help practitioners achieve room temperature operation and realize improvements in speed,Karen Curry Parker The Encyclopedia of Quantum Human Design,https://annas-archive.org/md5/6668498a2dea8376ed956ca2126eb0f0,work,work_overlap:1.00,auth_karen_curry_parker,The Encyclopedia of Quantum Human Design,
66702d622df96fab55035f270f7fb925,"How to Live a Guided Life, Meeting the Real YOU: channeled from my Spirit Guide Angels, Book 2",How to Live a Guided Life,Chetan Parkyn The Book of Destinies: Discover the Life You Were Born to Live,https://annas-archive.org/md5/66702d622df96fab55035f270f7fb925,work,work_overlap:1.00,auth_chetan_parkyn,The Book of Destinies: Discover the Life You Were Born to Live,
66825bd2a2b216cd82d81a10b229ebbb,Designing for situation awareness  an approach to user-cent.pdf,,Erin Claire Jones Human Design,https://annas-archive.org/md5/66825bd2a2b216cd82d81a10b229ebbb,query,search_query_substring,,,Erin Claire Jones Human Design
66e13f1bdd410ae110d6463aaeff521a,Stephen C. L. Watson & Claire L. Szostek & Andrew Edwards-Jones & Betheney Wills & Gordon J. Watson & Nicola J. Beaumont,,Erin Claire Jones Human Design,https://annas-archive.org/md5/66e13f1bdd410ae110d6463aaeff521a,query,search_query_substring,,,Erin Claire Jones Human Design
6705494500c705c8aac33a8c8bdcfce4,"Was ist was?, Bd.83: Höhlen GERMAN",die Welt der Hhlen steckt voller Faszination und Abenteuer. Der Leser erfhrt von den Tieren,Eleanor Haspel-Portner,https://annas-archive.org/md5/6705494500c705c8aac33a8c8bdcfce4,query,search_query_substring,,,Eleanor Haspel-Portner
67088915fe9ffa562deb13eba4bac003,"Communication Networks, Vol. II",The Classical Theory of Long Lines,Book of Lines Parkyn,https://annas-archive.org/md5/67088915fe9ffa562deb13eba4bac003,query,search_query_substring,,,Book of Lines Parkyn
672c65d1b5171eee2ce474b3ce1735da,scihub/10.1145/3441000.3441031.pdf,,Karen Curry Parker The Encyclopedia of Quantum Human Design,https://annas-archive.org/md5/672c65d1b5171eee2ce474b3ce1735da,work,work_overlap:1.00,auth_karen_curry_parker,The Encyclopedia of Quantum Human Design,
67a612e0cf6aa5326a738b4ae00a94f3,Intro to Human Design System,Intro to Human Design System,Beyond Human Design|Chiron Ephemeris Human Design|Daitche Human Design|Emma Dunwoody Human Design|Karen Curry Human Design|Karen Curry Parker|Karen Curry Parker The Encyclopedia of Quantum Human Design|Karen Curry Parker Understanding Human Design: The New Science of Astrology|Peter Schoeber Das Human Design System – Die Zentren|Quantum Human Design|Robin Winn Human Design|Understanding Human Design|Zen Human Design Ephemeris|Zeno Dickson Human Design,https://annas-archive.org/md5/67a612e0cf6aa5326a738b4ae00a94f3,work,work_overlap:1.00,auth_karen_curry_parker,Understanding Human Design: The New Science of Astrology,
67f2061c6cc8e073c966bc0de6d089c9,React Design Patterns and Best Practices: Build modular applications that are easy to scale using the most powerful components and design patterns that React can offer you right now,,Jenna Zoë Human Design: The Revolutionary System That Shows You Who You Came Here to Be,https://annas-archive.org/md5/67f2061c6cc8e073c966bc0de6d089c9,work,work_overlap:1.00,auth_jenna_zoe,Human Design: The Revolutionary System That Shows You Who You Came Here to Be,
68126388d71f87f0d86e20d9e5099eb6,Color theory for the make-up artist : understanding color and light for beauty and special effects,"using only primary colors, and explains how these colors in paints and make-up are sourced and created. it also discusses the reason for variations in skin colors and undertones, and how to identify and match these using make-up, while choosing flattering colors for the eyes, lips, and cheeks. colors found inside the body are explained for special effects make-up, like why we bruise, bleed, or appear sick. ideas and techniques are also described for painting prosthetics, in addition to using color as inspiration in make-up designs. the book also discusses how lighting affects color on film, television, theater, and photography sets, and how to properly light a workspace for successful applications.read more…english [en] · pdf · 9.3mb · 2018 · 📘 book (non-fiction) · 🚀/lgli/lgrs/nexusstc/zlib    ·save·143·1base score: 11065.0, final score: 1.6742647",Understanding Human Design,https://annas-archive.org/md5/68126388d71f87f0d86e20d9e5099eb6,query,search_query_substring,,,Understanding Human Design
6814d2ce29444477a850da1368764d56,Forestry and Biodiversity: Learning How to Sustain Biodiversity in Managed Forests,"doing.”read more…english [en] · pdf · 6.9mb · 2009 · 📘 book (non-fiction) · 🚀/lgli/lgrs/nexusstc/zlib    ·save·14·1base score: 11065.0, final score: 10.987476",Lynda Bunnell,https://annas-archive.org/md5/6814d2ce29444477a850da1368764d56,query,search_query_substring,,,Lynda Bunnell
6863fb42d2a051c44bac82d2e47a9bb7,Degruyter Imprints v2 [09-06-23],,Uljana Daitche Die 384 Linien der 64 Tore: das große Human Design Handbuch,https://annas-archive.org/md5/6863fb42d2a051c44bac82d2e47a9bb7,work,work_overlap:1.00,auth_uljana_daitche,Die 384 Linien der 64 Tore: das große Human Design Handbuch,
686f6e21b31f3dc73b5e6f30761570a7,The Curry Story from Thailand!: Curries On Your Plate –Mouth-Watering Thai Curry Recipes You Can Easily Prepare at Home,The Curry Story from Thailand!: Curries On Your Plate –Mouth-Watering Thai Curry Recipes You Can Easily Prepare at Home,Karen Curry Parker,https://annas-archive.org/md5/686f6e21b31f3dc73b5e6f30761570a7,work,work_overlap:0.75,auth_karen_curry_parker,Abundance by Design,
687a65bc4a0747382e7e5d4206876014,scihub/10.1109/dese51703.2020.9450242.pdf,,Gene Keys Richard Rudd,https://annas-archive.org/md5/687a65bc4a0747382e7e5d4206876014,work,work_overlap:0.67,auth_richard_rudd,Human Design: The Revelation,
68b67c4119aad48cd56ea071d21c606c,Quantum Metaphysics: The Role of Human Beings within the Paradigms of Classical and Quantum Physics  Thesis,,Karen Curry Parker The Encyclopedia of Quantum Human Design,https://annas-archive.org/md5/68b67c4119aad48cd56ea071d21c606c,work,work_overlap:1.00,auth_karen_curry_parker,The Encyclopedia of Quantum Human Design,
68c28b18f0e4513f3e8e2fda94a05f63,The Complete Photoshop Manual ; Expert Tutorials To Improve Your Skills,July 2020/68c28b18f0e4513f3e8e2fda94a05f63.pdf,Living Your Design Student Manual|Lynda Bunnell Living Your Design Student Manual,https://annas-archive.org/md5/68c28b18f0e4513f3e8e2fda94a05f63,work,work_overlap:1.00,auth_lynda_bunnell,Living Your Design Student Manual,
68c98c6efcd94b922e2f907bc0bca34d,Body As Starting Point 4: Inbodied Interaction Design for Health Ownership.,,Erin Claire Jones Human Design,https://annas-archive.org/md5/68c98c6efcd94b922e2f907bc0bca34d,query,search_query_substring,,,Erin Claire Jones Human Design
68f34d87652c438c668e1ceff9dda392,Optimized design pattern matrix of PDMA based on binary particle swarm optimization for 5G,,Triple Design Matrix DreamRave,https://annas-archive.org/md5/68f34d87652c438c668e1ceff9dda392,query,search_query_substring,,,Triple Design Matrix DreamRave
68f9947150286d2da61ca853c9115568,newsarch_ebooks_2025_10,,Understanding Clients Human Design,https://annas-archive.org/md5/68f9947150286d2da61ca853c9115568,query,search_query_substring,,,Understanding Clients Human Design
690c7a7d915d58e6a13dc0f54b84a14b,PBooks Collection 2023,,Jovian Archive,https://annas-archive.org/md5/690c7a7d915d58e6a13dc0f54b84a14b,query,search_query_substring,,,Jovian Archive
69112ff4cae9a3e507930d2a85409cbe,newsarch_ebooks_2025_10,,Richard Rudd Human Design: The Revelation,https://annas-archive.org/md5/69112ff4cae9a3e507930d2a85409cbe,work,work_overlap:1.00,auth_richard_rudd,Human Design: The Revelation,
691a363dd2c3b68c0fdf058196899d36,"Serverless Machine Learning with Amazon Redshift ML : Create, Train, and Deploy Machine Learning Models Using Familiar SQL Commands",Serverless Machine Learning with Amazon Redshift ML,Understanding Human Design,https://annas-archive.org/md5/691a363dd2c3b68c0fdf058196899d36,query,search_query_substring,,,Understanding Human Design
696181b65d098682753d1fb496db6b89,How to Survive Your Parents,How to Survive Your Parents,Robin Winn Understanding Your Clients Through Human Design,https://annas-archive.org/md5/696181b65d098682753d1fb496db6b89,work,work_overlap:1.00,auth_robin_winn,Understanding Your Clients Through Human Design,
699d2cbe70f0e0d6c3a1cd0bb3779426,From the Right,From the Right,Human Design System Ra|Prophecy Ra Uru Hu Rhodes|Ra Uru Hu|Ra Uru Hu Generator Book|Ra Uru Hu Line Resonance|Ra Uru Hu Rave BodyGraph Circuitry|Ra Uru Hu Rave I'Ching Line Companion|Ra Uru Hu The Complete Rave I'Ching|Ra Uru Hu The Nine Centres and their Gates|Ra Uru Hu The Rave I'Ching,https://annas-archive.org/md5/699d2cbe70f0e0d6c3a1cd0bb3779426,work,work_overlap:1.00,auth_ra_uru_hu,The Rave I'Ching,
69c386b0cff1070bea97ec16869a1362,"Adobe InDesign CS2, Photoshop CS2, and Illustrator CS2, Revealed, Deluxe Education Edition (Revealed Series)",Adobe InDesign CS2 - Revealed,Human Design Revealed Dickson,https://annas-archive.org/md5/69c386b0cff1070bea97ec16869a1362,query,search_query_substring,,,Human Design Revealed Dickson
69cfc40c8462ae2da3529e80922fbee3,Metaphysics & Spirituality,,Chetan Parkyn Human Design: Discover the Person You Were Born to Be|Chetan Parkyn The Book of Destinies: Discover the Life You Were Born to Live,https://annas-archive.org/md5/69cfc40c8462ae2da3529e80922fbee3,work,work_overlap:1.00,auth_chetan_parkyn,Human Design: Discover the Person You Were Born to Be,
69d6718bdf15f13307250b10300557e6,Carro Armato L640 (Photographic Reference Manual),,LYD manual IHDS,https://annas-archive.org/md5/69d6718bdf15f13307250b10300557e6,query,search_query_substring,,,LYD manual IHDS
69f8c793701bf70701c72afb2efafb7a,How to Read Body Language: Secrets to Analyzing & Speed Reading People Like a Book,How to Understand & Talk to Any Person,Steve Rhodes Human Design: How to Read a Graph,https://annas-archive.org/md5/69f8c793701bf70701c72afb2efafb7a,work,work_overlap:1.00,auth_steve_rhodes,Human Design: How to Read a Graph,
6a12cd2864cb8d58fff34c15618721a3,Conceptual Models: Core to the Design of Interactive Applications (2nd Edition),,64keys Human Design,https://annas-archive.org/md5/6a12cd2864cb8d58fff34c15618721a3,query,search_query_substring,,,64keys Human Design
6a501e46a3e79a1504f7831035f980c7,Differentialrechnung für Funktionen mit mehreren Variablen,,Daitche Variablen,https://annas-archive.org/md5/6a501e46a3e79a1504f7831035f980c7,query,search_query_substring,,,Daitche Variablen
6a66bb0c4dc3183c364fbea1ea435916,"Design Criteria for Mosques and Islamic Centers. Art, Architecture, and Worship",,Understanding Centers Human Design,https://annas-archive.org/md5/6a66bb0c4dc3183c364fbea1ea435916,query,search_query_substring,,,Understanding Centers Human Design
6aea4994c6cd6661c8344ef6bbb63701,Introduction to Health and Safety in Construction: for the NEBOSH National Certificate in Construction Health and Safety,,Human Design Health Haspel,https://annas-archive.org/md5/6aea4994c6cd6661c8344ef6bbb63701,query,search_query_substring,,,Human Design Health Haspel
6aed82ed4938b0e63922b41a3a7fdeea,Additional Lines in the K Series of Molybdenum and the Natural Breadth of Spectral Lines,,Book of Lines Parkyn,https://annas-archive.org/md5/6aed82ed4938b0e63922b41a3a7fdeea,query,search_query_substring,,,Book of Lines Parkyn
6b012dd1cf7b640ed2ee9cdfc7d9c314,Sofocle Si Conditia Umana,,Jenna Zoë,https://annas-archive.org/md5/6b012dd1cf7b640ed2ee9cdfc7d9c314,author,surname:Jenna,auth_jenna_zoe,,
6b124f6f7cc520a8db9ed14037d1ba02,"Brand by hand : blisters, calluses, and clients : a life in design",Brand by Hand: Blisters,Understanding Clients Human Design,https://annas-archive.org/md5/6b124f6f7cc520a8db9ed14037d1ba02,query,search_query_substring,,,Understanding Clients Human Design
6b2ba280c1dcd2698ed2472ea1f4e4b0,Bootstrap,Aether Exists_115128385.pdf,Rave Cosmology,https://annas-archive.org/md5/6b2ba280c1dcd2698ed2472ea1f4e4b0,query,search_query_substring,,,Rave Cosmology
6b382729ede6c371ea0f04553633327f,Wir sind ein Teil der Erde,Wir sind ein Teil der Erde. Die Rede des Häuptlings Seattle vor dem Präsidenten der Vereinigten Staaten von Amerika im Jahre 1855.pdf,Uljana Daitche Variablen im Human Design: Teil 1 — Die Pfeile,https://annas-archive.org/md5/6b382729ede6c371ea0f04553633327f,work,work_overlap:1.00,auth_uljana_daitche,Variablen im Human Design: Teil 1 — Die Pfeile,
6b55d5cb6db3f389c70e9d86fab27779,Forex Made Simple: The Ultimate Trend Trading $y$tem,Forex Made Simple: The Ultimate Trend Trading $y$tem,Human Design Made Simple Dunwoody,https://annas-archive.org/md5/6b55d5cb6db3f389c70e9d86fab27779,query,search_query_substring,,,Human Design Made Simple Dunwoody
6b5c8ed02310b71e1e6e00ad5405b371,"Jewish Destinies Citizenship, State, and Community in Moder.pdf",,Book of Destinies Parkyn,https://annas-archive.org/md5/6b5c8ed02310b71e1e6e00ad5405b371,query,search_query_substring,,,Book of Destinies Parkyn
6b5cb47e3512297456df48a2b722273e,John.Wiley.&.Sons.Mobile.Interaction.Design.Feb.2006.pdf,,Erin Claire Jones Human Design,https://annas-archive.org/md5/6b5cb47e3512297456df48a2b722273e,query,search_query_substring,,,Erin Claire Jones Human Design
6b72dad9259e2713e4f9a488e4e85b33,Universal Design in Video Games: Active Participation Through Accessible Play (HumanComputer Interaction Series),"ensuring that they're accessible, empowering and representative for every participant.read more…english [en] · pdf · 6.5mb · 2024 · 📘 book (non-fiction) · 🚀/lgli/lgrs/zlib    ·save·58·1base score: 11065.0, final score: 23.162605",64keys Human Design,https://annas-archive.org/md5/6b72dad9259e2713e4f9a488e4e85b33,query,search_query_substring,,,64keys Human Design
6b8515e4149f8aaba23e7877b1c98982,6b8515e4149f8aaba23e7877b1c98982.pdf,"me. this is good stuff. especially if you've already studied and experimented with lots of self help and/or self annihilation teachings. this is the real deal, no fluff. enjoy.read more…english [en] · pdf · 4.0mb · 1997 · 📘 book (non-fiction) · 🚀/lgli/lgrs/nexusstc/zlib    ·save·183·1base score: 11065.0, final score: 38.46218",Chetan Parkyn Human Design: Discover the Person You Were Born to Be,https://annas-archive.org/md5/6b8515e4149f8aaba23e7877b1c98982,work,work_overlap:1.00,auth_chetan_parkyn,Human Design: Discover the Person You Were Born to Be,
6b86c89bfddaef63c3bc0c44b8d17692,Mastering UX Design with Effective Prototyping: Turn your ideas into reality with UX prototyping,Mastering UX Design with Effective Prototyping: Turn your ideas into reality with UX prototyping,Living Your Design Bunnell,https://annas-archive.org/md5/6b86c89bfddaef63c3bc0c44b8d17692,query,search_query_substring,,,Living Your Design Bunnell
6b8f44985ac3aaa78b52af5b0fb3d2eb,Lectures on the Curry-Howard Isomorphism [unpub. notes],,Karen Curry Parker,https://annas-archive.org/md5/6b8f44985ac3aaa78b52af5b0fb3d2eb,work,work_overlap:0.75,auth_karen_curry_parker,Abundance by Design,
6bab5b9cb188ffcc6721223507a6e9a6,Do You Really Need Back Surgery? : A Surgeon's Guide to Neck and Back Pain and How to Choose Your Treatment,Do You Really Need Back Surgery?: A Surgeon's Guide to Neck and Back Pain and How to Choose Your Treatment,How Do You Choose Human Design,https://annas-archive.org/md5/6bab5b9cb188ffcc6721223507a6e9a6,query,search_query_substring,,,How Do You Choose Human Design
6bbec39ca56ec4494424a277683196db,PBooks Collection 2023,,Jovian Archive,https://annas-archive.org/md5/6bbec39ca56ec4494424a277683196db,query,search_query_substring,,,Jovian Archive
6bcf1c8ac3701ab539359ece6893b914,"The lost Apocrypha of the Old Testament, their titles and fragments;",The lost Apocrypha of the Old Testament,Bhan Tugh Rhodes,https://annas-archive.org/md5/6bcf1c8ac3701ab539359ece6893b914,work,work_overlap:0.75,auth_steve_rhodes,Bhan Tugh,
6c1056d2a6574b5d219eea455c4a67d1,scihub/10.1109/elconrus51938.2021.9396674.pdf,,Chaitanyo Ephemeris,https://annas-archive.org/md5/6c1056d2a6574b5d219eea455c4a67d1,query,search_query_substring,,,Chaitanyo Ephemeris
6c283c8b65685374352462affbd621ca,Degruyter Imprints v2 [09-06-23],,Chaitanyo Ephemeris,https://annas-archive.org/md5/6c283c8b65685374352462affbd621ca,query,search_query_substring,,,Chaitanyo Ephemeris
6c2c7ea9cae70fa33f29dc37b1ca6676,Understanding depression: What we know and what you can do about it,,How Do You Choose Human Design,https://annas-archive.org/md5/6c2c7ea9cae70fa33f29dc37b1ca6676,query,search_query_substring,,,How Do You Choose Human Design
6c4a499a328622158c3c22e8bd43fa5d,Air & Tumpeng dalam Kosmologi Jawa (Water & Tumpeng in Javanese Cosmology),Air & Tumpeng dalam Kosmologi Jawa,Rave Cosmology,https://annas-archive.org/md5/6c4a499a328622158c3c22e8bd43fa5d,query,search_query_substring,,,Rave Cosmology
6c629e199c28dabd44dc186dae6d72bd,Poser 6 Revealed: The Official Guide,"examining the concept behind each task-the goal and the necessary features that are involved. then go in-depth with the objective of your task as you study examples and learn the steps necessary to complete it. working your way through comprehensive, step-by-step lessons, you'll develop the confidence you need to create amazing graphics using poser.</p>read more…english [en] · pdf · 15.7mb · 2005 · 📘 book (non-fiction) · 🚀/lgli/lgrs/nexusstc/zlib    ·save·5·1base score: 11065.0, final score: 19.703648",Human Design Revealed Dickson,https://annas-archive.org/md5/6c629e199c28dabd44dc186dae6d72bd,query,search_query_substring,,,Human Design Revealed Dickson
6c7386af5400308b09c0d2304a8e6cc3,Human Ecology and the Development of Settlements,,Erin Claire Jones Human Design,https://annas-archive.org/md5/6c7386af5400308b09c0d2304a8e6cc3,query,search_query_substring,,,Erin Claire Jones Human Design
6cc16e4a7ebedfa4ccab548d2004cbf9,Channels by Type 3,Channels by Type 3 - Projected Channels,"Human Design System Ra|LYD manual IHDS|Lynda Bunnell Human Design: The Definitive Book of Human Design, The Science of Differentiation|Prophecy Ra Uru Hu Rhodes|Ra Uru Hu|Ra Uru Hu Generator Book|Ra Uru Hu Line Resonance|Ra Uru Hu Rave BodyGraph Circuitry|Ra Uru Hu Rave I'Ching Line Companion|Ra Uru Hu The Complete Rave I'Ching|Ra Uru Hu The Nine Centres and their Gates|Ra Uru Hu The Rave I'Ching|Rave I'Ching",https://annas-archive.org/md5/6cc16e4a7ebedfa4ccab548d2004cbf9,work,work_overlap:1.00,auth_ra_uru_hu,The Rave I'Ching,
6cd997cb2a679ec9828e56c9b0f56908,Going Deeper,27 November 2020 Part-2/Going Deeper - Understanding How the Inner Child Impacts Your Sexual Addiction.pdf,Robin Winn Understanding Your Clients Through Human Design,https://annas-archive.org/md5/6cd997cb2a679ec9828e56c9b0f56908,work,work_overlap:1.00,auth_robin_winn,Understanding Your Clients Through Human Design,
6d39e6c2e5483d78f2c2fcaa89210cae,Design Your Own Life Werkboek 2020,Design Your Own Life Werkboek 2020.pdf,Living Your Design Bunnell,https://annas-archive.org/md5/6d39e6c2e5483d78f2c2fcaa89210cae,query,search_query_substring,,,Living Your Design Bunnell
6d435cc45d582500d99b71f9c2811951,ia/isbn_9781463639457.pdf,,Rave I'Ching,https://annas-archive.org/md5/6d435cc45d582500d99b71f9c2811951,work,work_overlap:1.00,auth_ra_uru_hu,The Rave I'Ching,
6d6f72a8735b1e99daf0be824c9b55ee,64keys: Das Blaue I Ging,64keys: Das Blaue I Ging.pdf,64keys Human Design,https://annas-archive.org/md5/6d6f72a8735b1e99daf0be824c9b55ee,query,search_query_substring,,,64keys Human Design
6da6d8d27a21f1b169c4d7530f3beaf8,scihub/10.1109/sed51197.2021.9444496.pdf,,Triple Design Matrix DreamRave,https://annas-archive.org/md5/6da6d8d27a21f1b169c4d7530f3beaf8,query,search_query_substring,,,Triple Design Matrix DreamRave
6dd6354f18b29855a886dcc149528314,Apathy of voters a challenge to our schools,Apathy of voters a challenge to our schools.pdf,Gene Keys Richard Rudd|Richard Rudd,https://annas-archive.org/md5/6dd6354f18b29855a886dcc149528314,work,work_overlap:0.67,auth_richard_rudd,Human Design: The Revelation,
6e0e347204e921406942f6d2a32def78,Das große Personal-Branding-Handbuch,Marketing - Vertrieb - Text - Foto - Visualisierung et Design - Image et Wirkung - Rhetorik - Körpersprache,Uljana Daitche Die 384 Linien der 64 Tore: das große Human Design Handbuch,https://annas-archive.org/md5/6e0e347204e921406942f6d2a32def78,work,work_overlap:1.00,auth_uljana_daitche,Die 384 Linien der 64 Tore: das große Human Design Handbuch,
6e1c08d99f91ecc524f31049bb7411b5,The Advanced Guide to Windows 10,это обязательное пособие для тех,Book of Destinies Parkyn|Book of Lines Parkyn|Chetan Parkyn|Chetan Parkyn Human Design,https://annas-archive.org/md5/6e1c08d99f91ecc524f31049bb7411b5,query,search_query_substring,,,Chetan Parkyn Human Design
6e7137cf73c57e9308dd45a54922f0ad,Written Exposure Therapy for Suicide Prevention (WET-SP): Design and methodology of a randomized controlled trial among military service members psychiatrically hospitalized for suicide risk,,Richard Rudd Human Design|Richard Rudd Human Design: The Revelation,https://annas-archive.org/md5/6e7137cf73c57e9308dd45a54922f0ad,work,work_overlap:1.00,auth_richard_rudd,Human Design: The Revelation,
6e75604046c6c38dc98cb3fdc4aed1e4,Sculpture and the Decorative in Britain and Europe: Seventeenth Century to Contemporary,"foregrounding the overlaps between sculpture and the decorative, this volume of essays",Erin Claire Jones Human Design,https://annas-archive.org/md5/6e75604046c6c38dc98cb3fdc4aed1e4,query,search_query_substring,,,Erin Claire Jones Human Design
6e830750dd774a2bf07183498073b492,Human-AI Interaction in Human Resource Management: Understanding Why Employees Resist Algorithmic Evaluation at Workplaces and How to Mitigate Burdens,,Robin Winn Understanding the Centers in Human Design,https://annas-archive.org/md5/6e830750dd774a2bf07183498073b492,work,work_overlap:1.00,auth_robin_winn,Understanding the Centers in Human Design,
6e8c938f2d390ce88d3837a114665224,Die große Fotoschule: Digitale Fotopraxis,,Uljana Daitche Die 384 Linien der 64 Tore: das große Human Design Handbuch,https://annas-archive.org/md5/6e8c938f2d390ce88d3837a114665224,work,work_overlap:1.00,auth_uljana_daitche,Die 384 Linien der 64 Tore: das große Human Design Handbuch,
6ea4517bdafe1ff1563ab7ad490873a1,Computer Graphics & Design,,Robin Winn Understanding Your Clients Through Human Design,https://annas-archive.org/md5/6ea4517bdafe1ff1563ab7ad490873a1,work,work_overlap:1.00,auth_robin_winn,Understanding Your Clients Through Human Design,
6f15ea03ed288a5856155aacf6a02eca,Foundations of Sociology Towards a Better Understanding of.pdf,key concepts which are necessary to all sociology,Understanding Human Design,https://annas-archive.org/md5/6f15ea03ed288a5856155aacf6a02eca,query,search_query_substring,,,Understanding Human Design
6f169b32ec1bc0d691bb8383fb2f2e58,Building for Life : Designing and Understanding the Human-Nature Connection,,Understanding Human Design,https://annas-archive.org/md5/6f169b32ec1bc0d691bb8383fb2f2e58,query,search_query_substring,,,Understanding Human Design
6f9426b2111b87990cf25bdebcdbb3e4,"Buddhist Manuscript Cultures: Knowledge, Ritual, and Art (Routledge Critical Studies in Buddhism)",,Peter Schöber,https://annas-archive.org/md5/6f9426b2111b87990cf25bdebcdbb3e4,query,search_query_substring,,,Peter Schöber
6fb69eb98beeef9bf6871555a8c4c5fb,Rave Statistics,Rave Statistics - 249p.pdf,LYD manual IHDS,https://annas-archive.org/md5/6fb69eb98beeef9bf6871555a8c4c5fb,work,work_overlap:0.60,__non_author__,Rave ABCs Student Manual,
6fe3568975c6d6c8b706819315680ea7,Downloaden Human Design PDF Gratis,Downloaden Human Design PDF Gratis - Guido Wernink & Sarah Leers.pdf,Beyond Human Design|Chiron Ephemeris Human Design|Daitche Human Design|Emma Dunwoody Human Design|Quantum Human Design|Robin Winn Human Design|Understanding Human Design|Zen Human Design Ephemeris|Zeno Dickson Human Design,https://annas-archive.org/md5/6fe3568975c6d6c8b706819315680ea7,work,work_overlap:0.75,auth_robin_winn,Understanding the Centers in Human Design,
6fed489e0541d8cb0d96d555476ad198,PBooks Collection 2023,,Jovian Archive,https://annas-archive.org/md5/6fed489e0541d8cb0d96d555476ad198,query,search_query_substring,,,Jovian Archive
6ffc79036baf8897489b4fa61b62f98b,Z,More books,Book of Destinies Parkyn,https://annas-archive.org/md5/6ffc79036baf8897489b4fa61b62f98b,query,search_query_substring,,,Book of Destinies Parkyn
6ffce459f82d81dc5f8496e827d0a33b,"Designing for Situation Awareness : An Approach to User-Centered Design, Second Edition",,Erin Claire Jones Human Design,https://annas-archive.org/md5/6ffce459f82d81dc5f8496e827d0a33b,query,search_query_substring,,,Erin Claire Jones Human Design
70106c89c1534bcf4612c7a6cca42d16,"A Designer's Research Manual, 2nd edition, Updated and Expanded","knowing your clients and understanding what they really needjenn visocky o'grady;ken visocky o'grady (auth.)rockport publishers, 2nd, reprint, updated, expanded edition, 2017good information gives designers a competitive advantage.  understanding the wishes of a client and the needs and preferences of their audience drives innovation. the ability to gather research, analyze findings, and apply them to project goals is as important to successful design teams as their conceptual and aesthetic skills. this essential handbook will help readers understand what design research is and why it is necessary, outline proven techniques and methods, and explain how to incorporate them into any creative process.",Living Your Design Student Manual,https://annas-archive.org/md5/70106c89c1534bcf4612c7a6cca42d16,work,work_overlap:1.00,auth_lynda_bunnell,Living Your Design Student Manual,
7032513939d2470d325efd31f34d2694,Applied Human Factors in Residential Architectural Design,,Beyond Human Design|Chiron Ephemeris Human Design|Daitche Human Design|Emma Dunwoody Human Design|Quantum Human Design|Understanding Human Design|Zen Human Design Ephemeris,https://annas-archive.org/md5/7032513939d2470d325efd31f34d2694,query,search_query_substring,,,Chiron Ephemeris Human Design
705a8f246402aab9e421a8439fffbca4,Das andere Ende der Geschichte: Über die Große Transformation,,Uljana Daitche Die 384 Linien der 64 Tore: das große Human Design Handbuch,https://annas-archive.org/md5/705a8f246402aab9e421a8439fffbca4,work,work_overlap:1.00,auth_uljana_daitche,Die 384 Linien der 64 Tore: das große Human Design Handbuch,
7067284831e1add56104369148fae14b,Enforcer (Enforcer Series Book 1),Enforcer,Bhan Tugh Rhodes,https://annas-archive.org/md5/7067284831e1add56104369148fae14b,work,work_overlap:0.75,auth_steve_rhodes,Bhan Tugh,
70711e892a3d7e59890ad72555cdcfb4,Interaction Design: Beyond Human-Computer Interaction,"a website hosting digital resources that add to and complement the material contained within. readers will also find: * explorations of the social and emotional components of interacting with apps, digital devices and computers * descriptions about how to design, prototype, evaluate and construct technologies that support human-computer interaction * discussions of the cognitive aspects of interaction design, as well as design and evaluation, including usability testing and expert reviews. an essential text for undergraduate and graduate students of human-computer interaction, interaction design, software engineering, web design, and information studies, interaction design will also prove to be indispensable for interaction design and user experience professionals.read more…english [en] · pdf · 39.9mb · 2023 · 📘 book (non-fiction) · 🚀/lgli/lgrs/nexusstc/zlib    ·save·1,210·2base score: 11065.0, final score: 20.12878",Beyond Human Design|Chiron Ephemeris Human Design|Daitche Human Design|Emma Dunwoody Human Design|Quantum Human Design|Understanding Human Design|Zen Human Design Ephemeris,https://annas-archive.org/md5/70711e892a3d7e59890ad72555cdcfb4,query,search_query_substring,,,Chiron Ephemeris Human Design
7074923b54c33489ba1614f23f0a73b6,Housekeeping & Leisure,,Living Your Design Bunnell,https://annas-archive.org/md5/7074923b54c33489ba1614f23f0a73b6,query,search_query_substring,,,Living Your Design Bunnell
707ff0a698d2730748823afcbb83e360,Matrix-based product design and change management,,Triple Design Matrix DreamRave,https://annas-archive.org/md5/707ff0a698d2730748823afcbb83e360,query,search_query_substring,,,Triple Design Matrix DreamRave
7095c7d8a25a65d68d03851f0450f63e,7095c7d8a25a65d68d03851f0450f63e.pdf,December 2014,Living Your Design Bunnell,https://annas-archive.org/md5/7095c7d8a25a65d68d03851f0450f63e,query,search_query_substring,,,Living Your Design Bunnell
70f249b4ca884a34abb306f2ae7f4561,newsarch_ebooks_2025_10,,Understanding Human Design,https://annas-archive.org/md5/70f249b4ca884a34abb306f2ae7f4561,query,search_query_substring,,,Understanding Human Design
70fdbcdad4d9fa1ef92a5f1782c0918b,Dark web,Wikipedia_117945917.pdf,Rave Cosmology,https://annas-archive.org/md5/70fdbcdad4d9fa1ef92a5f1782c0918b,query,search_query_substring,,,Rave Cosmology
710876468e0b548865ab3f09b9dfc301,"Conscription, US Intervention and the Transformation of Ireland, 1914–1918: Divergent Destinies","re-situating the irish revolution in a global history of empire and anti-colonialism, this book contributes new evidence and new concepts. destenay convincingly argues that the fears of conscription have been neglected",Book of Destinies Parkyn,https://annas-archive.org/md5/710876468e0b548865ab3f09b9dfc301,query,search_query_substring,,,Book of Destinies Parkyn
7164da2aa2a6da9c46081fa4f7faa849,newsarch_ebooks_2025_10,,Book of Destinies Parkyn,https://annas-archive.org/md5/7164da2aa2a6da9c46081fa4f7faa849,query,search_query_substring,,,Book of Destinies Parkyn
71998c9dd930368c60909f92f3f8eca9,Design Thinking Research- Measuring Performance in Context,Hasso Plattner.pdf,Robin Winn Understanding the Centers in Human Design,https://annas-archive.org/md5/71998c9dd930368c60909f92f3f8eca9,work,work_overlap:1.00,auth_robin_winn,Understanding the Centers in Human Design,
71ab32f1c823d23fc3c8f8619f6fb4cf,101 Science Experiments Basic Principles Made Clear by Simple Demonstrations,simple demonstrations/71ab32f1c823d23fc3c8f8619f6fb4cf.pdf101 science experiments  basic principles made clear,Human Design Made Simple Dunwoody,https://annas-archive.org/md5/71ab32f1c823d23fc3c8f8619f6fb4cf,query,search_query_substring,,,Human Design Made Simple Dunwoody
71c02462c53e530fba8386235828b5fd,Curries!: All Types of Delicious Curry Recipes for Curry Lovers by,All Types of Delicious Curry Recipes for Curry Lovers.pdf,Karen Curry Parker,https://annas-archive.org/md5/71c02462c53e530fba8386235828b5fd,work,work_overlap:0.75,auth_karen_curry_parker,Abundance by Design,
71c05a7ac05c6847ef7ad10096f3e4c8,"Adipose-Derived Stem Cells: Methods and Protocols, 2nd Edition",,Lynda Bunnell,https://annas-archive.org/md5/71c05a7ac05c6847ef7ad10096f3e4c8,query,search_query_substring,,,Lynda Bunnell
71d3e91db5d4e56bf7b165a408ef8064,Into the World,Stephanie Parkyn.epub,Chetan Parkyn,https://annas-archive.org/md5/71d3e91db5d4e56bf7b165a408ef8064,query,search_query_substring,,,Chetan Parkyn
71dfa31b0889842504cd631380092beb,Das große Handbuch der Stiftungen: Wie Sie mit Stiftungen Ihr Vermögen gestalten und Ihr Erbe sichern,,Uljana Daitche Die 384 Linien der 64 Tore: das große Human Design Handbuch,https://annas-archive.org/md5/71dfa31b0889842504cd631380092beb,work,work_overlap:1.00,auth_uljana_daitche,Die 384 Linien der 64 Tore: das große Human Design Handbuch,
726854e4d3f11dbe909fc782f1def9e0,newsarch_ebooks_2025_10,Springer Asia Series Book 3),Lynda Bunnell,https://annas-archive.org/md5/726854e4d3f11dbe909fc782f1def9e0,query,search_query_substring,,,Lynda Bunnell
7274a94102481012adc2659cd2472c8f,Synastry: Understanding Human Relations Through Astrology,"giving a basic view of the principles of chart comparison and interpretation, showing how to apply this information. the author has discovered ""the relationship horoscope"", an entirely new way of charting, in a single horoscope, the relationship between two people. he also introduces new methods of determining the quality of that relationship. essential energy patterns and needs are first determined within the natal chart and then various methods of comparing horoscopes are fully explained.twenty horoscopes further illustrate how to utilise this rich source of information. whether you are a professional astrologer or simply learning more about your own innate potential, this book offers information, and guidance that will enrich your insight into relationships and increase self-knowledge. the topics include: marriage & relationships; the first meeting horoscope; various methods of comparison; sun sign compatibility; the part of marriage; planetary cross aspects; house interchanges; and, the relationship horoscope.read more…english [en] · pdf · 3.6mb · 1977 · 📘 book (non-fiction) · 🚀/lgli/nexusstc/zlib    ·save·207·1base score: 11068.0, final score: 40.324375",Karen Curry Parker Understanding Human Design: The New Science of Astrology|Robin Winn Understanding Your Clients Through Human Design,https://annas-archive.org/md5/7274a94102481012adc2659cd2472c8f,work,work_overlap:1.00,auth_karen_curry_parker,Understanding Human Design: The New Science of Astrology,
7281e5922b447cbba07bdd33ef089216,Lock On: Modern Air Combat,,LYD manual IHDS,https://annas-archive.org/md5/7281e5922b447cbba07bdd33ef089216,query,search_query_substring,,,LYD manual IHDS
729ed07832614953cf34acf8b4805e24,Egress Modelling of Pedestrians for the Design of Contemporary Stadia,,"64keys Human Design|Lynda Bunnell Human Design: The Definitive Book of Human Design, The Science of Differentiation",https://annas-archive.org/md5/729ed07832614953cf34acf8b4805e24,work,work_overlap:1.00,auth_lynda_bunnell,"Human Design: The Definitive Book of Human Design, The Science of Differentiation",
729f3b4516a4b6caca7cb0b0205432e7,Rave BodyGraph Circuitry,Rave BodyGraph Circuitry,Prophecy Ra Uru Hu Rhodes|Ra Uru Hu|Ra Uru Hu Generator Book|Ra Uru Hu Line Resonance|Ra Uru Hu Rave BodyGraph Circuitry|Ra Uru Hu Rave I'Ching Line Companion|Ra Uru Hu The Complete Rave I'Ching|Ra Uru Hu The Nine Centres and their Gates|Ra Uru Hu The Rave I'Ching,https://annas-archive.org/md5/729f3b4516a4b6caca7cb0b0205432e7,work,work_overlap:1.00,auth_ra_uru_hu,The Rave I'Ching,
72a916b3119d9d81d757480bd9244e44,Asian Hotpot Secrets: Asia's Best Kept Hotpot Recipes,,Jenna Zoë,https://annas-archive.org/md5/72a916b3119d9d81d757480bd9244e44,author,surname:Jenna,auth_jenna_zoe,,
72aef6cc720c4bce429bfc102a704074,Revival: Sexual Differentiation Of The Brain (2000),"leading researchers in the field. just a few of the topics addressed include genetic contributions to the sexual differentiation of behavior; in-vitro studies of the effects of estrogen on estrogen receptor-transfected neuroblastoma cells; and the evolution of brain mechanisms controlling sexual behavior. other topics include sexual differentiation of neural circuitry in the hypothalamus; structural sex differences in the mammalian brain; and sexual differentiation of cognitive functions in humans. with its revealing and informative chapters, as well as provocative treatment of the subject matter, sexual differentiation of the brain helps shed new light on one of the most fascinating areas of brain research.""--provided",Science of Differentiation Human Design,https://annas-archive.org/md5/72aef6cc720c4bce429bfc102a704074,query,search_query_substring,,,Science of Differentiation Human Design
72b17ec324eedc4a55d386b0338985f0,Geographies of Human Wellbeing,,Erin Claire Jones Human Design,https://annas-archive.org/md5/72b17ec324eedc4a55d386b0338985f0,query,search_query_substring,,,Erin Claire Jones Human Design
7323195f93a10bb309ef5fa91020cb97,PBooks Collection 2023,,Jovian Archive,https://annas-archive.org/md5/7323195f93a10bb309ef5fa91020cb97,query,search_query_substring,,,Jovian Archive
73235f1e983459d3d921257feb474152,"The everything superfoods book [electronic resource] : discover what to eat to look younger, live longer, and enjoy life to the fullest",Delia Quigley.pdf,Chetan Parkyn The Book of Destinies: Discover the Life You Were Born to Live,https://annas-archive.org/md5/73235f1e983459d3d921257feb474152,work,work_overlap:1.00,auth_chetan_parkyn,The Book of Destinies: Discover the Life You Were Born to Live,
734352a9b424ffeb5a68f3b15145978e,A Larger Sense of Purpose: Higher Education and Society (The 2003 Clark Kerr Lectures),"harold shapiro, former president of both princeton university and the university of michigan, and chairman of the national bioethics advisory commission under president bill clinton, explores the role the modern university should play as an ethical force and societal steward. based on the 2003 clark kerr lectures, ""a larger sense of purpose"" draws from shapiro's twenty-five years of experience leading major research universities and takes up key topics of debate in higher education. what are the nature and objectives of a liberal education? how should universities address the increasing commercialization not only of intercollegiate sports but of education and research? what are the university's responsibilities for the moral education of students? the book begins with an expanded history of the modern research institution followed",Richard Rudd The Gene Keys: Embracing Your Higher Purpose,https://annas-archive.org/md5/734352a9b424ffeb5a68f3b15145978e,work,work_overlap:1.00,auth_richard_rudd,The Gene Keys: Embracing Your Higher Purpose,
73533c807a1af70e03f4ae0e1e463bd8,"Assessment Centers in Human Resource Management: Strategies for Prediction, Diagnosis, and Development",,Understanding Centers Human Design,https://annas-archive.org/md5/73533c807a1af70e03f4ae0e1e463bd8,query,search_query_substring,,,Understanding Centers Human Design
735b7a64cab6f2a9b5028bde109108cb,scihub/10.1145/3459930.3469512.pdf,,Lynda Bunnell,https://annas-archive.org/md5/735b7a64cab6f2a9b5028bde109108cb,query,search_query_substring,,,Lynda Bunnell
736be56dc9cb1fb3dae9f920395a52c0,"Declutter Workbook: A Comprehensive and Phased Practical Guide Enabling to Organize Your Life Decluttering Your Space, Your Mind and Your Home with Practical Tips",PROMO FOR 1 WEEK -20% = 15.37$ ★★★,Living Your Design Bunnell,https://annas-archive.org/md5/736be56dc9cb1fb3dae9f920395a52c0,query,search_query_substring,,,Living Your Design Bunnell
737747cec908ca344f03a23701d9527e,On Stanislavsky's ''system'',,Human Design Revolutionary System,https://annas-archive.org/md5/737747cec908ca344f03a23701d9527e,query,search_query_substring,,,Human Design Revolutionary System
73d6c26f21b9e9986f5807e1e3f3fa63,"Überlieferungsgeschichtliche Studien, Teil I. Die sammelnden und bearbeitenden Geschichtswerke im Alten Testament",,Uljana Daitche Variablen im Human Design: Teil 1 — Die Pfeile,https://annas-archive.org/md5/73d6c26f21b9e9986f5807e1e3f3fa63,work,work_overlap:1.00,auth_uljana_daitche,Variablen im Human Design: Teil 1 — Die Pfeile,
73f83b7fa285e2d311952f21e64d0803,"Art and Biotechnology: Viral Culture from CRISPR to COVID (Biotechne: Interthinking Art, Science and Design)",,Erin Claire Jones Human Design,https://annas-archive.org/md5/73f83b7fa285e2d311952f21e64d0803,query,search_query_substring,,,Erin Claire Jones Human Design
740681189d157b8d1807c77280f80b88,Education Studies & Teaching,"the macarthur foundation’s digital media and learning initiative. the research network is an interdisciplinary collaboration among researchers, designers, and practitioners to advance an evidence-driven approach to learning, the design of learning environments, and educational reform that addresses contemporary problems of educational equity.read more…english [en] · pdf · 0.6mb · 2013 · 📘 book (non-fiction) · 🚀/zlib    ·save·13·1base score: 11058.0, final score: 21.987297",Steve Rhodes Human Design,https://annas-archive.org/md5/740681189d157b8d1807c77280f80b88,work,work_overlap:0.75,auth_steve_rhodes,Human Design: How to Read a Graph,
741a49383efc1fcbedcac7c1c44c300b,“They don’t always think about that”: Translational Needs in the Design of Personal Health Informatics Applications,"a review of relevant literature, we present our development of a prototype set of design cards intended to support designers in re-thinking potential assumptions about personal health informatics. we examined our design cards in semi-structured interviews, frst with 12 student designers and then with 12 health-focused professional designers and researchers. our results and discussion reveal tensions and barriers designers encounter, the potential for translational resources to inform the design of health-related technologies, and a need to support designers in addressing challenges of knowledge, advocacy, and evidence in designing for health.","Human Design Health Haspel|Lynda Bunnell Human Design: The Definitive Book of Human Design, The Science of Differentiation",https://annas-archive.org/md5/741a49383efc1fcbedcac7c1c44c300b,work,work_overlap:1.00,auth_lynda_bunnell,"Human Design: The Definitive Book of Human Design, The Science of Differentiation",
742c9fd1c4e483b91d150ef29abf33ab,The Practice of Astrology as a Technique in Human Understanding,,Karen Curry Parker Understanding Human Design: The New Science of Astrology,https://annas-archive.org/md5/742c9fd1c4e483b91d150ef29abf33ab,work,work_overlap:1.00,auth_karen_curry_parker,Understanding Human Design: The New Science of Astrology,
743c5a8c3ca689b053c08c6679485933,PBooks Collection 2023,,Jovian Archive,https://annas-archive.org/md5/743c5a8c3ca689b053c08c6679485933,query,search_query_substring,,,Jovian Archive
74421970ac01bb5225e39d5033bea1db,"Launch: An Internet Millionaire's Secret Formula To Sell Almost Anything Online, Build A Business You Love, And Live The Life Of Your Dreams",Launch: An Internet Millionaire's Secret Formula To Sell Almost Anything Online,Chetan Parkyn The Book of Destinies: Discover the Life You Were Born to Live,https://annas-archive.org/md5/74421970ac01bb5225e39d5033bea1db,work,work_overlap:1.00,auth_chetan_parkyn,The Book of Destinies: Discover the Life You Were Born to Live,
74541cfc45c433ef9aa90c90ffd22d04,Semantics,Semantics - Noun Phrases and Verb Phrases,Eleanor Haspel-Portner,https://annas-archive.org/md5/74541cfc45c433ef9aa90c90ffd22d04,query,search_query_substring,,,Eleanor Haspel-Portner
74a1fd3ca149168dfabb941635f5bd8c,Opening Doors with Gene Keys,Opening Doors with Gene Keys,Gene Keys Richard Rudd|Richard Rudd|Richard Rudd The Gene Keys: Embracing Your Higher Purpose,https://annas-archive.org/md5/74a1fd3ca149168dfabb941635f5bd8c,work,work_overlap:1.00,auth_richard_rudd,The Gene Keys: Embracing Your Higher Purpose,
74d1f6b81d0a99c3eb564ea9435a9f09,"ALGORITHMS, HUMANS, AND INTERACTIONS : how do algorithms interact with people? designing... meaningful ai experiences",Algorithms,How Do You Choose Human Design,https://annas-archive.org/md5/74d1f6b81d0a99c3eb564ea9435a9f09,query,search_query_substring,,,How Do You Choose Human Design
74f46fe52aa4bd19d568793b54a7b7c7,How to Read a Book,,Steve Rhodes Human Design: How to Read a Graph,https://annas-archive.org/md5/74f46fe52aa4bd19d568793b54a7b7c7,work,work_overlap:1.00,auth_steve_rhodes,Human Design: How to Read a Graph,
754459ab795746373f81b85e99252995,The Pescatarian Diet for Beginners,,Jenna Zoë,https://annas-archive.org/md5/754459ab795746373f81b85e99252995,author,surname:Jenna,auth_jenna_zoe,,
75513fbfda08e8b3b946681f6970d893,Discovering and living your soul's purpose : the keys to your future,Misc\Self-Improvement\King,Richard Rudd The Gene Keys: Embracing Your Higher Purpose,https://annas-archive.org/md5/75513fbfda08e8b3b946681f6970d893,work,work_overlap:1.00,auth_richard_rudd,The Gene Keys: Embracing Your Higher Purpose,
75520235d6fda7d5490ad4fa69c5906c,"OECD science, technology and industry scoreboard 2011.","the fact that innovations can allow for improved environmental quality at lower cost. however, the relationship between environmental policy and technological innovation remains an area in which empirical evidence is scant.  increased attention should be paid to the design characteristics of public policies that are likely to affect the ‘type’ of innovation induced.  the work presented in this book is brought together in five substantive chapters: environmental policy design characteristics and their role in inducing innovation, the role of public policies (including multilateral agreements) in encouraging transfer of environmental technologies, followed",Chaitanyo Ephemeris,https://annas-archive.org/md5/75520235d6fda7d5490ad4fa69c5906c,query,search_query_substring,,,Chaitanyo Ephemeris
7576ef793358ca786f2ef6996600d20d,Emancipatory Horizons: The Possibility of a Revolutionary Architectural Practice,capitalism if it wishes to address,Human Design Revolutionary System,https://annas-archive.org/md5/7576ef793358ca786f2ef6996600d20d,query,search_query_substring,,,Human Design Revolutionary System
758ea31f21190613f58485e76a1428c8,Uygur Patronage in Dunhuang: Regional Art Centres on the Northern Silk Road in the Tenth Century (Brill's Inner Asian Library),,Human Design System Centres Schoeber,https://annas-archive.org/md5/758ea31f21190613f58485e76a1428c8,work,work_overlap:0.67,auth_peter_schoeber,Human Design System – The Centres,
75df99391792f95b6001c919c03c53ae,Beliefs angehender Lehrpersonen zum Experimentieren im Geographieunterricht: Entwicklung und Pilotierung eines Fragebogens,,Peter Schöber,https://annas-archive.org/md5/75df99391792f95b6001c919c03c53ae,query,search_query_substring,,,Peter Schöber
7638130d8d71cf2b958a6206cf72144d,Skeleton Keys Explained Correctly,,Gene Keys|Gene Keys Richard Rudd,https://annas-archive.org/md5/7638130d8d71cf2b958a6206cf72144d,work,work_overlap:0.67,auth_richard_rudd,Human Design: The Revelation,
764303cf2518336e064cbf0f8445c703,newsarch_ebooks_2025_10,,Karen Curry Parker,https://annas-archive.org/md5/764303cf2518336e064cbf0f8445c703,work,work_overlap:0.75,auth_karen_curry_parker,Abundance by Design,
764981315c872a6306ee9b6008cb1689,764981315c872a6306ee9b6008cb1689.pdf,,Chetan Parkyn Human Design: Discover the Person You Were Born to Be|Chetan Parkyn The Book of Destinies: Discover the Life You Were Born to Live,https://annas-archive.org/md5/764981315c872a6306ee9b6008cb1689,work,work_overlap:1.00,auth_chetan_parkyn,Human Design: Discover the Person You Were Born to Be,
7671e32fb3d8e8716efbfa1f6b865521,Карл Саган,,Rave Cosmology,https://annas-archive.org/md5/7671e32fb3d8e8716efbfa1f6b865521,query,search_query_substring,,,Rave Cosmology
76c19f8438b8f109164f9f7bfd457401,Things We Could Design: For More Than Human-Centered Worlds,"designers--and calls for a commitment to design with more than human participation. wakkary also focuses on design as ""nomadic practices""--a multiplicity of intentionalities and situated knowledges that shows design to be expansive and pluralistic. he calls his overall approach ""designing-with"": the practice of design in a world in which humans share center stage with nonhumans, and in which we are bound together materially, ethically, and existentially.read more…english [en] · pdf · 14.9mb · 2021 · 📘 book (non-fiction) · 🚀/lgli/lgrs/nexusstc/zlib    ·save·118·1base score: 11065.0, final score: 20.743084",Beyond Human Design|Chetan Parkyn Human Design|Chiron Ephemeris Human Design|Daitche Human Design|Emma Dunwoody Human Design|Jenna Zoe Human Design|Karen Curry Human Design|Quantum Human Design|Richard Rudd Human Design|Robin Winn Human Design|Steve Rhodes Human Design|Understanding Clients Human Design|Understanding Human Design|Zen Human Design Ephemeris|Zeno Dickson Human Design,https://annas-archive.org/md5/76c19f8438b8f109164f9f7bfd457401,work,work_overlap:0.80,auth_robin_winn,Understanding Your Clients Through Human Design,
76c872b75454e86a31932df447a1425a,Das große Excel-Handbuch für Controller: Professionelle Lösungen,,Uljana Daitche Die 384 Linien der 64 Tore: das große Human Design Handbuch,https://annas-archive.org/md5/76c872b75454e86a31932df447a1425a,work,work_overlap:1.00,auth_uljana_daitche,Die 384 Linien der 64 Tore: das große Human Design Handbuch,
76eaf7dba428a8146811a5e02605d632,"Hacking: A Beginners Guide to Read How to Hack Websites, Wireless Networks, Manage with Social Engineering, Make a Penetration Test, and Maintain Your Computer Safe",,Steve Rhodes Human Design: How to Read a Graph,https://annas-archive.org/md5/76eaf7dba428a8146811a5e02605d632,work,work_overlap:1.00,auth_steve_rhodes,Human Design: How to Read a Graph,
7704a2ce81abfb6dc21cb865a0ce1fda,scihub/10.1109/icc42927.2021.9500809.pdf,IEEE International Conference on Communications,Peter Schöber,https://annas-archive.org/md5/7704a2ce81abfb6dc21cb865a0ce1fda,query,search_query_substring,,,Peter Schöber
773c3da88a75ea40b98509eac9e39607,newsarch_ebooks_2025_10,,Understanding Centers Human Design,https://annas-archive.org/md5/773c3da88a75ea40b98509eac9e39607,query,search_query_substring,,,Understanding Centers Human Design
7747d51e7e4e9fa1c9b726dc27be9ec0,Wordpress: Wordpress Made Simple,Wordpress: Wordpress Made Simple - Learn The Basics Of WordPress And Build A Website On Your Own Domain In 10: Days!,Human Design Made Simple Dunwoody,https://annas-archive.org/md5/7747d51e7e4e9fa1c9b726dc27be9ec0,query,search_query_substring,,,Human Design Made Simple Dunwoody
7769f971469cdb198833d0a60af80778,Die Belagerung von Belfort im Jahre 1870,,Uljana Daitche Variablen im Human Design: Teil 1 — Die Pfeile,https://annas-archive.org/md5/7769f971469cdb198833d0a60af80778,work,work_overlap:1.00,auth_uljana_daitche,Variablen im Human Design: Teil 1 — Die Pfeile,
77815651c76637ff5650b98b5c782611,Student Solutions Manual for Larson's Inte,Ron Larson.pdf,Living Your Design Student Manual,https://annas-archive.org/md5/77815651c76637ff5650b98b5c782611,work,work_overlap:1.00,auth_lynda_bunnell,Living Your Design Student Manual,
778b2faa584e9fe0f2aa0ab34283058b,Addey 1977 Harmonics in Astrology An Introductory Textbook to the New Understanding of an Old Science.pdf,Addey 1977 Harmonics in Astrology An Introductory Textbook to the New Understanding of an Old Science.pdf,Karen Curry Parker Understanding Human Design: The New Science of Astrology,https://annas-archive.org/md5/778b2faa584e9fe0f2aa0ab34283058b,work,work_overlap:1.00,auth_karen_curry_parker,Understanding Human Design: The New Science of Astrology,
77bbf795aff95bb3ff39000cb7add684,"Neutron Applications in Earth, Energy and Environmental Sciences (Neutron Scattering Applications and Techniques)",,Peter Schöber,https://annas-archive.org/md5/77bbf795aff95bb3ff39000cb7add684,query,search_query_substring,,,Peter Schöber
77bfe872cabe85bdf6ff4d908722ca82,Portner 2009 Modality.pdf,"discussing the relation between modality and other topics, especially tense, aspect, mood, and discourse meaning.</p>",Eleanor Haspel-Portner,https://annas-archive.org/md5/77bfe872cabe85bdf6ff4d908722ca82,query,search_query_substring,,,Eleanor Haspel-Portner
77cd153a144ff6a6fb8a96f922a2e35d,Semantics: An International Handbook of Natural Language Meaning,,Eleanor Haspel-Portner,https://annas-archive.org/md5/77cd153a144ff6a6fb8a96f922a2e35d,query,search_query_substring,,,Eleanor Haspel-Portner
77f37acaa9ac36ee6075b7d0ceaf4e11,Light and Tasty Cooking Labs: 100 Eating-Smart Preparations,Light and Tasty Cooking Labs: 100 Eating-Smart Preparations,Living Your Design Bunnell|Lynda Bunnell,https://annas-archive.org/md5/77f37acaa9ac36ee6075b7d0ceaf4e11,work,work_overlap:0.60,auth_lynda_bunnell,Living Your Design Student Manual,
7812cbc3b3c481a0e8a2014c6aeb3d6b,Anti-Manual On Street Photography: Version 2.0,Mar 26,LYD manual IHDS,https://annas-archive.org/md5/7812cbc3b3c481a0e8a2014c6aeb3d6b,query,search_query_substring,,,LYD manual IHDS
7817e0f4054a2fec75dfd18fa574b19a,"Letting Go of the Person You Used to Be : Lessons on Change, Loss, and Spiritual Transformation",Psychological Self-Help,Chetan Parkyn Human Design: Discover the Person You Were Born to Be,https://annas-archive.org/md5/7817e0f4054a2fec75dfd18fa574b19a,work,work_overlap:1.00,auth_chetan_parkyn,Human Design: Discover the Person You Were Born to Be,
782d51377ff7f000d32b983d30d5a3c2,Using Understanding by Design in the Culturally and Linguistically Diverse Classroom,Using Understanding by Design in the Culturally and Linguistically Diverse Classroom,Robin Winn Understanding the Centers in Human Design,https://annas-archive.org/md5/782d51377ff7f000d32b983d30d5a3c2,work,work_overlap:1.00,auth_robin_winn,Understanding the Centers in Human Design,
786186aa6d3ae22766aba6a51b069c09,How to Read a Japanese Newspaper,"helping the student read the newspaper and discuss the information contained in it, this book will increase the level of mutual understanding between students and the japanese people they meet.read more…japanese [ja] · pdf · 43.5mb · 2001 · 📘 book (non-fiction) · 🚀/lgli/lgrs/nexusstc/zlib    ·save·39·1base score: 11060.0, final score: 33.74227",Steve Rhodes Human Design: How to Read a Graph,https://annas-archive.org/md5/786186aa6d3ae22766aba6a51b069c09,work,work_overlap:1.00,auth_steve_rhodes,Human Design: How to Read a Graph,
7906e70d7fdc3e8d0b4ff433404e8177,"VC-praised\* AI-preneurship, IDed threat to many people + indicators that my electronic communications (e.g., emails, texts) are interfered with sometimes #sigh + you copy from this write-up, then pas","a public-health expert who's a central figure in current bestseller the premonition: a pandemic story, a 2021 book",Jenna Zoë Human Design: The Revolutionary System That Shows You Who You Came Here to Be,https://annas-archive.org/md5/7906e70d7fdc3e8d0b4ff433404e8177,work,work_overlap:1.00,auth_jenna_zoe,Human Design: The Revolutionary System That Shows You Who You Came Here to Be,
7931cf3765d4fb40e1f5213b15dba399,Activate Your Brain: How Understanding Your Brain Can Improve Your Work and Your Life,,Robin Winn Understanding Your Clients Through Human Design,https://annas-archive.org/md5/7931cf3765d4fb40e1f5213b15dba399,work,work_overlap:1.00,auth_robin_winn,Understanding Your Clients Through Human Design,
794e489d5d9f4d441362d5ff2c12a4bb,1,More Health Books/Adipose-Derived Stem Cells [Methods in Molec Bio 0702] - J. Gimble,Lynda Bunnell,https://annas-archive.org/md5/794e489d5d9f4d441362d5ff2c12a4bb,query,search_query_substring,,,Lynda Bunnell
795af64d09c2e55b071bd9dd8eba4912,How to read a paper : the basics of evidence-based medicine,How To,Steve Rhodes Human Design: How to Read a Graph,https://annas-archive.org/md5/795af64d09c2e55b071bd9dd8eba4912,work,work_overlap:1.00,auth_steve_rhodes,Human Design: How to Read a Graph,
797d05f01c334f677453207ce9db5cf8,Who Knew You Could Do That with RPG IV? A Sorcerer’s Guide to System Access and More,,Jenna Zoë Human Design: The Revolutionary System That Shows You Who You Came Here to Be,https://annas-archive.org/md5/797d05f01c334f677453207ce9db5cf8,work,work_overlap:1.00,auth_jenna_zoe,Human Design: The Revolutionary System That Shows You Who You Came Here to Be,
79a1181beaab8a14783f614bfc11c091,PBooks Collection 2023,,Jovian Archive,https://annas-archive.org/md5/79a1181beaab8a14783f614bfc11c091,query,search_query_substring,,,Jovian Archive
79ef0825cdf28544d625f77001f036c4,El manual super-secreto,,LYD manual IHDS,https://annas-archive.org/md5/79ef0825cdf28544d625f77001f036c4,query,search_query_substring,,,LYD manual IHDS
7a077482a8b5e65e4c8112aaaea2ce4c,Vollständiges Handbuch der neuesten Erdbeschreibung,,Uljana Daitche Die 384 Linien der 64 Tore: das große Human Design Handbuch,https://annas-archive.org/md5/7a077482a8b5e65e4c8112aaaea2ce4c,work,work_overlap:1.00,auth_uljana_daitche,Die 384 Linien der 64 Tore: das große Human Design Handbuch,
7a0ba45790c4e8db3fc197fd94b1eb63,Eppur si muove : doing history and philosophy of science with Peter Machamer : a collection of essays in honor of Peter Machamer,,Uljana Daitche,https://annas-archive.org/md5/7a0ba45790c4e8db3fc197fd94b1eb63,work,work_overlap:0.67,auth_uljana_daitche,Human Design - Beziehungen,
7a0c21ff0ff921b4d71d937170d76f78,"Serverless Machine Learning with Amazon Redshift ML : Create, Train, and Deploy Machine Learning Models Using Familiar SQL Commands",Serverless Machine Learning with Amazon Redshift ML,Understanding Human Design,https://annas-archive.org/md5/7a0c21ff0ff921b4d71d937170d76f78,query,search_query_substring,,,Understanding Human Design
7a5cd8aeb0610fb47d408fac2fce074a,"Stoic alternatives to Aristotelian cosmology: Pena, Rothmann and Brahe",286.  Статья посвящена роли космологии стоиков в развитии космологических идей в XVI веке,Rave Cosmology,https://annas-archive.org/md5/7a5cd8aeb0610fb47d408fac2fce074a,query,search_query_substring,,,Rave Cosmology
7a9180dbb7072b1f9b63b443dbb6648b,Markenerfolg durch Brand Communities: Eine Analyse der Wirkung psychologischer Variablen auf ökonomische Erfolgsindikatoren,,Daitche Variablen,https://annas-archive.org/md5/7a9180dbb7072b1f9b63b443dbb6648b,query,search_query_substring,,,Daitche Variablen
7ae5243edbb37f378567a908ed2d2cd3,From the Left: Strategic Cognition,From the Left: Strategic Cognition - Personal and Trans-Personal Analytical Training,Human Design System Ra|LYD manual IHDS|Prophecy Ra Uru Hu Rhodes|Ra Uru Hu|Ra Uru Hu Generator Book|Ra Uru Hu Line Resonance|Ra Uru Hu The Complete Rave I'Ching|Ra Uru Hu The Nine Centres and their Gates|Ra Uru Hu The Rave I'Ching,https://annas-archive.org/md5/7ae5243edbb37f378567a908ed2d2cd3,work,work_overlap:1.00,auth_ra_uru_hu,The Rave I'Ching,
7ae7cb04d1768046fe96714c77b61cf1,EL TEJIDO DEL COSMOS_28484795.pdf,,Rave Cosmology,https://annas-archive.org/md5/7ae7cb04d1768046fe96714c77b61cf1,query,search_query_substring,,,Rave Cosmology
7af182788b31a4fbba313a30996b9fb7,NLP 2.0,NLP 2.0 - The Ultimate Guide to Neuro Linguistic Programming: How to Rewire Your Brain to Create the Life You Want and Become the Person You Were Meant to Be,Chetan Parkyn Human Design: Discover the Person You Were Born to Be|Chetan Parkyn The Book of Destinies: Discover the Life You Were Born to Live,https://annas-archive.org/md5/7af182788b31a4fbba313a30996b9fb7,work,work_overlap:1.00,auth_chetan_parkyn,Human Design: Discover the Person You Were Born to Be,
7afb3f30bfae4dc1495bd08b1348f741,Multimodal Differentiation of Obstacles in Repeated Adaptive Human-Computer Interactions,"various interaction obstacles, impacting a user's perception or cognition. in this work, we detect and discriminate such interaction obstacles from different data modalities to compensate for them through user interface (ui) adaptation. for example, we detect memory-based obstacles from brain activity and compensate through repetition of information in the ui; we detect visual obstacles from user behavior and compensate",Science of Differentiation Human Design,https://annas-archive.org/md5/7afb3f30bfae4dc1495bd08b1348f741,query,search_query_substring,,,Science of Differentiation Human Design
7b02e9547e74db91e7be3005446c5f70,Z,More books,Living Your Design Student Manual|Lynda Bunnell Living Your Design Student Manual,https://annas-archive.org/md5/7b02e9547e74db91e7be3005446c5f70,work,work_overlap:1.00,auth_lynda_bunnell,Living Your Design Student Manual,
7b05ec2c4f1a88eef4a6ae61f518a07e,How We Connect,How We Connect - eBook,Prophecy Ra Uru Hu Rhodes|Ra Uru Hu|Ra Uru Hu Generator Book|Ra Uru Hu Line Resonance|Ra Uru Hu Rave BodyGraph Circuitry|Ra Uru Hu Rave I'Ching Line Companion|Ra Uru Hu The Complete Rave I'Ching|Ra Uru Hu The Nine Centres and their Gates|Ra Uru Hu The Rave I'Ching,https://annas-archive.org/md5/7b05ec2c4f1a88eef4a6ae61f518a07e,work,work_overlap:1.00,auth_ra_uru_hu,The Rave I'Ching,
7b3f1fdcb686d2027991ff725d4c2213,Building the SharePoint User Experience,using little known tips and tricks.</li>,Understanding Human Design,https://annas-archive.org/md5/7b3f1fdcb686d2027991ff725d4c2213,query,search_query_substring,,,Understanding Human Design
7b4221d04bd7ec01efe2327aea6a4913,"Die Gemeindebetriebe der Stadt Königsberg i.Pr: Gemeindebetriebe – Neuere Versuche und Erfahrungen über die Ausdehnung der kommunalen Tätigkeit in Deutschland und im Ausland. II. Band, 9. Teil. Im Auf",,Uljana Daitche Variablen im Human Design: Teil 1 — Die Pfeile,https://annas-archive.org/md5/7b4221d04bd7ec01efe2327aea6a4913,work,work_overlap:1.00,auth_uljana_daitche,Variablen im Human Design: Teil 1 — Die Pfeile,
7b711d759cae6121cf8afab597c9e4de,Viruses: Friends and Foes,Viruses: Friends and Foes,Gene Keys Richard Rudd|Richard Rudd,https://annas-archive.org/md5/7b711d759cae6121cf8afab597c9e4de,work,work_overlap:0.67,auth_richard_rudd,Human Design: The Revelation,
7bc63c871ed8a53adbbeadfc040b2249,Tapping into the Creative Potential of Higher Education: A Theoretical Perspective,Tapping into the Creative Potential of Higher Education: A Theoretical Perspective.pdf,Gene Keys Richard Rudd|Richard Rudd|Richard Rudd Human Design: The Revelation|Richard Rudd The Gene Keys: Embracing Your Higher Purpose,https://annas-archive.org/md5/7bc63c871ed8a53adbbeadfc040b2249,work,work_overlap:1.00,auth_richard_rudd,The Gene Keys: Embracing Your Higher Purpose,
7bdde0a4892e8f233eef237e34c18ac3,Programming Safety Tips: Why You Should Use Immutable Objects  or  How to create programs with bugs that can never be found or fixed.,Programming Safety Tips: Why You Should Use Immutable Objects  or  How to create programs with bugs that can never be found or fixed.,Jenna Zoë Human Design: The Revolutionary System That Shows You Who You Came Here to Be,https://annas-archive.org/md5/7bdde0a4892e8f233eef237e34c18ac3,work,work_overlap:1.00,auth_jenna_zoe,Human Design: The Revolutionary System That Shows You Who You Came Here to Be,
7bf6d801562664b468a5f7eb49ac097d,Creation or evolution : do we have to choose?,Augustine.,How Do You Choose Human Design,https://annas-archive.org/md5/7bf6d801562664b468a5f7eb49ac097d,query,search_query_substring,,,How Do You Choose Human Design
7bf911bfd3319e4e52e6095b8803316d,"Das alte Denken der Neuen Rechten (Ralf Fücks, Christoph Becker (Hrsg.)) .pdf",,Uljana Daitche Die 384 Linien der 64 Tore: das große Human Design Handbuch,https://annas-archive.org/md5/7bf911bfd3319e4e52e6095b8803316d,work,work_overlap:1.00,auth_uljana_daitche,Die 384 Linien der 64 Tore: das große Human Design Handbuch,
7bfcd9fbec3f724ea239358c1b803620,Die Geschichte,Die Geschichte,Peter Schöber,https://annas-archive.org/md5/7bfcd9fbec3f724ea239358c1b803620,query,search_query_substring,,,Peter Schöber
7bfe406f75bb745dbdf068aeb25b252c,Web Designing and Publishing,"using a combination of html, css, and javascript to create web pages. a very useful feature of this book is that different types of html tags are explained with practical examples, to enable a reader to understand them without any outside help. this book includes current trends on the internet, such as client and server-side scripting languages, types of websites, and angularjs. it is a client-side javascript mvc framework to develop a dynamic web application. -- amazon.comread more…english [en] · pdf · 1.4mb · 2020 · 📘 book (non-fiction) · 🚀/lgli/lgrs/nexusstc    ·save·52base score: 11065.0, final score: 26.921646",Human Design Made Simple Dunwoody,https://annas-archive.org/md5/7bfe406f75bb745dbdf068aeb25b252c,query,search_query_substring,,,Human Design Made Simple Dunwoody
7c139cd58dff8dee21b2871a8fc58ddf,What Can You Do with a Major in English: Real people. Real jobs. Real rewards. (What Can You Do with a Major in...),,How Do You Choose Human Design,https://annas-archive.org/md5/7c139cd58dff8dee21b2871a8fc58ddf,query,search_query_substring,,,How Do You Choose Human Design
7c2d336edc880960214439d78e141cf1,"Design Your Best Year Ever, A Proven Formula for Achieving Big Goals","darren hardy. publisher, success magazine. [paperback] darren hardyread more…english [en] · pdf · 3.3mb · 2008 · 📘 book (non-fiction) · 🚀/lgli/lgrs/nexusstc/zlib    ·save·267·1base score: 11065.0, final score: 20.70412",Living Your Design Bunnell,https://annas-archive.org/md5/7c2d336edc880960214439d78e141cf1,query,search_query_substring,,,Living Your Design Bunnell
7c30322dcfbb272fca3832a0884bc453,"Dark Psychology and Manipulation: 3 in 1: Improve your life by Speed Reading People and Analyze Body Language, Influence Human Behavior Through Nlp, Mind Control Methods and Dark Psychology Secrets",Dark Psychology and Manipulation: 3 in 1: Improve your life by Speed Reading People and Analyze Body Language,Robin Winn Understanding Your Clients Through Human Design,https://annas-archive.org/md5/7c30322dcfbb272fca3832a0884bc453,work,work_overlap:1.00,auth_robin_winn,Understanding Your Clients Through Human Design,
7c3066d551495d602c7d3cd8c67ea538,Customizing and Extending SharePoint Online: Design tailor-made solutions with modern SharePoint features to meet your organization’s unique needs,ebooks Account,Living Your Design Bunnell,https://annas-archive.org/md5/7c3066d551495d602c7d3cd8c67ea538,query,search_query_substring,,,Living Your Design Bunnell
7c6a4097d0dd888e7c5bff8a513e2319,Human Design : Discover the Person You Were Born to Be,,Chetan Parkyn,https://annas-archive.org/md5/7c6a4097d0dd888e7c5bff8a513e2319,work,work_overlap:1.00,auth_chetan_parkyn,Human Design: Discover the Person You Were Born to Be,
7c6e02be20598ab2e1d3b4c673a47ff7,"BSAVA Manual of Canine and Feline Advanced Veterinary Nursing, 2nd Edition",BSAVA Manual of Canine and Feline Advanced Veterinary Nursing,Richard Rudd,https://annas-archive.org/md5/7c6e02be20598ab2e1d3b4c673a47ff7,work,work_overlap:0.67,auth_richard_rudd,Human Design: The Revelation,
7c6f9e24bd40828afc327fe4293d82f9,Advanced Web Sites Made Easy The Simple Way to Build Web Databases and Other Applications with HTMLOS,,Human Design Made Simple Dunwoody,https://annas-archive.org/md5/7c6f9e24bd40828afc327fe4293d82f9,query,search_query_substring,,,Human Design Made Simple Dunwoody
7c850182a4cdb1734380a96917e263b9,"Women Risktakers: It's Your Destiny... Reach Higher, Stand Stronger, Go Further (Life Purpose)",Rahab,Richard Rudd The Gene Keys: Embracing Your Higher Purpose,https://annas-archive.org/md5/7c850182a4cdb1734380a96917e263b9,work,work_overlap:1.00,auth_richard_rudd,The Gene Keys: Embracing Your Higher Purpose,
7ca40bb398063fdedceb1084f972c7bc,Shoulder-belt plates and buttons_122228229.pdf,,Chetan Parkyn,https://annas-archive.org/md5/7ca40bb398063fdedceb1084f972c7bc,query,search_query_substring,,,Chetan Parkyn
7caeb912b377ffc0538221058ff81601,Into the Unknown_38209299.pdf,,Rave Cosmology,https://annas-archive.org/md5/7caeb912b377ffc0538221058ff81601,query,search_query_substring,,,Rave Cosmology
7cca2d6d5d3c7b93071e8b661d362b07,Analytic Analysis of Lines and Circles (Zambak),,Book of Lines Parkyn,https://annas-archive.org/md5/7cca2d6d5d3c7b93071e8b661d362b07,query,search_query_substring,,,Book of Lines Parkyn
7cd8e26a1eff9d3fec5afe7f6ff24428,"Organization Design, Levels of Work & Human Capability: Executive Guide",Organization Design,"Beyond Human Design|Chetan Parkyn Human Design|Chiron Ephemeris Human Design|Daitche Human Design|Emma Dunwoody Human Design|Jenna Zoe Human Design|Lynda Bunnell Human Design: The Definitive Book of Human Design, The Science of Differentiation|Quantum Human Design|Richard Rudd Human Design|Richard Rudd Human Design: The Revelation|Robin Winn Human Design|Science of Differentiation Human Design|Steve Rhodes Human Design|Understanding Human Design|Zen Human Design Ephemeris|Zeno Dickson Human Design",https://annas-archive.org/md5/7cd8e26a1eff9d3fec5afe7f6ff24428,work,work_overlap:1.00,auth_lynda_bunnell,"Human Design: The Definitive Book of Human Design, The Science of Differentiation",
7cfa3b4fc6f59258346abb4c1771bad5,The Six Lines,The Six Lines - The Decoding of the Hexagramm,Human Design System Ra|LYD manual IHDS|Prophecy Ra Uru Hu Rhodes|Ra Uru Hu|Ra Uru Hu Generator Book|Ra Uru Hu Line Resonance|Ra Uru Hu Rave BodyGraph Circuitry|Ra Uru Hu Rave I'Ching Line Companion|Ra Uru Hu The Complete Rave I'Ching|Ra Uru Hu The Nine Centres and their Gates|Ra Uru Hu The Rave I'Ching,https://annas-archive.org/md5/7cfa3b4fc6f59258346abb4c1771bad5,work,work_overlap:1.00,auth_ra_uru_hu,The Rave I'Ching,
7d371e314f9626da452e3aabb9c25ba3,Human Needs' Analysis and Evaluation Model for Product Development,"the participants in the application,",64keys Human Design,https://annas-archive.org/md5/7d371e314f9626da452e3aabb9c25ba3,query,search_query_substring,,,64keys Human Design
7d58f73adcaebadf44b2da122741c2e9,"Student Activities Manual Solutions for Anders Gedacht: Text and Context in the German-Speaking World, 3rd",,Living Your Design Student Manual,https://annas-archive.org/md5/7d58f73adcaebadf44b2da122741c2e9,work,work_overlap:1.00,auth_lynda_bunnell,Living Your Design Student Manual,
7d6820d4f98a8b55cdb96fc8b2c6676a,New Health Facilities (Architectural Design (Links)),"this special type of facility: planning, budgets and space as well as the idiosyncrasies arising from each particular field of health. new health facilities presents the best examples of health architecture constructed in recent years and each of the architects demonstrates a solid understanding of the need to create new and better health facilities.uploading.com .comuploadbox.com 85read more…english [en] · pdf · 41.7mb · 2001 · 📘 book (non-fiction) · 🚀/lgli/lgrs/nexusstc/upload/zlib    ·save·17·2base score: 11065.0, final score: 17.497643",Human Design Health Haspel,https://annas-archive.org/md5/7d6820d4f98a8b55cdb96fc8b2c6676a,query,search_query_substring,,,Human Design Health Haspel
7d77d7c8596ae40039c636801af1f746,1,More Health Books/Food Plant Design - A. Lopez-Gomez,Human Design Health Haspel,https://annas-archive.org/md5/7d77d7c8596ae40039c636801af1f746,query,search_query_substring,,,Human Design Health Haspel
7d8d8e9584d4bb5df2daf4c72f1491a8,Geschichte des Reserve-Feldartillerie-Regiments Nr. 22,,Peter Schöber,https://annas-archive.org/md5/7d8d8e9584d4bb5df2daf4c72f1491a8,query,search_query_substring,,,Peter Schöber
7da6148a02c972c182dfb07114fa61f9,Critical Reflections on Cities in Southeast Asia,"times academic and brill, which distributes the book. annotation (c) book news, inc., portland, or (booknews.com)read more…english [en] · pdf · 96.6mb · 2003 · 📘 book (non-fiction) · 🚀/lgli/lgrs/nexusstc/zlib    ·save·22·1base score: 11065.0, final score: 16.830318",Lynda Bunnell,https://annas-archive.org/md5/7da6148a02c972c182dfb07114fa61f9,query,search_query_substring,,,Lynda Bunnell
7daa1dded4263a41aa780df9017c606e,"Find, Pitch and Win Your First Web Design Client",,Living Your Design Bunnell,https://annas-archive.org/md5/7daa1dded4263a41aa780df9017c606e,query,search_query_substring,,,Living Your Design Bunnell
7dd185cc5c35316f2bd6b7179ab68a79,"High Levels of SOX5 Decrease Proliferative Capacity of Human B Cells, but Permit Plasmablast Differentiation",,Science of Differentiation Human Design,https://annas-archive.org/md5/7dd185cc5c35316f2bd6b7179ab68a79,query,search_query_substring,,,Science of Differentiation Human Design
7e1ab83026f7e6a8b7f22f7ae66721f3,"200 Ways To Clean Your House Fast Box Set (6 in 1): Learn How To Organize Your House And Simplify Your Space Quickly (Declutter Techniques, Speed Cleaning, Maximize Your Space)",200 Ways To Clean Your House Fast Box Set,Living Your Design Bunnell,https://annas-archive.org/md5/7e1ab83026f7e6a8b7f22f7ae66721f3,query,search_query_substring,,,Living Your Design Bunnell
7e3011c998db48438734af307ad63234,Web UI Design for the Human Eye: Principles of Visual Consistency,Web UI Design for the Human Eye: Principles of Visual Consistency,"Beyond Human Design|Chetan Parkyn Human Design|Chiron Ephemeris Human Design|Daitche Human Design|Emma Dunwoody Human Design|Jenna Zoe Human Design|Karen Curry Human Design|Lynda Bunnell Human Design: The Definitive Book of Human Design, The Science of Differentiation|Quantum Human Design|Richard Rudd Human Design|Richard Rudd Human Design: The Revelation|Robin Winn Human Design|Science of Differentiation Human Design|Steve Rhodes Human Design|Understanding Clients Human Design|Understanding Human Design|Zen Human Design Ephemeris|Zeno Dickson Human Design",https://annas-archive.org/md5/7e3011c998db48438734af307ad63234,work,work_overlap:1.00,auth_lynda_bunnell,"Human Design: The Definitive Book of Human Design, The Science of Differentiation",
7e3c8ba1d93223487bf9f6306d8c92f6,"Human Aspects of IT for the Aged Population: 9th International Conference, ITAP 2023, Held as Part of the 25th HCI International Conference, HCII 2023, Copenhagen, Denmark, July 23–28, 2023, Proceedin",,Science of Differentiation Human Design,https://annas-archive.org/md5/7e3c8ba1d93223487bf9f6306d8c92f6,query,search_query_substring,,,Science of Differentiation Human Design
7e7b72652053ca1c17cfe9c9228659e2,"Design, User Experience, and Usability: UX Research, Design, and Assessment : 11th International Conference, DUXU 2022, Held As Part of the 24th HCI International Conference, HCII 2022, Virtual Event,",,64keys Human Design|Science of Differentiation Human Design,https://annas-archive.org/md5/7e7b72652053ca1c17cfe9c9228659e2,query,search_query_substring,,,Science of Differentiation Human Design
7eb095651cd83a741db2341481ce0934,How to do things with words. The William James Lectures delivered at Harvard University in 1955,Formal Semantics,Eleanor Haspel-Portner,https://annas-archive.org/md5/7eb095651cd83a741db2341481ce0934,query,search_query_substring,,,Eleanor Haspel-Portner
7ec6fe5adefb04f5ee4d8f484049f50b,New British Classics,New British Classics,Bhan Tugh Rhodes,https://annas-archive.org/md5/7ec6fe5adefb04f5ee4d8f484049f50b,work,work_overlap:0.75,auth_steve_rhodes,Bhan Tugh,
7edeb8d92700f07f87fb1c3f76ea350f,You were born rich : now you can discover and develop those riches,You Were Born Rich,Chetan Parkyn Human Design: Discover the Person You Were Born to Be|Chetan Parkyn The Book of Destinies: Discover the Life You Were Born to Live,https://annas-archive.org/md5/7edeb8d92700f07f87fb1c3f76ea350f,work,work_overlap:1.00,auth_chetan_parkyn,Human Design: Discover the Person You Were Born to Be,
7edeccbe8d3536cca7322dd9d1ac740b,7edeccbe8d3536cca7322dd9d1ac740b.pdf,Oct. 2017,Erin Claire Jones Human Design,https://annas-archive.org/md5/7edeccbe8d3536cca7322dd9d1ac740b,query,search_query_substring,,,Erin Claire Jones Human Design
7efcf2297f350fd7645072b56f99aea9,newsarch_ebooks_2025_10,,Human Design Revolutionary System,https://annas-archive.org/md5/7efcf2297f350fd7645072b56f99aea9,query,search_query_substring,,,Human Design Revolutionary System
7f19a50cf29f3fc6d9e97266be074bd4,For Dummies E-Book Collection,0470677430).pdf,Understanding Centers Human Design,https://annas-archive.org/md5/7f19a50cf29f3fc6d9e97266be074bd4,query,search_query_substring,,,Understanding Centers Human Design
7f4629c686097cb604f2375ef3da64ec,Advanced [gas] Turbine System,Conceptual Design [final rpt],Human Design Revolutionary System|Human Design System Centres Schoeber,https://annas-archive.org/md5/7f4629c686097cb604f2375ef3da64ec,work,work_overlap:0.67,auth_peter_schoeber,Human Design System – The Centres,
7f7b8f31f942f54ae647c52c0854ba0e,PBooks Collection 2023,,Jovian Archive,https://annas-archive.org/md5/7f7b8f31f942f54ae647c52c0854ba0e,query,search_query_substring,,,Jovian Archive
7fb4d7fe5706634785875dbee3b64bf0,Die Rheinwiesenlager im Sommer 1945 (Teil 3)_28329839.pdf,,Uljana Daitche Variablen im Human Design: Teil 1 — Die Pfeile,https://annas-archive.org/md5/7fb4d7fe5706634785875dbee3b64bf0,work,work_overlap:1.00,auth_uljana_daitche,Variablen im Human Design: Teil 1 — Die Pfeile,
7fda095908cde6c2077c3bf9631b5b10,Rejection Free: How to Choose Yourself First and Take Charge of Your Life by Confidently Asking For What You Want,Rejection Free: How to Choose Yourself First and Take Charge of Your Life by Confidently Asking For What You Want - PDFDrive.com,How Do You Choose Human Design,https://annas-archive.org/md5/7fda095908cde6c2077c3bf9631b5b10,query,search_query_substring,,,How Do You Choose Human Design
8031ba744a55b307d78f219f98749a88,Mouthwatering Curry Recipes: An Illustrated Cookbook of Great Curry Dish Ideas!,Mouthwatering Curry Recipes: An Illustrated Cookbook of Great Curry Dish Ideas!,Karen Curry Parker,https://annas-archive.org/md5/8031ba744a55b307d78f219f98749a88,work,work_overlap:0.75,auth_karen_curry_parker,Abundance by Design,
8040359bf05d209f16695a4bc83b63f6,239 Computer Science Springer Books,VLSI Physical Design_ From Graph Partitioning to Timing Closure.pdf,Steve Rhodes Human Design: How to Read a Graph,https://annas-archive.org/md5/8040359bf05d209f16695a4bc83b63f6,work,work_overlap:1.00,auth_steve_rhodes,Human Design: How to Read a Graph,
807c4d99fc51ee94edb5ad4589ee8fbe,Design Risk Management : Contribution to Health and Safety,"the integrated project team.   good design has always embraced health and safety issues and design teams remain essential players as well as key contributors and communicators in matters of health and safety management. designers have a legal responsibility to ensure that their designs account for health and safety at all stages within the holistic envelope of construction.   design risk management: contribution to health and safety  gives detailed guidance to construction practitioners with design responsibility on how to identify and manage health and safety risks, and on the design strategies to be followed. it seeks to focus on accountability with due emphasis on the minimisation of unnecessary bureaucracy and offers documentation trails that provide an insight to managing risk and not paperwork. subsequently it offers a process",Human Design Health Haspel,https://annas-archive.org/md5/807c4d99fc51ee94edb5ad4589ee8fbe,query,search_query_substring,,,Human Design Health Haspel
807f1dcbf706f1d338c21b414f7aad35,Embodiment: The Manual You Should Have Been Given When You Were Born,Embodiment: The Manual You Should Have Been Given When You Were Born,Chetan Parkyn Human Design: Discover the Person You Were Born to Be|Chetan Parkyn The Book of Destinies: Discover the Life You Were Born to Live,https://annas-archive.org/md5/807f1dcbf706f1d338c21b414f7aad35,work,work_overlap:1.00,auth_chetan_parkyn,Human Design: Discover the Person You Were Born to Be,
808a4555e383b71eaad950983df4e216,Die große Fotoschule: Das Handbuch zur digitalen Fotografie,Die große Fotoschule: Das Handbuch zur digitalen Fotografie,Uljana Daitche Die 384 Linien der 64 Tore: das große Human Design Handbuch,https://annas-archive.org/md5/808a4555e383b71eaad950983df4e216,work,work_overlap:1.00,auth_uljana_daitche,Die 384 Linien der 64 Tore: das große Human Design Handbuch,
80b10e3544c9c630732d72b057b41403,"Human Design Entdecke die Person, die du wirklich bist (German Edition)",Human Design Entdecke die Person,Chetan Parkyn,https://annas-archive.org/md5/80b10e3544c9c630732d72b057b41403,work,work_overlap:1.00,auth_chetan_parkyn,"Human Design: Entdecke die Person, die Du wirklich bist",
80c21bda1ce9f4492a6c53429c1e04b7,Master Your Destiny: A Practical Guide to Rewrite Your Story and Become the Person You Want to Be,,Chetan Parkyn Human Design: Discover the Person You Were Born to Be,https://annas-archive.org/md5/80c21bda1ce9f4492a6c53429c1e04b7,work,work_overlap:1.00,auth_chetan_parkyn,Human Design: Discover the Person You Were Born to Be,
80eb3182cd48d02b495e8d8a1e356198,Military Vehicles (Archive),Military Vehicles,Jovian Archive,https://annas-archive.org/md5/80eb3182cd48d02b495e8d8a1e356198,query,search_query_substring,,,Jovian Archive
80fa295cdb38a8c76a067eafeb328866,人類圖，找回你的原廠設定：9 大中心、36 條通道、64 個閘門，一次全面認識你自己！_28078206.epub,,Chetan Parkyn,https://annas-archive.org/md5/80fa295cdb38a8c76a067eafeb328866,query,search_query_substring,,,Chetan Parkyn
80fe85abac05fbb20f06b97c586a444a,Dream Rave Introduction,Dream Rave Introduction.pdf,Prophecy Ra Uru Hu Rhodes|Ra Uru Hu|Ra Uru Hu Generator Book|Ra Uru Hu Line Resonance|Ra Uru Hu Rave BodyGraph Circuitry|Ra Uru Hu Rave I'Ching Line Companion|Ra Uru Hu The Complete Rave I'Ching|Ra Uru Hu The Nine Centres and their Gates|Ra Uru Hu The Rave I'Ching,https://annas-archive.org/md5/80fe85abac05fbb20f06b97c586a444a,work,work_overlap:1.00,auth_ra_uru_hu,The Rave I'Ching,
81032c76f1f99fc4fc870d2ab8a74837,Harmonics in Astrology: An Introductory Textbook to the New Understanding of an Old Science,,Karen Curry Parker Understanding Human Design: The New Science of Astrology,https://annas-archive.org/md5/81032c76f1f99fc4fc870d2ab8a74837,work,work_overlap:1.00,auth_karen_curry_parker,Understanding Human Design: The New Science of Astrology,
8116d7aa655d79d88b37c9e39561eb72,Poser® 7 Revealed: The E Frontier Official Guide,"poser 7. this hands-on guide provides you with step-by-step tutorials for each task, followed",Human Design Revealed Dickson,https://annas-archive.org/md5/8116d7aa655d79d88b37c9e39561eb72,query,search_query_substring,,,Human Design Revealed Dickson
814228c68d2ba3d5c0f4cbc8fbe723ab,Fire Protection Design Manual,Fire Protection Design Manual,Human Design Health Haspel,https://annas-archive.org/md5/814228c68d2ba3d5c0f4cbc8fbe723ab,query,search_query_substring,,,Human Design Health Haspel
8143b3b5548a5ca98a8e95d86642bbaf,ГЕНИЙ,Ръководство за последователността на активиране 1 от 4/8143b3b5548a5ca98a8e95d86642bbaf.pdf,Gene Keys Richard Rudd|Richard Rudd The Gene Keys: Embracing Your Higher Purpose,https://annas-archive.org/md5/8143b3b5548a5ca98a8e95d86642bbaf,work,work_overlap:1.00,auth_richard_rudd,The Gene Keys: Embracing Your Higher Purpose,
8144a2495640013ecdd3dac41947a4bd,Time Power: The Revolutionary Time Management System That Can Change Your Professional and Personal,,Human Design Revolutionary System,https://annas-archive.org/md5/8144a2495640013ecdd3dac41947a4bd,query,search_query_substring,,,Human Design Revolutionary System
818255059b0852a0a22e611a9d5573ab,changing landscape of intl schooling.pdf,"2022, employing over 500,000 english-speaking teachers. the number of children being taught in these schools reportedly reached 3 million in march 2012. alongside this phenomenal growth the landscape of international schooling has changed fundamentally, moving away from largely serving the children of the expat and globally mobile business community and embassies, towards serving the 'local' children of the wealthy and emerging middle-class. this has been reflected in the shift away from non-profit ownership",Lynda Bunnell,https://annas-archive.org/md5/818255059b0852a0a22e611a9d5573ab,query,search_query_substring,,,Lynda Bunnell
81f2edb9253595216f235d44d133a789,Thucydides (trans. P. J. Rhodes),,Bhan Tugh Rhodes,https://annas-archive.org/md5/81f2edb9253595216f235d44d133a789,work,work_overlap:0.75,auth_steve_rhodes,Bhan Tugh,
81f6a880f2fb57778d27bc8868a701fa,"Mathematik für Ingenieure mit Maple: Band 2: Differential- und Integralrechnung für Funktionen mehrerer Variablen, gewöhnliche und partielle Differentialgleichungen. ... Fourier-Analysis (Springer-Leh",,Daitche Variablen,https://annas-archive.org/md5/81f6a880f2fb57778d27bc8868a701fa,query,search_query_substring,,,Daitche Variablen
82136757d2af0e5551feace995aba2e4,How to Build a Robot,148 p.,Book of Destinies Parkyn|Book of Lines Parkyn|Chetan Parkyn|Chetan Parkyn Human Design,https://annas-archive.org/md5/82136757d2af0e5551feace995aba2e4,query,search_query_substring,,,Chetan Parkyn Human Design
824dcf29c6bdf4bf816f2ff208479b0c,Mühlen-Ordnung für das souveräne Herzogtum Schlesien und die Grafschaft Glatz,,Uljana Daitche Die 384 Linien der 64 Tore: das große Human Design Handbuch,https://annas-archive.org/md5/824dcf29c6bdf4bf816f2ff208479b0c,work,work_overlap:1.00,auth_uljana_daitche,Die 384 Linien der 64 Tore: das große Human Design Handbuch,
8285ab185a4e56c68a231608c68f361e,Wireless information and power transfer : theory and practice,,Peter Schöber,https://annas-archive.org/md5/8285ab185a4e56c68a231608c68f361e,query,search_query_substring,,,Peter Schöber
828f68e5b9e7b499bb161d33466964c8,Worlds in Collision (1950)_118936296.pdf,based on eyewitness reports by our ancestors - shook the doctrine of uniformity of geology as well as Darwin's theory of evolution,Rave Cosmology,https://annas-archive.org/md5/828f68e5b9e7b499bb161d33466964c8,query,search_query_substring,,,Rave Cosmology
82916a18ad4b343be9df3ad76ec16d49,QUANTITATIVE DETERMINATION OF HEMAGGLUTININS FOR NORMAL AND TRYPSINIZED HUMAN RED BLOOD CELLS,,Robin Winn Human Design,https://annas-archive.org/md5/82916a18ad4b343be9df3ad76ec16d49,query,search_query_substring,,,Robin Winn Human Design
829cf897236b3acc2dae83da3016e32f,An Introduction to Microcomputers: Basic Concepts,Super Secret Uploadie Person,Lynda Bunnell,https://annas-archive.org/md5/829cf897236b3acc2dae83da3016e32f,query,search_query_substring,,,Lynda Bunnell
82bed46937a1af07b5d7c546cc791cd1,"Flash MX Application And Interface Design : Data Delivery, Navigation, and Fun in Flash MX, XML, and PHP",,Steve Rhodes Human Design,https://annas-archive.org/md5/82bed46937a1af07b5d7c546cc791cd1,query,search_query_substring,,,Steve Rhodes Human Design
82cddb605b1746836a407798fd5e6913,"Cooperative Design, Visualization, and Engineering 20th International Conference on Cooperative Design, Visualization and Engineering, CDVE 2023 Mallorca, Spain, October 1–4, 2023 Proceedings",,64keys Human Design,https://annas-archive.org/md5/82cddb605b1746836a407798fd5e6913,query,search_query_substring,,,64keys Human Design
82d4dad8f9f544e5ce3087198c05fc76,Criminal Astrology: Volume I Understanding Crime Charts,Criminal Astrology: Volume I Understanding Crime Charts,Karen Curry Parker Understanding Human Design: The New Science of Astrology,https://annas-archive.org/md5/82d4dad8f9f544e5ce3087198c05fc76,work,work_overlap:1.00,auth_karen_curry_parker,Understanding Human Design: The New Science of Astrology,
82d8e5b0056f41a7b9464e28fcb57c79,Lathe: The Tool Information You Need  at Your Fingertips (Missing Shop Manual),"unnecessary sample projects. this no-nonsense manual focuses on user-friendly solutions and instructions on lathe usage.read more…english [en] · pdf · 18.9mb · 2010 · 📘 book (non-fiction) · 🚀/lgli/lgrs/nexusstc/zlib    ·save·52·3base score: 11065.0, final score: 28.616293",Living Your Design Student Manual|Lynda Bunnell Living Your Design Student Manual,https://annas-archive.org/md5/82d8e5b0056f41a7b9464e28fcb57c79,work,work_overlap:1.00,auth_lynda_bunnell,Living Your Design Student Manual,
82fcf51fd21bb1ca5ada80e19f96e850,Mobile Interaction Design,,Erin Claire Jones Human Design,https://annas-archive.org/md5/82fcf51fd21bb1ca5ada80e19f96e850,query,search_query_substring,,,Erin Claire Jones Human Design
8318b641b422c5e6b2d3eb7941d3630b,Designing with the Mind in Mind,aa.pdf,Robin Winn Understanding the Centers in Human Design,https://annas-archive.org/md5/8318b641b422c5e6b2d3eb7941d3630b,work,work_overlap:1.00,auth_robin_winn,Understanding the Centers in Human Design,
83579f009da452c75e0d56bb34460b4a,Die Prophezeiung Des Ra Uru Hu,aber vor allem über eine aufkommende Mutation im menschlichen Körper,Bhan Tugh Rhodes|Prophecy Ra Uru Hu Rhodes|Ra Uru Hu|Ra Uru Hu Generator Book|Ra Uru Hu Line Resonance|Ra Uru Hu Rave BodyGraph Circuitry|Ra Uru Hu Rave I'Ching Line Companion|Ra Uru Hu The Nine Centres and their Gates|Steve Rhodes Human Design,https://annas-archive.org/md5/83579f009da452c75e0d56bb34460b4a,work,work_overlap:1.00,auth_ra_uru_hu,The Rave I'Ching,
83b98ee65868b21791f9d5b54c3b4e0d,"Advances in Linear Matrix Inequality Methods in Control (Advances in Design and Control, Series Number 2)",,Triple Design Matrix DreamRave,https://annas-archive.org/md5/83b98ee65868b21791f9d5b54c3b4e0d,query,search_query_substring,,,Triple Design Matrix DreamRave
83c437930d6c97ac4edcacef54c8ec9d,2. Ancient & Classical Civilizations,Using the Bible in Practical Theology.pdf,Jenna Zoë,https://annas-archive.org/md5/83c437930d6c97ac4edcacef54c8ec9d,author,surname:Jenna,auth_jenna_zoe,,
83ffb56cc6105e972de53e22ee4d240b,Data Modeling Made Simple with Embarcadero ER,"leveraging er/studio's lineage functionality and compare/merge utility   be able to apply er/studio's data dictionary features   learn ways of sharing the data model through reporting and through exporting the model in a variety of formats   leverage er/studio's naming functionality to improve naming consistency, including the new automatic naming translation feature.   this book contains four sections:",Human Design Made Simple Dunwoody,https://annas-archive.org/md5/83ffb56cc6105e972de53e22ee4d240b,query,search_query_substring,,,Human Design Made Simple Dunwoody
8454b6e1de0d50be5382b728c2536498,PRIMARY HEALTH SYSTEM,PRIMARY HEALTH SYSTEM - Determination & Healing,Human Design Health Haspel|Human Design System Ra|Peter Schoeber Das Human Design System – Die Zentren|Prophecy Ra Uru Hu Rhodes|Ra Uru Hu|Ra Uru Hu Generator Book|Ra Uru Hu Line Resonance,https://annas-archive.org/md5/8454b6e1de0d50be5382b728c2536498,work,work_overlap:1.00,auth_ra_uru_hu,Generator Book,
8468a59ebb2b5b75eab230aec9aa4df5,Embodying Design : An Applied Science of Radical Embodied Cognition,,"64keys Human Design|Lynda Bunnell Human Design: The Definitive Book of Human Design, The Science of Differentiation",https://annas-archive.org/md5/8468a59ebb2b5b75eab230aec9aa4df5,work,work_overlap:1.00,auth_lynda_bunnell,"Human Design: The Definitive Book of Human Design, The Science of Differentiation",
84695836bd737070286df28e28db78bb,Astrological Language_116410554.pdf,,Rave Cosmology,https://annas-archive.org/md5/84695836bd737070286df28e28db78bb,query,search_query_substring,,,Rave Cosmology
8472ad2a022f113cdeec99947b910341,Widespan Roof Structures,,Human Design Revealed Dickson|Zeno Dickson Human Design,https://annas-archive.org/md5/8472ad2a022f113cdeec99947b910341,query,search_query_substring,,,Human Design Revealed Dickson
8477195c49d0f3825f9c43d153e2e6d5,"Cleavage, Connection and Conflict in Rural, Urban and Contemporary Asia",Springer Asia Series Book 3),Lynda Bunnell,https://annas-archive.org/md5/8477195c49d0f3825f9c43d153e2e6d5,query,search_query_substring,,,Lynda Bunnell
8485605c330b3a82510221a7917d6eba,Lectures on the Curry-Howard Isomorphism,,Karen Curry Parker,https://annas-archive.org/md5/8485605c330b3a82510221a7917d6eba,work,work_overlap:0.75,auth_karen_curry_parker,Abundance by Design,
84bd0c4d62502618d4f4cce9f275a734,Insular Destinies: Perspectives on the History and Politics of Modern Cyprus,Modern Greek and Byzantine Studies),Book of Destinies Parkyn,https://annas-archive.org/md5/84bd0c4d62502618d4f4cce9f275a734,query,search_query_substring,,,Book of Destinies Parkyn
84e7aea6a84d350eaf45aea00919afec,The Complete and Authentic Thai Curry Cookbook 2,yourself at home. let's do it.,Karen Curry Parker,https://annas-archive.org/md5/84e7aea6a84d350eaf45aea00919afec,work,work_overlap:0.75,auth_karen_curry_parker,Abundance by Design,
851b1e99730264edd33649aab3461675,Semantics: An International Handbook of Natural Language Meaning,"claudia maienborn, klaus von heusinger, paul portnerde gruyter mouton, handbücher zur sprach- und kommunikationswissenschaft 33.1, 1, 2011this handbook comprises, in three volumes, an in-depth presentation of the state of the art in linguistic semantics from a wide variety of perspectives. it contains 112 articles written",Eleanor Haspel-Portner,https://annas-archive.org/md5/851b1e99730264edd33649aab3461675,query,search_query_substring,,,Eleanor Haspel-Portner
852e225e840588e8e50713879cddd6af,ISE 5.2i Further Reduces Your Design Costs,ISE 5.2i Further Reduces Your Design Costs.pdf,Living Your Design Bunnell,https://annas-archive.org/md5/852e225e840588e8e50713879cddd6af,query,search_query_substring,,,Living Your Design Bunnell
85af80402c9ef2e0ee8dc0546dbeb83d,Human Factors and Ergonomics in Practice : Improving System Performance and Human Well-Being in the Real World,,Erin Claire Jones Human Design,https://annas-archive.org/md5/85af80402c9ef2e0ee8dc0546dbeb83d,query,search_query_substring,,,Erin Claire Jones Human Design
85b47940559110a97f3bb91d2ac8c1ce,"Alfred Nowak, Rudolf Cantz, Wilhelm Engbert",,Uljana Daitche Variablen im Human Design: Teil 1 — Die Pfeile,https://annas-archive.org/md5/85b47940559110a97f3bb91d2ac8c1ce,work,work_overlap:1.00,auth_uljana_daitche,Variablen im Human Design: Teil 1 — Die Pfeile,
85c8e31ce53fe430ee3ae5eae96ce379,Ty (The boundarylands no 2),,Bhan Tugh Rhodes,https://annas-archive.org/md5/85c8e31ce53fe430ee3ae5eae96ce379,work,work_overlap:0.75,auth_steve_rhodes,Bhan Tugh,
85e6d23c78e5cf0d1ccb18b35608574d,"基因天命 : 人类设计中的全息密码书,每个人都可以从爱中观照,进入悉地境界 = The gene keys",基因天命,Gene Keys Richard Rudd|Richard Rudd The Gene Keys: Embracing Your Higher Purpose,https://annas-archive.org/md5/85e6d23c78e5cf0d1ccb18b35608574d,work,work_overlap:1.00,auth_richard_rudd,The Gene Keys: Embracing Your Higher Purpose,
861128e085e08e7896d9ca6ee885aa41,Werkstoffanalytische Betrachtung der Eigenschaften von mittels neuartiger RTM-Fertigungsprozesse hergestellten glasfaserverstärkten Polymerverbunden,,Eleanor Haspel-Portner|Human Design Health Haspel,https://annas-archive.org/md5/861128e085e08e7896d9ca6ee885aa41,work,work_overlap:0.67,auth_eleanor_haspel_portner,Human Design & Health: A Practitioner's Guide to the Basics,
861d25571cb75995748894e03b0243e2,Aufgabensammlung zur Infinitesimalrechnung : Band II A: Differentialrechnung auf dem Gebiete mehrerer Variablen Aufgaben und Hinweise,,Daitche Variablen,https://annas-archive.org/md5/861d25571cb75995748894e03b0243e2,query,search_query_substring,,,Daitche Variablen
865701cf8791fb6e64dd94fa7e31eefc,The origin of humanness in the biology of love,The origin of humanness in the biology of love.pdf,Lynda Bunnell,https://annas-archive.org/md5/865701cf8791fb6e64dd94fa7e31eefc,query,search_query_substring,,,Lynda Bunnell
86665d59e21d8f8d5b989cfc0dbfe2cc,Die Belagerung von Belfort im Jahre 1870,,Uljana Daitche Variablen im Human Design: Teil 1 — Die Pfeile,https://annas-archive.org/md5/86665d59e21d8f8d5b989cfc0dbfe2cc,work,work_overlap:1.00,auth_uljana_daitche,Variablen im Human Design: Teil 1 — Die Pfeile,
86de70ae16af4818ef717fd230218da9,29. TRANSITION TO GENERAL PRACTICE NURSING (INGLES) AUTOR AGNES FANNING Y ZOE BERRY,TRANSITION TO GENERAL PRACTICE NURSING,Jenna Zoë,https://annas-archive.org/md5/86de70ae16af4818ef717fd230218da9,author,surname:Jenna,auth_jenna_zoe,,
86e995fd2d38471bdb213009ad708bcf,"人類圖 : 輪迴交叉全書 : 發現你的人生使命,192種人生主題大公開 = The book of destinies : discover the life you were born to live",人類圖輪迴交叉全書: 發現你的人生使命，192種人生主題大公開,Chetan Parkyn,https://annas-archive.org/md5/86e995fd2d38471bdb213009ad708bcf,work,work_overlap:1.00,auth_chetan_parkyn,The Book of Destinies: Discover the Life You Were Born to Live,
86e9b958ba35213248b3381a50e036bc,86e9b958ba35213248b3381a50e036bc.pdf,even less if you shop around - and you can pick up a selection of electronic components to play with for only a few pounds.,Book of Destinies Parkyn|Book of Lines Parkyn|Chetan Parkyn|Chetan Parkyn Human Design,https://annas-archive.org/md5/86e9b958ba35213248b3381a50e036bc,query,search_query_substring,,,Chetan Parkyn Human Design
86f9514e223fe2cea514a00efd4f0be8,"Human-Computer Interaction. Thematic Area, HCI 2022 Held as Part of the 24th HCI International Conference, HCII 2022 Virtual Event, June 26 – July 1, 2022 Proceedings, Part I",July 1,"64keys Human Design|Lynda Bunnell Human Design: The Definitive Book of Human Design, The Science of Differentiation|Science of Differentiation Human Design",https://annas-archive.org/md5/86f9514e223fe2cea514a00efd4f0be8,work,work_overlap:1.00,auth_lynda_bunnell,"Human Design: The Definitive Book of Human Design, The Science of Differentiation",
8702078022ec1c7bd971ac54c65ac2ab,Einsteins Traum : Expeditionen an die Grenzen der Raumzeit_120609984.pdf,,Rave Cosmology,https://annas-archive.org/md5/8702078022ec1c7bd971ac54c65ac2ab,query,search_query_substring,,,Rave Cosmology
871a28ba4ad4d54c16bb7a77aa8b6194,Personal and National Destinies in Independent India : A Study of Selected Indian English Novels,,Book of Destinies Parkyn,https://annas-archive.org/md5/871a28ba4ad4d54c16bb7a77aa8b6194,query,search_query_substring,,,Book of Destinies Parkyn
877efa0a7b89fbb0a51ae07d41944719,"A Comprehensive Guide to Cooking with Curry: Homemade, Soul-Filling, And Delicious Curry Meals",A Comprehensive Guide to Cooking with Curry: Homemade,Karen Curry Parker,https://annas-archive.org/md5/877efa0a7b89fbb0a51ae07d41944719,work,work_overlap:0.75,auth_karen_curry_parker,Abundance by Design,
879bf0a6e55d2660f6478c511b17777f,Las claves genéticas: La nueva interpretación del I Ching y la descodificación de tu propósito de vida oculto en tu ADN (Saber-Ser) (Spanish Edition),Las claves genéticas: La nueva interpretación del I Ching y la descodificación de tu propósito de vida oculto en tu ADN,Gene Keys Richard Rudd|Richard Rudd,https://annas-archive.org/md5/879bf0a6e55d2660f6478c511b17777f,work,work_overlap:0.67,auth_richard_rudd,Human Design: The Revelation,
87aa6b1de2acb4c2b71488ae060e6ad9,Essential mathematics for economic analysis,Student’s Manual/87aa6b1de2acb4c2b71488ae060e6ad9.pdf,Living Your Design Student Manual,https://annas-archive.org/md5/87aa6b1de2acb4c2b71488ae060e6ad9,work,work_overlap:1.00,auth_lynda_bunnell,Living Your Design Student Manual,
87c01390178c9f123be4f95916e51fc6,newsarch_ebooks_2025_10,"expert contributors who provide an illuminating examination of why children’s literature is the way it is. topics covered include: the history and development of children's literature various theoretical approaches used to explore the texts, including narratological methods questions of gender and sexuality along with issues of race and ethnicity realism and fantasy as two prevailing modes of story-telling picture books, comics and graphic novels as well as ‘young adult’ fiction and the ‘crossover’ novel media adaptations and neglected areas of children’s literature. the routledge companion to children’s literature contains suggestions for further reading throughout plus a helpful timeline and a substantial glossary of key terms and names, both established and more cutting-edge. this is a comprehensive and up-to-date guide to an increasingly complex and popular discipline.read more…english [en] · pdf · 1.5mb · 2010 · 📘 book (non-fiction) · 🚀/lgli/lgrs/nexusstc/upload/zlib    ·save·155·1base score: 11065.0, final score: 17.085089",Richard Rudd,https://annas-archive.org/md5/87c01390178c9f123be4f95916e51fc6,work,work_overlap:0.67,auth_richard_rudd,Human Design: The Revelation,
87c4161a114e19267e3fd7afe7a2058d,Understanding the Human Body,Understanding the Human Body - An Introduction to Anatomy and Physiology – Course Guidebook; Volume in The Great Courses - The Teaching Company.pdf,Robin Winn Understanding the Centers in Human Design,https://annas-archive.org/md5/87c4161a114e19267e3fd7afe7a2058d,work,work_overlap:1.00,auth_robin_winn,Understanding the Centers in Human Design,
87c6450a94788c700905069147e1a47e,PBooks Collection 2023,,Jovian Archive,https://annas-archive.org/md5/87c6450a94788c700905069147e1a47e,query,search_query_substring,,,Jovian Archive
87fa16d779ca4813d97e4cd989917b78,Human Design System,The Centres/87fa16d779ca4813d97e4cd989917b78.pdf,Beyond Human Design|Chetan Parkyn Human Design|Chiron Ephemeris Human Design|Daitche Human Design|Emma Dunwoody Human Design|Human Design System Centres Schoeber|Jenna Zoe Human Design|Karen Curry Human Design|Peter Schoeber|Peter Schoeber Das Human Design System – Die Zentren|Quantum Human Design|Richard Rudd Human Design|Richard Rudd Human Design: The Revelation|Robin Winn Human Design|Steve Rhodes Human Design|Understanding Centers Human Design|Understanding Clients Human Design|Understanding Human Design|Zen Human Design Ephemeris|Zeno Dickson Human Design,https://annas-archive.org/md5/87fa16d779ca4813d97e4cd989917b78,work,work_overlap:1.00,auth_richard_rudd,Human Design: The Revelation,
8812664458e5df512c22f2052b2b80d0,The future of flesh : a cultural survey of the body,,Jenna Zoe Human Design,https://annas-archive.org/md5/8812664458e5df512c22f2052b2b80d0,query,search_query_substring,,,Jenna Zoe Human Design
884ac0ce1ccee7199d3cbc8f95c4a4cb,Хюмън дизайн,Откровението Ръководство за основни понятия,Gene Keys Richard Rudd|Richard Rudd Human Design|Richard Rudd Human Design: The Revelation|Richard Rudd The Gene Keys: Embracing Your Higher Purpose,https://annas-archive.org/md5/884ac0ce1ccee7199d3cbc8f95c4a4cb,work,work_overlap:1.00,auth_richard_rudd,The Gene Keys: Embracing Your Higher Purpose,
8891ff8a6d7b88ccc3234ca01c3829a5,How to Read the American West: A Field Guide,,Steve Rhodes Human Design: How to Read a Graph,https://annas-archive.org/md5/8891ff8a6d7b88ccc3234ca01c3829a5,work,work_overlap:1.00,auth_steve_rhodes,Human Design: How to Read a Graph,
88a394498909705ac117e80328742fb1,"Enhanced Living Environments: Algorithms, Architectures, Platforms, and Systems (Lecture Notes in Computer Science Book 11369)",,Understanding Human Design,https://annas-archive.org/md5/88a394498909705ac117e80328742fb1,query,search_query_substring,,,Understanding Human Design
88a40caf0413ee4887b79281da0bbcbf,scihub/10.1145/3453688.3461494.pdf,,Triple Design Matrix DreamRave,https://annas-archive.org/md5/88a40caf0413ee4887b79281da0bbcbf,query,search_query_substring,,,Triple Design Matrix DreamRave
88b87604bf01ecc38399902adf34a6df,[Archimedes] Historical Perspectives on Erklären and Verstehen Volume 21 ||,"taking at face value what he writes about his own motivation for adopting it? in response to both types of questions, there is",Uljana Daitche,https://annas-archive.org/md5/88b87604bf01ecc38399902adf34a6df,work,work_overlap:0.67,auth_uljana_daitche,Human Design - Beziehungen,
88bab0ee873fce03b1353ae04791e93a,50 Baby Booties to Knit,,Jenna Zoë,https://annas-archive.org/md5/88bab0ee873fce03b1353ae04791e93a,author,surname:Jenna,auth_jenna_zoe,,
88c64b486eae1b9980179ee4333692ce,The Human Design Workbook: A Step by Step Guide to Understanding Your Own Chart and How it Can Transform Your Life,The Human Design Workbook,Karen Curry Human Design|Karen Curry Parker The Encyclopedia of Quantum Human Design|Karen Curry Parker Understanding Human Design: The New Science of Astrology|Robin Winn Understanding Your Clients Through Human Design,https://annas-archive.org/md5/88c64b486eae1b9980179ee4333692ce,work,work_overlap:1.00,auth_karen_curry_parker,Understanding Human Design: The New Science of Astrology,
88cfba53c731a9179f4b6992fefc164e,The Highest Education: A Study of Graduate Education in Britain,,Gene Keys Richard Rudd|Richard Rudd|Richard Rudd Human Design: The Revelation|Richard Rudd The Gene Keys: Embracing Your Higher Purpose,https://annas-archive.org/md5/88cfba53c731a9179f4b6992fefc164e,work,work_overlap:1.00,auth_richard_rudd,The Gene Keys: Embracing Your Higher Purpose,
88f6f79c3443e57381f5ed67aa57a552,Risk Matrix: Rating Scheme Design and Risk Aggregation,,Triple Design Matrix DreamRave,https://annas-archive.org/md5/88f6f79c3443e57381f5ed67aa57a552,query,search_query_substring,,,Triple Design Matrix DreamRave
88f8dbc48e64c72783a07a4dc876aa79,Offizieller Bericht über die Kriegsereignisse zwischen Hannover und Preußen im Juni1866 und Relation der Schlacht bei Langensalza am 27. Juni 1866,,Uljana Daitche Variablen im Human Design: Teil 1 — Die Pfeile,https://annas-archive.org/md5/88f8dbc48e64c72783a07a4dc876aa79,work,work_overlap:1.00,auth_uljana_daitche,Variablen im Human Design: Teil 1 — Die Pfeile,
88ffbb65de9b4608bb964556fe75b31f,The Gifts of Imperfection: Let Go of Who You Think You\'re Supposed to Be and Embrace Who You Are,The Gifts of Imperfection: Let Go of Who You Think You\'re Supposed to Be and Embrace Who You Are - PDFDrive.com,Jenna Zoë Human Design: The Revolutionary System That Shows You Who You Came Here to Be,https://annas-archive.org/md5/88ffbb65de9b4608bb964556fe75b31f,work,work_overlap:1.00,auth_jenna_zoe,Human Design: The Revolutionary System That Shows You Who You Came Here to Be,
89130200e8abc57dff79400c2aa63c75,"Liquid cooling guidelines for datacom equipment centers,Datacom series ; 4",,Understanding Centers Human Design,https://annas-archive.org/md5/89130200e8abc57dff79400c2aa63c75,query,search_query_substring,,,Understanding Centers Human Design
8935dfc309c48e397bfb809452dcde60,Building for Life: Designing and Understanding the Human-Nature Connection,,Understanding Human Design,https://annas-archive.org/md5/8935dfc309c48e397bfb809452dcde60,query,search_query_substring,,,Understanding Human Design
89862136085bc385aed49bad02ee41cb,Degruyter Imprints v2 [09-06-23],,Chaitanyo Ephemeris,https://annas-archive.org/md5/89862136085bc385aed49bad02ee41cb,query,search_query_substring,,,Chaitanyo Ephemeris
898a4b06b786f65cdf24e58eb91e536c,Psychology of System Design 0101 0101,Meister,Peter Schoeber Das Human Design System – Die Zentren,https://annas-archive.org/md5/898a4b06b786f65cdf24e58eb91e536c,work,work_overlap:1.00,auth_peter_schoeber,Das Human Design System – Die Zentren,
899483844058262cf2d6c2ab23a6e1e6,The Tablets of Destiny Revelation: How Long-Lost Anunnaki Wisdom Can Change the Fate of Humanity,The Tablets of Destiny Revelation: How Long-Lost Anunnaki Wisdom Can Change the Fate of Humanity,Richard Rudd Human Design: The Revelation,https://annas-archive.org/md5/899483844058262cf2d6c2ab23a6e1e6,work,work_overlap:1.00,auth_richard_rudd,Human Design: The Revelation,
899e00173da9e81cf69df592ee41a88c,"Human-Computer Interaction. Design and User Experience Case Studies: Thematic Area, HCI 2021, Held as Part of the 23rd HCI International Conference, ... (Lecture Notes in Computer Science, 12764)",,"Lynda Bunnell Human Design: The Definitive Book of Human Design, The Science of Differentiation",https://annas-archive.org/md5/899e00173da9e81cf69df592ee41a88c,work,work_overlap:1.00,auth_lynda_bunnell,"Human Design: The Definitive Book of Human Design, The Science of Differentiation",
89c7f678d7aa6aea8aa1f136304ffba7,WHAT IS YOUR DESIGN QUESTION?,GEO-Design Masters Thesis Drafts 2021/89c7f678d7aa6aea8aa1f136304ffba7.pdf,Living Your Design Bunnell,https://annas-archive.org/md5/89c7f678d7aa6aea8aa1f136304ffba7,query,search_query_substring,,,Living Your Design Bunnell
89d0e987031900300021e05c8315f46c,"I Will Teach You to Be Rich, Second Edition: No Guilt. No Excuses. No B.S. Just a 6-Week Program That Works.",Week Program That Works,Jenna Zoë Human Design: The Revolutionary System That Shows You Who You Came Here to Be,https://annas-archive.org/md5/89d0e987031900300021e05c8315f46c,work,work_overlap:1.00,auth_jenna_zoe,Human Design: The Revolutionary System That Shows You Who You Came Here to Be,
89e1433ce9e32e7a25d4e81f18473c7d,Unleash Your Dreams : Tame Your Hidden Fears and Live the Life You Were Meant to Live,"asking the tough questions about who you really are, what you’re afraid of, and what you really want. he then shows you how to identify your own dreams, target the underlying ambivalence that may be holding you back, and conquer the fears you must overcome to realize your true destiny.**read more…english [en] · pdf · 0.7mb · 2008 · 📘 book (non-fiction) · 🚀/lgli/lgrs/nexusstc/zlib    ·save·12·2base score: 11055.0, final score: 43.62107",Chetan Parkyn The Book of Destinies: Discover the Life You Were Born to Live,https://annas-archive.org/md5/89e1433ce9e32e7a25d4e81f18473c7d,work,work_overlap:1.00,auth_chetan_parkyn,The Book of Destinies: Discover the Life You Were Born to Live,
89fc1c1925cde2c19a6da8a5ef9311da,La saga de los vikingos,La saga de los vikingos,Eleanor Haspel-Portner,https://annas-archive.org/md5/89fc1c1925cde2c19a6da8a5ef9311da,query,search_query_substring,,,Eleanor Haspel-Portner
8a365c2ec426455b824dafae14e9ae45,"Konzeption, Entwicklung und Einführung des Assistenzsystems D-DAS für die Produktentwicklung elektrischer Motoren",,Peter Schoeber Das Human Design System – Die Zentren,https://annas-archive.org/md5/8a365c2ec426455b824dafae14e9ae45,work,work_overlap:1.00,auth_peter_schoeber,Das Human Design System – Die Zentren,
8a91d613c708527809719d18801fb9ab,Architecture,& SEE Sustainable Development/1 - More Books on Architectural/A Lab of Labs - Methods and Approaches for a Human-Centered Design.pdf,64keys Human Design|Beyond Human Design|Chetan Parkyn Human Design|Chiron Ephemeris Human Design|Daitche Human Design|Emma Dunwoody Human Design|Jenna Zoe Human Design|Karen Curry Human Design|Quantum Human Design|Richard Rudd Human Design|Robin Winn Human Design|Science of Differentiation Human Design|Steve Rhodes Human Design|Understanding Clients Human Design|Understanding Human Design|Zen Human Design Ephemeris|Zeno Dickson Human Design,https://annas-archive.org/md5/8a91d613c708527809719d18801fb9ab,work,work_overlap:0.80,auth_robin_winn,Understanding Your Clients Through Human Design,
8aa799745b609259d940e7460003784f,A Note on Functions of Lines (1914)(en)(5s),,Book of Lines Parkyn,https://annas-archive.org/md5/8aa799745b609259d940e7460003784f,query,search_query_substring,,,Book of Lines Parkyn
8aae60c1934888ee28b0cfe8b32974c5,Maroon Comix,Quincy Saul.pdf,Book of Destinies Parkyn,https://annas-archive.org/md5/8aae60c1934888ee28b0cfe8b32974c5,query,search_query_substring,,,Book of Destinies Parkyn
8b01517fa3699acf2b7bd294348fad8a,Design mom : how to live with kids : a room-by-room guide,Gabrielle Stanley Blair,Steve Rhodes Human Design: How to Read a Graph,https://annas-archive.org/md5/8b01517fa3699acf2b7bd294348fad8a,work,work_overlap:1.00,auth_steve_rhodes,Human Design: How to Read a Graph,
8b1eeac4ddfa035629a6c773a4080c76,Parallelism in Matrix Computati,Efstratios Gallopoulos,Triple Design Matrix DreamRave,https://annas-archive.org/md5/8b1eeac4ddfa035629a6c773a4080c76,query,search_query_substring,,,Triple Design Matrix DreamRave
8b71d2deb4de3c645e98fe869b3758f9,8b71d2deb4de3c645e98fe869b3758f9.pdf,"design teaches you how to make the right decisions that will take you where you really want to be in your life. learn from 13 experts who use human design to help guide and motivate them to achieve personal success. through their stories and examples in this book you will:recognize the forces that influence your every thought, emotion and action while learning how to maintain your focus and direction.learn how to integrate your human design with your beliefs, values, desires, life purpose and stay energized, passionate, on target and aligned with creating an authentic, abundant life.discover your life purpose and reconnect with your true desires andunderstand why this is the most important thing you must do to change your financial future.isn't it time to write a new story -- your own story -- where you create the success and abundance you deserve in the way that is right for you?if you've ever felt that you're not lovable, abundant, vital, supported, powerful, purposeful and valuable, this book will help you discover that the opposite is truth. -karen curry parkerthe real answer to success, wealth, love, health and happiness is found in your process of personal transformation using human design, a scientific system.human design is rich and complex; it involves a lot of data. the system is a synthesis of eastern and western astrology, the chinese i'ching, the kabbalah, the hindu chakra system and quantum physicsread more…english [en] · bulgarian [bg] · pdf · 5.5mb · 2023 · 📘 book (non-fiction) · 🚀/lgli/lgrs/nexusstc/zlib    ·save·15·1base score: 11065.0, final score: 41.184998",Karen Curry Human Design|Karen Curry Parker|Karen Curry Parker The Encyclopedia of Quantum Human Design|Karen Curry Parker Understanding Human Design: The New Science of Astrology,https://annas-archive.org/md5/8b71d2deb4de3c645e98fe869b3758f9,work,work_overlap:1.00,auth_karen_curry_parker,Understanding Human Design: The New Science of Astrology,
8b7ee0d03d4b8c824caf7395bd71906c,Don't Read This Book Unless You Want to Take a Sabbatical: How to Plan (and Actually Take) a Gap Year or Sabbatical,Don’t Read This Book Unless You Want to Take a Sabbatical: How to Plan,Steve Rhodes Human Design: How to Read a Graph,https://annas-archive.org/md5/8b7ee0d03d4b8c824caf7395bd71906c,work,work_overlap:1.00,auth_steve_rhodes,Human Design: How to Read a Graph,
8be73c755f80fdf155c95571421d7f20,Mobile Interaction Design,Gary Marsden.pdf,Erin Claire Jones Human Design,https://annas-archive.org/md5/8be73c755f80fdf155c95571421d7f20,query,search_query_substring,,,Erin Claire Jones Human Design
8bfbe432e0cde2945449e7ee3fd8a399,"Mathematik für Ingenieure mit Maple: Band 2: Differential- und Integralrechnung für Funktionen mehrerer Variablen, gewöhnliche und partielle Differentialgleichungen, Fourier-Analysis",,Daitche Variablen,https://annas-archive.org/md5/8bfbe432e0cde2945449e7ee3fd8a399,query,search_query_substring,,,Daitche Variablen
8c010bd53a0fdc856692f593f4188fb0,newsarch_ebooks_2025_10,"ashrae technical committee 9.9, mission critical facilities, technology spaces and electronic equipment. this series provides comprehensive treatment of datacom cooling and related subjects.read more…english [en] · pdf · 6.0mb · 2009 · 📘 book (non-fiction) · 🚀/lgli/lgrs/nexusstc/upload/zlib    ·save·40·1base score: 11065.0, final score: 21.948711",Understanding Centers Human Design,https://annas-archive.org/md5/8c010bd53a0fdc856692f593f4188fb0,query,search_query_substring,,,Understanding Centers Human Design
8c1b2aefb58ebca2f0bc12b80d8311e6,scihub/10.1145/3411763.3451668.pdf,,Robin Winn Understanding the Centers in Human Design|Understanding Human Design,https://annas-archive.org/md5/8c1b2aefb58ebca2f0bc12b80d8311e6,work,work_overlap:1.00,auth_robin_winn,Understanding the Centers in Human Design,
8cb1e26522f3b32813e1383a7b997be0,Health Design Thinking: Creating Products and Services for Better Health,"leaders in the field--bon ku, a physician and founder of the innovative health design lab at sidney kimmel medical college, and ellen lupton, an award-winning graphic designer and curator at cooper hewitt smithsonian design museum--the book outlines the fundamentals of design thinking and highlights important products, prototypes, and research in health design.",Human Design Health Haspel,https://annas-archive.org/md5/8cb1e26522f3b32813e1383a7b997be0,query,search_query_substring,,,Human Design Health Haspel
8cb9b0882cd91253cc3e992973ca2438,The Complete Colonel Flack,The Complete Colonel Flack,Bhan Tugh Rhodes,https://annas-archive.org/md5/8cb9b0882cd91253cc3e992973ca2438,work,work_overlap:0.75,auth_steve_rhodes,Bhan Tugh,
8cbabd2c75a12b08279d51f635d69c72,Were you born under a lucky star,Were you born under a lucky star.pdf,Chetan Parkyn Human Design: Discover the Person You Were Born to Be,https://annas-archive.org/md5/8cbabd2c75a12b08279d51f635d69c72,work,work_overlap:1.00,auth_chetan_parkyn,Human Design: Discover the Person You Were Born to Be,
8cbd25c802dd38757e0da1a713fa7244,"SYSTEM DESIGN INTERVIEW: The Complete Guide to System Design Interview Tips, Software Analysis and 20 Frequently Most Asked Questions",SYSTEM DESIGN INTERVIEW: The Complete Guide to System Design Interview Tips,Human Design Revolutionary System|Human Design System Centres Schoeber,https://annas-archive.org/md5/8cbd25c802dd38757e0da1a713fa7244,work,work_overlap:0.67,auth_peter_schoeber,Human Design System – The Centres,
8cdab88728e0452b145791cc5fc3f84b,Offizieller Bericht über die Kriegsereignisse zwischen Hannover und Preußen im Juni 1866 und Relation der Schlacht bei Langensalza am 27.Juni 1866,,Uljana Daitche Variablen im Human Design: Teil 1 — Die Pfeile,https://annas-archive.org/md5/8cdab88728e0452b145791cc5fc3f84b,work,work_overlap:1.00,auth_uljana_daitche,Variablen im Human Design: Teil 1 — Die Pfeile,
8d14adec9d193befeabf0d7305b62bea,Untersuchungen über die Arbeitsteilung im Bienenstaat : 2. Teil: Die Tätigkeiten der Arbeitsbienen unter experimentell veränderten Bedingungen,,Uljana Daitche Variablen im Human Design: Teil 1 — Die Pfeile,https://annas-archive.org/md5/8d14adec9d193befeabf0d7305b62bea,work,work_overlap:1.00,auth_uljana_daitche,Variablen im Human Design: Teil 1 — Die Pfeile,
8d2a04264a4cba83a4ed5cd3011a09d2,"Architect and Entrepreneur: A Field Guide to Building, Branding, and Marketing Your Startup Design Business",Architect and Entrepreneur: A Field Guide to Building,Living Your Design Bunnell,https://annas-archive.org/md5/8d2a04264a4cba83a4ed5cd3011a09d2,query,search_query_substring,,,Living Your Design Bunnell
8d85a49484b47d21771b3bd7fefa4120,Resource Allocation for Large IRS-Assisted SWIPT Systems with Non-linear Energy Harvesting Model,,Peter Schöber,https://annas-archive.org/md5/8d85a49484b47d21771b3bd7fefa4120,query,search_query_substring,,,Peter Schöber
8da6ac8ac26aa76bd1621e2a81cf46a8,Painting and Presence: : Why Paintings Matter,"acquaintance"" in which the essence of the painting's subject-matter is made present to the viewer. rudd traces this understanding of painting as ontologically revelatory from the theology of the byzantine icon to classical chinese appreciations of landscape painting, to the work of merleau-ponty and other phenomenologists inspired",Richard Rudd,https://annas-archive.org/md5/8da6ac8ac26aa76bd1621e2a81cf46a8,work,work_overlap:0.67,auth_richard_rudd,Human Design: The Revelation,
8de06aafe0da282ee194a84fb3921490,System 80+ Standard [nucl. powerplnt] Design,Vol 03,Human Design Revolutionary System|Human Design System Centres Schoeber,https://annas-archive.org/md5/8de06aafe0da282ee194a84fb3921490,work,work_overlap:0.67,auth_peter_schoeber,Human Design System – The Centres,
8e146d2b2a18d31d291df8b99addfdb5,A Practical Guide to Macroeconomics,Jeremy B. Rudd,Richard Rudd,https://annas-archive.org/md5/8e146d2b2a18d31d291df8b99addfdb5,work,work_overlap:0.67,auth_richard_rudd,Human Design: The Revelation,
8e2f39b9ed00432370c0a9a301c42192,Projector Empowerment,Projector Empowerment - Part 1: Lectures,Prophecy Ra Uru Hu Rhodes|Ra Uru Hu|Ra Uru Hu Generator Book|Ra Uru Hu Line Resonance|Ra Uru Hu Rave BodyGraph Circuitry|Ra Uru Hu Rave I'Ching Line Companion|Ra Uru Hu The Complete Rave I'Ching|Ra Uru Hu The Nine Centres and their Gates|Ra Uru Hu The Rave I'Ching,https://annas-archive.org/md5/8e2f39b9ed00432370c0a9a301c42192,work,work_overlap:1.00,auth_ra_uru_hu,The Rave I'Ching,
8e3d3d86c727dd162d80ffab45a965a8,"Chronic pain, psychological distress, and their co-occurrence in Norwegian young adults: Insights from machine learning and explainable AI",,Human Design Health Haspel,https://annas-archive.org/md5/8e3d3d86c727dd162d80ffab45a965a8,query,search_query_substring,,,Human Design Health Haspel
8e3dfd38b7a5dd5d89e22b1725600c7c,5. Ancient & Classical Civilizations Series,Building Colonialism. Archaeology and Urban Space in East Africa,Bhan Tugh Rhodes,https://annas-archive.org/md5/8e3dfd38b7a5dd5d89e22b1725600c7c,work,work_overlap:0.75,auth_steve_rhodes,Bhan Tugh,
8e444dd7f30351bc32b59524308224d5,Critical and Creative Thinking,Critical and Creative Thinking.pdf,Richard Rudd,https://annas-archive.org/md5/8e444dd7f30351bc32b59524308224d5,work,work_overlap:0.67,auth_richard_rudd,Human Design: The Revelation,
8e5bdaebe6f5d53361756a7b819811c1,Quality by design : a clinical microsystems approach,A Clinical Microsystems Approach - E. Nelson,Human Design Health Haspel,https://annas-archive.org/md5/8e5bdaebe6f5d53361756a7b819811c1,query,search_query_substring,,,Human Design Health Haspel
8e75f41486091f9584d7c442fe69c469,Design for Behaviour Change_119094839.pdf,,Beyond Human Design|Chiron Ephemeris Human Design|Daitche Human Design|Quantum Human Design|Understanding Human Design|Zen Human Design Ephemeris,https://annas-archive.org/md5/8e75f41486091f9584d7c442fe69c469,query,search_query_substring,,,Chiron Ephemeris Human Design
8e83ed94b4bbfe3258f2e1080e24782b,The Clinton Clique,The Clinton Clique,Emma Dunwoody Human Design,https://annas-archive.org/md5/8e83ed94b4bbfe3258f2e1080e24782b,query,search_query_substring,,,Emma Dunwoody Human Design
8e93d52da4f7b3f56e64958e69f04fc1,"The Human Microbiome: Ethical, Legal and Social Concerns","rosamond rhodes, nada gligorov, and abraham paul schwaboxford university press, incorporated; oxford university press, august 15, 2013the human microbiome is the bacteria, viruses, and fungi that cover our skin, line our intestines, and flourish in our body cavities. work on the human microbiome is new, but it is quickly becoming a leading area of biomedical research. what scientists are learning about humans and our microbiomes could change medical practice",Steve Rhodes Human Design,https://annas-archive.org/md5/8e93d52da4f7b3f56e64958e69f04fc1,query,search_query_substring,,,Steve Rhodes Human Design
8e949755fb247c438a87bc416f414673,Harmonics in Astrology: An Introductory Textbook to the New Understanding of an Old Science,everyone who seeks to arrive at a deeper understanding of astrological concepts and a truly reasonable basis for their study and practice.,Karen Curry Parker Understanding Human Design: The New Science of Astrology,https://annas-archive.org/md5/8e949755fb247c438a87bc416f414673,work,work_overlap:1.00,auth_karen_curry_parker,Understanding Human Design: The New Science of Astrology,
8ec11cc8c76d26234fb454fc84a9df63,Nonlinear Pedagogy and the Athletics Skills Model The Impor.pdf,"different communities across the globe. today, as governments grapple with the multiple challenges of urban life in the 21st century, we can learn from our forebears how to put play at the centre of children's learning in order to build a more enduring physically active society. this book examines contemporary pedagogical approaches, such as constraints-led teaching, nonlinear pedagogy and the athletic skills model, which are underpinned",Richard Rudd,https://annas-archive.org/md5/8ec11cc8c76d26234fb454fc84a9df63,work,work_overlap:0.67,auth_richard_rudd,Human Design: The Revelation,
8ed15db7ea5f4f19dd1dc68640c3f63b,This is your brain on music: understanding a human obsession,and wholly accessible - book explains why.,Robin Winn Understanding Your Clients Through Human Design,https://annas-archive.org/md5/8ed15db7ea5f4f19dd1dc68640c3f63b,work,work_overlap:1.00,auth_robin_winn,Understanding Your Clients Through Human Design,
8ed55fe22f0afcfb6b39f1bf6b266f17,Introduction to Particle Cosmology: The Standard Model of Cosmology and its Open Problems,Introduction to Particle Cosmology: The Standard Model of Cosmology and its Open Problems,Rave Cosmology,https://annas-archive.org/md5/8ed55fe22f0afcfb6b39f1bf6b266f17,query,search_query_substring,,,Rave Cosmology
8ee3ae578f20200e78b490cad8785de7,Combinatory logic. Vol. 1.,induction......page 57,Karen Curry Parker,https://annas-archive.org/md5/8ee3ae578f20200e78b490cad8785de7,work,work_overlap:0.75,auth_karen_curry_parker,Abundance by Design,
8ef5416367bdef874b16bc5d1c676e7e,The 36 Roles,The 36 Roles - Genetic Continuity and Mastery of Lines,Prophecy Ra Uru Hu Rhodes|Ra Uru Hu|Ra Uru Hu Generator Book|Ra Uru Hu Line Resonance|Ra Uru Hu Rave BodyGraph Circuitry|Ra Uru Hu Rave I'Ching Line Companion|Ra Uru Hu The Complete Rave I'Ching|Ra Uru Hu The Nine Centres and their Gates|Ra Uru Hu The Rave I'Ching,https://annas-archive.org/md5/8ef5416367bdef874b16bc5d1c676e7e,work,work_overlap:1.00,auth_ra_uru_hu,The Rave I'Ching,
8f1a43cdc64c0ecced10b8cf6b8fe6f7,RETURN to ESSENCE,How to Be in the Flow and Fulfill Your Life’s Purpose/8f1a43cdc64c0ecced10b8cf6b8fe6f7.pdf,Richard Rudd The Gene Keys: Embracing Your Higher Purpose,https://annas-archive.org/md5/8f1a43cdc64c0ecced10b8cf6b8fe6f7,work,work_overlap:1.00,auth_richard_rudd,The Gene Keys: Embracing Your Higher Purpose,
8f26b3cb78446a18f79a515679d7dda2,Terminal compromise : computer terrorism : when privacy and freedom are the victims : a novel,Terminal Compromise.pdf,Robin Winn Human Design,https://annas-archive.org/md5/8f26b3cb78446a18f79a515679d7dda2,query,search_query_substring,,,Robin Winn Human Design
8f50bbc619844a75df4a47451bb02edb,Raphael's Astronomical Ephemeris of the Planets' Places for 2007 (Raphael's Astronomical Ephemeris of the Planet's Places),both amateur and professional. There will be guaranteed sales to a dedicated and growing readership. Raphael's has a world-wide reputation for accuracy,Chaitanyo Ephemeris,https://annas-archive.org/md5/8f50bbc619844a75df4a47451bb02edb,query,search_query_substring,,,Chaitanyo Ephemeris
8f54b725d20213ce33f353e1e7795349,How Design Researchers Interpret Probes: Understanding the Critical Intentions of a Designerly Approach to Research,"our participants brings challenges, we discuss how making visible the critical motivations of our research opens up new ways of practicing and disseminating probes.",Karen Curry Parker Understanding Human Design: The New Science of Astrology|Robin Winn Understanding Your Clients Through Human Design|Robin Winn Understanding the Centers in Human Design|Steve Rhodes Human Design: How to Read a Graph,https://annas-archive.org/md5/8f54b725d20213ce33f353e1e7795349,work,work_overlap:1.00,auth_karen_curry_parker,Understanding Human Design: The New Science of Astrology,
8f57928d91faf5b4e7ff3bde39c4d314,The Halls of Moambati (The Dark Filament Ephemeris Book 4),The Halls of Moambati,Chaitanyo Ephemeris,https://annas-archive.org/md5/8f57928d91faf5b4e7ff3bde39c4d314,query,search_query_substring,,,Chaitanyo Ephemeris
8f5ba5ab070e9fe9db212074a77e4bb7,Хюмън дизайн,Вериги Пълно ръководство за вериги,Gene Keys Richard Rudd|Richard Rudd The Gene Keys: Embracing Your Higher Purpose,https://annas-archive.org/md5/8f5ba5ab070e9fe9db212074a77e4bb7,work,work_overlap:1.00,auth_richard_rudd,The Gene Keys: Embracing Your Higher Purpose,
8f79776c35057feb082dbea538abaa92,La cuestion del generador manifestante,La cuestion del generador manifestante.pdf,Gene Keys Richard Rudd|Richard Rudd,https://annas-archive.org/md5/8f79776c35057feb082dbea538abaa92,work,work_overlap:0.67,auth_richard_rudd,Human Design: The Revelation,
8f8cc26b775f5d4745068bf3378928db,Challenge and Thrill of Pre-College Mathematics Part 1 upto page 301 Lines New Age International Publishers Krishnamurthy Pranesachar Ranganathan Venkatachala,,Book of Lines Parkyn,https://annas-archive.org/md5/8f8cc26b775f5d4745068bf3378928db,query,search_query_substring,,,Book of Lines Parkyn
8f8fec7fdea2530f2ca8fdccc63beffa,"Geology, Minerals & Gems",Gems & Jewels/Rhodes,Bhan Tugh Rhodes,https://annas-archive.org/md5/8f8fec7fdea2530f2ca8fdccc63beffa,work,work_overlap:0.75,auth_steve_rhodes,Bhan Tugh,
8fa7fc2bfe007d96a2438f1894ddfb59,Managing in a five dimension economy : Ven Matrix architectures for new organizations,mathematical and scientific systems that underly evolutionary biology. this opens the prospect of managing,Triple Design Matrix DreamRave,https://annas-archive.org/md5/8fa7fc2bfe007d96a2438f1894ddfb59,query,search_query_substring,,,Triple Design Matrix DreamRave
8faff6bd98dc6145732ffcfd1a8a1e71,Dr. Newbold’s Revolutionary New Discoveries about Weight Loss: How to Master the Hidden Food and Environmental Allergies That Make You Fat,,Jenna Zoë Human Design: The Revolutionary System That Shows You Who You Came Here to Be,https://annas-archive.org/md5/8faff6bd98dc6145732ffcfd1a8a1e71,work,work_overlap:1.00,auth_jenna_zoe,Human Design: The Revolutionary System That Shows You Who You Came Here to Be,
8fbba47a6542b3c3a171ae0b14f7e936,Lead!: Become the Leader You Were Born to Be,Lead!,Chetan Parkyn Human Design: Discover the Person You Were Born to Be|Chetan Parkyn The Book of Destinies: Discover the Life You Were Born to Live,https://annas-archive.org/md5/8fbba47a6542b3c3a171ae0b14f7e936,work,work_overlap:1.00,auth_chetan_parkyn,Human Design: Discover the Person You Were Born to Be,
8fc8f9841b54eb890595d4fd0a58e266,Never Too Small Essential Guide to Your Living Room,,Lynda Bunnell Living Your Design Student Manual,https://annas-archive.org/md5/8fc8f9841b54eb890595d4fd0a58e266,work,work_overlap:1.00,auth_lynda_bunnell,Living Your Design Student Manual,
8fd18a3b50cadd6f6bb2dd148154e461,"Spend Smart: Be Thrifty, Budget Better, and How to Spend Your Money When You Don't Have Much",Spend Smart: Be Thrifty,Jenna Zoë Human Design: The Revolutionary System That Shows You Who You Came Here to Be,https://annas-archive.org/md5/8fd18a3b50cadd6f6bb2dd148154e461,work,work_overlap:1.00,auth_jenna_zoe,Human Design: The Revolutionary System That Shows You Who You Came Here to Be,
902d019dc73a09bf925dd21135acdf26,What Can You Do with a Major in Education: Real people. Real jobs. Real rewards. (What Can You Do with a Major in...),,How Do You Choose Human Design,https://annas-archive.org/md5/902d019dc73a09bf925dd21135acdf26,query,search_query_substring,,,How Do You Choose Human Design
9088a81cef8b833cb634c5d19786da09,Rave Cosmology V Brahamas Night and Beyond,The Sphinx Gates,Ra Uru Hu|Ra Uru Hu Rave BodyGraph Circuitry|Ra Uru Hu Rave I'Ching Line Companion|Ra Uru Hu The Complete Rave I'Ching|Ra Uru Hu The Rave I'Ching,https://annas-archive.org/md5/9088a81cef8b833cb634c5d19786da09,work,work_overlap:1.00,auth_ra_uru_hu,The Rave I'Ching,
91048f5c262e34e9b28891f05cc68e77,"No Passion Or Too Many Passions To Focus On?: The Secrets To Find Your Passion And Life Purpose, Find The One Passion That You Meant To Work On Your Lifetime",No Passion Or Too Many Passions To Focus On?: The Secrets To Find Your Passion And Life Purpose,Richard Rudd The Gene Keys: Embracing Your Higher Purpose,https://annas-archive.org/md5/91048f5c262e34e9b28891f05cc68e77,work,work_overlap:1.00,auth_richard_rudd,The Gene Keys: Embracing Your Higher Purpose,
91386958476323c75373dc0e7ec8dafa,"Lambarde, William, 1536-1601, Read, Conyers, 1881-1959","cornell university press, folger documents of tudor and stuart civilization, ithaca, n.y, unknown, 1962xi, 189 pread more…english [en] · pdf · 10.2mb · 1962 · 📗 book (unknown) · 🚀/ia/zlib    ·save·3base score: 11068.0, final score: 17.967205",Chaitanyo Ephemeris,https://annas-archive.org/md5/91386958476323c75373dc0e7ec8dafa,query,search_query_substring,,,Chaitanyo Ephemeris
91424f30d6e19972f76039fd49b44675,Design and Control of Matrix Converters: Regulated 3-Phase Power Supply and Voltage Sag Mitigation for Linear Loads,"the authors, which in turn is part of a larger effort to expand the application domain of matrix converters to power systems. the objectives of the work have been categorized into the following: developing a dynamic model that provides adequate design insights; designing filters; and devising a control scheme. the low frequency dynamic model is first analyzed for regulated voltage supplies assuming balanced system. the system is modeled relative to a synchronous rotating (dq) frame linearized around an operating point. the input–output variables are related",Triple Design Matrix DreamRave,https://annas-archive.org/md5/91424f30d6e19972f76039fd49b44675,query,search_query_substring,,,Triple Design Matrix DreamRave
917d6c150b197216c43057f65515b7f2,Quantum Activation Cards Companion Guidebook,,Karen Curry Human Design|Karen Curry Parker|Karen Curry Parker The Encyclopedia of Quantum Human Design|Karen Curry Parker Understanding Human Design: The New Science of Astrology,https://annas-archive.org/md5/917d6c150b197216c43057f65515b7f2,work,work_overlap:1.00,auth_karen_curry_parker,Understanding Human Design: The New Science of Astrology,
91a83be6fd080f416dd5b784ca783d2f,THE HUMAN DESIGN SYSTEM,THE HUMAN DESIGN SYSTEM - An A to D of You.pdf,"Beyond Human Design|Chiron Ephemeris Human Design|Daitche Human Design|Emma Dunwoody Human Design|Gene Keys Richard Rudd|How Do You Choose Human Design|Jenna Zoë Human Design: The Revolutionary System That Shows You Who You Came Here to Be|Lynda Bunnell Human Design: The Definitive Book of Human Design, The Science of Differentiation|Peter Schoeber Das Human Design System – Die Zentren|Quantum Human Design|Richard Rudd|Richard Rudd Human Design|Richard Rudd Human Design: The Revelation|Understanding Human Design|Zen Human Design Ephemeris|Zeno Dickson Human Design",https://annas-archive.org/md5/91a83be6fd080f416dd5b784ca783d2f,work,work_overlap:1.00,auth_lynda_bunnell,"Human Design: The Definitive Book of Human Design, The Science of Differentiation",
91c741313c2a7b5102922ed6bbec9b0b,Human-Computer Interaction,The Design of User-Friendly,"64keys Human Design|Lynda Bunnell Human Design: The Definitive Book of Human Design, The Science of Differentiation",https://annas-archive.org/md5/91c741313c2a7b5102922ed6bbec9b0b,work,work_overlap:1.00,auth_lynda_bunnell,"Human Design: The Definitive Book of Human Design, The Science of Differentiation",
920f0d94c1ad3ce3c01210b48e8e368d,Personality Resonance Mapping,Personality Resonance Mapping - The Way of the Mind,Human Design System Ra|LYD manual IHDS|Prophecy Ra Uru Hu Rhodes|Ra Uru Hu|Ra Uru Hu Generator Book|Ra Uru Hu Line Resonance|Ra Uru Hu Rave BodyGraph Circuitry|Ra Uru Hu Rave I'Ching Line Companion|Ra Uru Hu The Complete Rave I'Ching|Ra Uru Hu The Nine Centres and their Gates|Ra Uru Hu The Rave I'Ching,https://annas-archive.org/md5/920f0d94c1ad3ce3c01210b48e8e368d,work,work_overlap:1.00,auth_ra_uru_hu,The Rave I'Ching,
9224ec315ca066e6e06b4fa025782dd3,Extinct and Vanishing Animals: A biology of extinction and survival (Heidelberg Science Library),Ion-.--------------,Lynda Bunnell,https://annas-archive.org/md5/9224ec315ca066e6e06b4fa025782dd3,work,work_overlap:0.60,auth_lynda_bunnell,"Human Design: The Definitive Book of Human Design, The Science of Differentiation",
923faeaa0f4fa086f274fe0caffbaf9a,Das große Handbuch der Oper. 4. Auflage,Das große Handbuch der Oper,Uljana Daitche Die 384 Linien der 64 Tore: das große Human Design Handbuch,https://annas-archive.org/md5/923faeaa0f4fa086f274fe0caffbaf9a,work,work_overlap:1.00,auth_uljana_daitche,Die 384 Linien der 64 Tore: das große Human Design Handbuch,
9311e4c7bc4e6d68ba9820ee993bdd9f,"Trade With Passion and Purpose: Spiritual, Psychological and Philosophical Keys to Becoming a Top Trader",,Richard Rudd The Gene Keys: Embracing Your Higher Purpose,https://annas-archive.org/md5/9311e4c7bc4e6d68ba9820ee993bdd9f,work,work_overlap:1.00,auth_richard_rudd,The Gene Keys: Embracing Your Higher Purpose,
932dd1b5cd42f9896f736bf253f15a26,Cornell University Press,,Chaitanyo Ephemeris,https://annas-archive.org/md5/932dd1b5cd42f9896f736bf253f15a26,query,search_query_substring,,,Chaitanyo Ephemeris
9331c7fac510692d879e5f23df7669a7,Metadata-based automated IoT device management system: Demo Abstract,,Peter Schoeber Das Human Design System – Die Zentren,https://annas-archive.org/md5/9331c7fac510692d879e5f23df7669a7,work,work_overlap:1.00,auth_peter_schoeber,Das Human Design System – Die Zentren,
93974410eaf08a0d22d3e06c93b5a542,"Off-Grid Living Free: The Ultimate Guide to Plan, Create, and Live Your New Off-Grid Life. From Part Off-Grid to Full Off-Grid: Find The Right Balance for You, and Make Money Doing It!",Off-Grid Living Free: The Ultimate Guide to Plan,Chetan Parkyn The Book of Destinies: Discover the Life You Were Born to Live,https://annas-archive.org/md5/93974410eaf08a0d22d3e06c93b5a542,work,work_overlap:1.00,auth_chetan_parkyn,The Book of Destinies: Discover the Life You Were Born to Live,
93ba8f5b9e263bacdfcdea87ec24d6bc,The Eye of Ra: Robbers of the Sacred Stone_115088059.pdf,"the sirius system (the sun’s binary twin) that occurs approximately every 24,000 years. there has been no atomic wars on earth and no landings",Rave Cosmology,https://annas-archive.org/md5/93ba8f5b9e263bacdfcdea87ec24d6bc,query,search_query_substring,,,Rave Cosmology
93be76b1704a93bf5bfef6ec74273170,"Mel Bay's Deluxe Encyclopedia of Jazz Guitar Runs, Fills, Licks & Lines","other treble clef instruments.read more…english [en] · pdf · 17.0mb · 1984 · 📘 book (non-fiction) · 🚀/lgli/lgrs/nexusstc/zlib    ·save·231·1base score: 11065.0, final score: 18.091787",Book of Lines Parkyn,https://annas-archive.org/md5/93be76b1704a93bf5bfef6ec74273170,query,search_query_substring,,,Book of Lines Parkyn
93e3f9edc8765a49440be2b9b35c7c5b,Get ahead of the game and pass the HL7 CDA Specialists 2023 exam with flying colors! Discover expert tips and resources to help you succeed. [Power Word] your career today!,,Chetan Parkyn The Book of Destinies: Discover the Life You Were Born to Live,https://annas-archive.org/md5/93e3f9edc8765a49440be2b9b35c7c5b,work,work_overlap:1.00,auth_chetan_parkyn,The Book of Destinies: Discover the Life You Were Born to Live,
9407b81d36494e8447619eba791c791a,Medical Experimentation and the Protection of Human Rights,Medical Experimentation and the Protection of Human Rights,Erin Claire Jones Human Design,https://annas-archive.org/md5/9407b81d36494e8447619eba791c791a,query,search_query_substring,,,Erin Claire Jones Human Design
94096357a2aa788941f87b08b10591d8,[TOC only] The Guppy Color Manual: Explorations of Guppy Color Biology and Genetics (aka The Guppy Color Manual: Explorations in Guppy Color Biology and Genetics),,LYD manual IHDS,https://annas-archive.org/md5/94096357a2aa788941f87b08b10591d8,query,search_query_substring,,,LYD manual IHDS
940fd46369f4b10d64f4c13d564c3376,The eBay phenomenon.pdf,,Lynda Bunnell,https://annas-archive.org/md5/940fd46369f4b10d64f4c13d564c3376,query,search_query_substring,,,Lynda Bunnell
9420cd59a164bad2c041220d333dc829,Digital wellbeing through design: Evaluation of a professional development workshop on wellbeing-supportive design,,Beyond Human Design|Chetan Parkyn Human Design|Chiron Ephemeris Human Design|Daitche Human Design|Emma Dunwoody Human Design|Jenna Zoe Human Design|Karen Curry Human Design|Quantum Human Design|Richard Rudd Human Design|Robin Winn Human Design|Robin Winn Understanding Your Clients Through Human Design|Science of Differentiation Human Design|Steve Rhodes Human Design|Understanding Clients Human Design|Understanding Human Design|Zen Human Design Ephemeris|Zeno Dickson Human Design,https://annas-archive.org/md5/9420cd59a164bad2c041220d333dc829,work,work_overlap:1.00,auth_robin_winn,Understanding Your Clients Through Human Design,
94417dc01f08897b4e0b5260f48a6c4d,Wörter für Dinge: Von flexiblen Konzepten zu variablen Benennungen (German Edition),,Daitche Variablen,https://annas-archive.org/md5/94417dc01f08897b4e0b5260f48a6c4d,query,search_query_substring,,,Daitche Variablen
9446152768a8d885d1a27ff3550f95ff,Degruyter Imprints v2 [09-06-23],"any means, electronic or mechanical, including photocopy, recording or any information storage and retrieval system, without permission in writing from the publisher.read more…english [en] · pdf · 46.1mb · 1998 · 📘 book (non-fiction) · 🚀/lgli/lgrs/nexusstc/upload/zlib    ·save·13·1base score: 11065.0, final score: 27.76439",Richard Rudd Human Design: The Revelation,https://annas-archive.org/md5/9446152768a8d885d1a27ff3550f95ff,work,work_overlap:1.00,auth_richard_rudd,Human Design: The Revelation,
94c89868765b81a5fc4f5d3ce3575bef,The Athetized Lines of the Iliad,,Book of Lines Parkyn,https://annas-archive.org/md5/94c89868765b81a5fc4f5d3ce3575bef,query,search_query_substring,,,Book of Lines Parkyn
94da82657a943b6fa94a0315e2c2c266,Process Design and Economics for Conversion of Algal Biomass to Hydrocarbons,Process Design and Economics for Conversion of Algal Biomass to Hydrocarbons - Whole Algae Liquefaction and Upgrading - NREL DOE.pdf,Erin Claire Jones Human Design,https://annas-archive.org/md5/94da82657a943b6fa94a0315e2c2c266,query,search_query_substring,,,Erin Claire Jones Human Design
951687004ed984d088d37aefcd926cf3,Por las grietas de Zoe: Serie Valencia I (Spanish Edition),Por las grietas de Zoe: Serie Valencia I,Jenna Zoë,https://annas-archive.org/md5/951687004ed984d088d37aefcd926cf3,author,surname:Jenna,auth_jenna_zoe,,
95222d3572e4529b35e4efaf69e63e48,Impact of Partition Schemes in Loewner Matrix Macromodeling,,Triple Design Matrix DreamRave,https://annas-archive.org/md5/95222d3572e4529b35e4efaf69e63e48,query,search_query_substring,,,Triple Design Matrix DreamRave
95dbea4512c440fe5df61a5927e83ea9,"Interface of Ceramic-Matrix Composites: Design, Characterization, and Damage Effects",,Triple Design Matrix DreamRave,https://annas-archive.org/md5/95dbea4512c440fe5df61a5927e83ea9,query,search_query_substring,,,Triple Design Matrix DreamRave
95ff2096813c4122564c708cb3b4a835,"Differential- und Integralrechnung für Funktionen mit einer Variablen (Mathematik für Ingenieure und Naturwissenschaftler, Ökonomen und Landwirte) (German Edition)",,Daitche Variablen,https://annas-archive.org/md5/95ff2096813c4122564c708cb3b4a835,query,search_query_substring,,,Daitche Variablen
960ebba432d970fd42d1fbb08e1c32ce,The Astrology Sourcebook,Your Guide to Understanding the Symbolic Language of the Stars/960ebba432d970fd42d1fbb08e1c32ce.pdf,Karen Curry Parker Understanding Human Design: The New Science of Astrology,https://annas-archive.org/md5/960ebba432d970fd42d1fbb08e1c32ce,work,work_overlap:1.00,auth_karen_curry_parker,Understanding Human Design: The New Science of Astrology,
963c24ecd437ac62eff53a9d66851eb6,(military) shoulder-belt playes and buttons_122789116.pdf,,Chetan Parkyn,https://annas-archive.org/md5/963c24ecd437ac62eff53a9d66851eb6,query,search_query_substring,,,Chetan Parkyn
96af28900f9b51d0fc4d27eb95c2771e,"Photoshop Cs5: Advanced, Aca Edition + Certblaster + Data",Advanced,Living Your Design Student Manual|Lynda Bunnell Living Your Design Student Manual,https://annas-archive.org/md5/96af28900f9b51d0fc4d27eb95c2771e,work,work_overlap:1.00,auth_lynda_bunnell,Living Your Design Student Manual,
96d859319af37d75741c466fb8d19d9f,"Data Spaces: Design, Deployment and Future Directions",,Karen Curry Human Design,https://annas-archive.org/md5/96d859319af37d75741c466fb8d19d9f,query,search_query_substring,,,Karen Curry Human Design
9727bff8d7d43aed9ff71a5629081ec8,Mental models : design of user interaction and interfaces for domestic energy systems,,How Do You Choose Human Design,https://annas-archive.org/md5/9727bff8d7d43aed9ff71a5629081ec8,query,search_query_substring,,,How Do You Choose Human Design
9752d52b81a272eb6183e89d416dc0f9,Gene Keys: Unlocking the Higher Purpose Hidden in Your DNA,awakening the sleeping genius inside you.,Gene Keys Richard Rudd|Richard Rudd The Gene Keys: Embracing Your Higher Purpose,https://annas-archive.org/md5/9752d52b81a272eb6183e89d416dc0f9,work,work_overlap:1.00,auth_richard_rudd,The Gene Keys: Embracing Your Higher Purpose,
976521c70a0067cb1bf69af6a8fd3ec6,Body Building Secret Revealed-converted,Body Building Secret Revealed-converted.pdf,Human Design Revealed Dickson,https://annas-archive.org/md5/976521c70a0067cb1bf69af6a8fd3ec6,query,search_query_substring,,,Human Design Revealed Dickson
978236f73644c387fe929af01512d15b,scihub/10.1145/3411763.3451845.pdf,,Robin Winn Understanding the Centers in Human Design|Understanding Human Design,https://annas-archive.org/md5/978236f73644c387fe929af01512d15b,work,work_overlap:1.00,auth_robin_winn,Understanding the Centers in Human Design,
97cc35ccd118f84ff3bcc3983c2cbbd2,"The Art of Decluttering and Organizing: How to Tidy Up your Home, Stop Clutter, and Simplify your Life (Without Going Crazy)",The Art of Decluttering and Organizing: How to Tidy Up your Home,Living Your Design Bunnell,https://annas-archive.org/md5/97cc35ccd118f84ff3bcc3983c2cbbd2,query,search_query_substring,,,Living Your Design Bunnell
97e75807e48152ab792434e5789d0d07,"Designing Matrix Organizations that Actually Work: How IBM, Procter & Gamble and Others Design for Success (Jossey-Bass Business & Management)",,Triple Design Matrix DreamRave,https://annas-archive.org/md5/97e75807e48152ab792434e5789d0d07,query,search_query_substring,,,Triple Design Matrix DreamRave
9849127afa82e38bc3ee37c697524bf8,Oral Antibiotic Step-Down Therapy for Non-Staphylococcal Gram-Positive Bloodstream Infections,,Lynda Bunnell,https://annas-archive.org/md5/9849127afa82e38bc3ee37c697524bf8,query,search_query_substring,,,Lynda Bunnell
98610c1e94a85d8091bd736f84e5d7fc,The Archive In Between Compendium,Volume One,Jovian Archive,https://annas-archive.org/md5/98610c1e94a85d8091bd736f84e5d7fc,query,search_query_substring,,,Jovian Archive
987803b1c5733191ddc24c2e5575e5e7,AI for School Teachers,,Understanding Human Design,https://annas-archive.org/md5/987803b1c5733191ddc24c2e5575e5e7,query,search_query_substring,,,Understanding Human Design
98cb5a8f230134bf8263541199d7a639,Adobe Flash CS5 Basic,Student Manual - ACA Edition/98cb5a8f230134bf8263541199d7a639.pdf,Living Your Design Student Manual|Lynda Bunnell Living Your Design Student Manual,https://annas-archive.org/md5/98cb5a8f230134bf8263541199d7a639,work,work_overlap:1.00,auth_lynda_bunnell,Living Your Design Student Manual,
98f4848e48d6e0a5c7fa3f488bf2c2b4,The Gifts of Imperfection: Let Go of Who You Think You're Supposed to Be and Embrace Who You Are,The Gifts of Imperfection: Let Go of Who You Think You're Supposed to Be and Embrace Who You Are.pdf,Jenna Zoë Human Design: The Revolutionary System That Shows You Who You Came Here to Be,https://annas-archive.org/md5/98f4848e48d6e0a5c7fa3f488bf2c2b4,work,work_overlap:1.00,auth_jenna_zoe,Human Design: The Revolutionary System That Shows You Who You Came Here to Be,
98f6d694089485acf00a60b0d3a17374,Filter Theory and Design. Active and Passive,,Triple Design Matrix DreamRave,https://annas-archive.org/md5/98f6d694089485acf00a60b0d3a17374,query,search_query_substring,,,Triple Design Matrix DreamRave
99222641da344f299f796091487ff6d6,La Saga de Los Vikingos,,Eleanor Haspel-Portner,https://annas-archive.org/md5/99222641da344f299f796091487ff6d6,query,search_query_substring,,,Eleanor Haspel-Portner
992f349705b8824ebeac829bad88ed8e,Learn OpenAI Whisper : Transform Your Understanding of GenAI Through Robust and Accurate Speech Processing Solutions,ebooks Account,Robin Winn Understanding Your Clients Through Human Design,https://annas-archive.org/md5/992f349705b8824ebeac829bad88ed8e,work,work_overlap:1.00,auth_robin_winn,Understanding Your Clients Through Human Design,
994cf59c25ab9d08a685283b94208655,Beneath Yggdrasil's Shadow: Forgotten Goddesses of Norse Mythology,Beneath Yggdrasil's Shadow-Forgotten Goddesses of Norse Mythology #,Peter Schoeber,https://annas-archive.org/md5/994cf59c25ab9d08a685283b94208655,work,work_overlap:0.67,auth_peter_schoeber,Das Human Design System – Die Zentren,
995decaa009e09a3176d44f1dd0d2cc0,The Geometry Of The Universe_115244355.pdf,"anyone with a nodding acquaintance with the basic language of cosmology: events, lights paths, galaxies, black holes and so on. it covers the whole story of the book in a way as untechnical as possible given the scope of the topics covered.part 2 covers the same ground again but with enough technical details to satisfy a reader with basic knowledge of mathematics and/or physics.part 3 consists of appendices which are referred to in the other parts and which also contain the highly technical material omitted from section 2.read more…english [en] · pdf · 11.6mb · 2021 · 📘 book (non-fiction) · 🚀/zlib    ·save·24·1base score: 11068.0, final score: 16.880922",Rave Cosmology,https://annas-archive.org/md5/995decaa009e09a3176d44f1dd0d2cc0,work,work_overlap:1.00,auth_ra_uru_hu,The Human Design System (Black Book),
9995ee187c74939141dc11f672f423f2,newsarch_ebooks_2025_10,"involving computing in outdoor pursuits.  also important are the ways that social media has influenced preparation, experience, and reflection related to outdoor experiences. hci outdoors: theory, design, methods and applications is of interest to hci researchers, hci practitioners, and outdoor enthusiasts who want to shape future understanding and current practice related to technology in every kind of outdoor experience.read more…english [en] · pdf · 9.8mb · 2020 · 📘 book (non-fiction) · 🚀/lgli/lgrs/nexusstc/scihub/upload/zlib    ·save·6·1base score: 11065.0, final score: 22.829073",Erin Claire Jones Human Design,https://annas-archive.org/md5/9995ee187c74939141dc11f672f423f2,query,search_query_substring,,,Erin Claire Jones Human Design
99a0ee01d0b832de93ab5dde8e1cb25f,Embracing What Is,Embracing What Is - Spiritual Keys to Happiness,Richard Rudd The Gene Keys: Embracing Your Higher Purpose,https://annas-archive.org/md5/99a0ee01d0b832de93ab5dde8e1cb25f,work,work_overlap:1.00,auth_richard_rudd,The Gene Keys: Embracing Your Higher Purpose,
99a850fb4b7aa9d70e9376d4af100028,How to Choose the Right Plants For Your Garden,How to Choose the Right Plants For Your Garden - Planting Know-How Made Easy,How Do You Choose Human Design,https://annas-archive.org/md5/99a850fb4b7aa9d70e9376d4af100028,query,search_query_substring,,,How Do You Choose Human Design
99aa12dd19364cd0f57fcd26e6c2541b,Handbook of Laser Tech. and Applns [Vol 2,Laser Design,Erin Claire Jones Human Design,https://annas-archive.org/md5/99aa12dd19364cd0f57fcd26e6c2541b,query,search_query_substring,,,Erin Claire Jones Human Design
99c3d2d0e8018aca0f663d3763d7607e,Color Theory for the Make-up Artist: Understanding Color and Light for Beauty and Special Effects,"using only primary colors, how these colors in paints and make-up are sourced and created, the reason for variations in skin colors and undertones, and how to identify and match these using make-up while choosing flattering colors for the eyes, lips, and cheeks. colors found inside the body are explained for special effects make-up, like why we bruise, bleed, or appear sick. ideas and techniques are also described for painting prosthetics, in addition to using color as inspiration in make-up designs. the book also discusses how lighting affects color on film, television, theater, and photography sets, and how to properly light a workspace for successful applications.",Understanding Human Design,https://annas-archive.org/md5/99c3d2d0e8018aca0f663d3763d7607e,query,search_query_substring,,,Understanding Human Design
99d16e466471868413d2aee9cbf47f98,Cenizas en las Highlands,Cenizas en las Highlands,Jenna Zoë,https://annas-archive.org/md5/99d16e466471868413d2aee9cbf47f98,author,surname:Jenna,auth_jenna_zoe,,
99e0918faf2def61cf62adc583f3a685,The Last Shred (Formerly known as The Diet Coaching and Adjustments Manual),,LYD manual IHDS,https://annas-archive.org/md5/99e0918faf2def61cf62adc583f3a685,query,search_query_substring,,,LYD manual IHDS
99f8521427d621a36b0718de84537100,Thermal Guidelines For Data Processing Environments,"ashrae technical committee 9.9, mission critical facilities, data centers, technology spaces and electronic equipment. the series provides comprehensive treatment of datacom cooling and related subjects.read more…english [en] · pdf · 22.7mb · 2021 · 📘 book (non-fiction) · 🚀/lgli/lgrs/nexusstc/zlib    ·save·204·1base score: 11065.0, final score: 22.03698",Understanding Centers Human Design,https://annas-archive.org/md5/99f8521427d621a36b0718de84537100,query,search_query_substring,,,Understanding Centers Human Design
9a0b8dc9a414139f949090ddaddbac58,The Halls of Moambati (The Dark Filament Ephemeris Book 4),The Halls of Moambati,Chaitanyo Ephemeris,https://annas-archive.org/md5/9a0b8dc9a414139f949090ddaddbac58,query,search_query_substring,,,Chaitanyo Ephemeris
9a422384b673503dfc183ec3fb9d5c17,The Understanding by Design Guide to Advanced Concepts in Creating and Reviewing Units,The Understanding by Design Guide to Advanced Concepts in Creating and Reviewing Units,Robin Winn Understanding the Centers in Human Design,https://annas-archive.org/md5/9a422384b673503dfc183ec3fb9d5c17,work,work_overlap:1.00,auth_robin_winn,Understanding the Centers in Human Design,
9a6dc1c182c6ad0932aa86dafa337c31,"Launch: An Internet Millionaire's Secret Formula to Sell Almost Anything Online, Build a Business You Love and Live the Life of Your Dreams",Launch: An Internet Millionaire's Secret Formula to Sell Almost Anything Online,Chetan Parkyn The Book of Destinies: Discover the Life You Were Born to Live,https://annas-archive.org/md5/9a6dc1c182c6ad0932aa86dafa337c31,work,work_overlap:1.00,auth_chetan_parkyn,The Book of Destinies: Discover the Life You Were Born to Live,
9aa3952794bf5b4a60bd4d36d4388f7f,Human design,Human design - You and the Shadow,How Do You Choose Human Design|Human Design System Ra|Prophecy Ra Uru Hu Rhodes|Ra Uru Hu|Ra Uru Hu Generator Book|Ra Uru Hu Line Resonance|Ra Uru Hu Rave BodyGraph Circuitry|Ra Uru Hu Rave I'Ching Line Companion|Ra Uru Hu The Complete Rave I'Ching|Ra Uru Hu The Nine Centres and their Gates|Ra Uru Hu The Rave I'Ching|Richard Rudd Human Design: The Revelation,https://annas-archive.org/md5/9aa3952794bf5b4a60bd4d36d4388f7f,work,work_overlap:1.00,auth_ra_uru_hu,The Rave I'Ching,
9aa47deeb54eb3c2716c79443d1e5ff0,Der Albert Nyanza : das große Becken des Nil und die Erforschung der Nilquellen 1,,Uljana Daitche Die 384 Linien der 64 Tore: das große Human Design Handbuch,https://annas-archive.org/md5/9aa47deeb54eb3c2716c79443d1e5ff0,work,work_overlap:1.00,auth_uljana_daitche,Die 384 Linien der 64 Tore: das große Human Design Handbuch,
9ae26ca6c19a906eb66d8a4e25b26e8c,"Asymptotic behaviour, nodal lines and symmetry properties for solutions of superlinear elliptic equations near an eigenvalue",Asymptotic behaviour,Book of Lines Parkyn,https://annas-archive.org/md5/9ae26ca6c19a906eb66d8a4e25b26e8c,query,search_query_substring,,,Book of Lines Parkyn
9b3f234a9fb4b8f6f4e447630ebe1829,System 80+ Standard [nucl. powerplnt] Design,Vol 15,Human Design Revolutionary System|Human Design System Centres Schoeber,https://annas-archive.org/md5/9b3f234a9fb4b8f6f4e447630ebe1829,work,work_overlap:0.67,auth_peter_schoeber,Human Design System – The Centres,
9bb385c2207b5abc0f8c8eaf5d2ef35a,Z,More books,Steve Rhodes Human Design: How to Read a Graph,https://annas-archive.org/md5/9bb385c2207b5abc0f8c8eaf5d2ef35a,work,work_overlap:1.00,auth_steve_rhodes,Human Design: How to Read a Graph,
9bd3a41da100544484b466835f26b636,Unclassified_**Varied Books,Literary - Novels - Poetry - Religious - Jurisprudence - Hadith - Dictionaries**/Hans Conkel - How to Open Locks with Improvised Tools.pdf,How Do You Choose Human Design,https://annas-archive.org/md5/9bd3a41da100544484b466835f26b636,query,search_query_substring,,,How Do You Choose Human Design
9c08c95ae704ac1d41a2ed60c0c1ea66,9c08c95ae704ac1d41a2ed60c0c1ea66.pdf,,Chaitanyo Ephemeris,https://annas-archive.org/md5/9c08c95ae704ac1d41a2ed60c0c1ea66,query,search_query_substring,,,Chaitanyo Ephemeris
9c0eee3c17de6bb5f4561a6feef39058,The Basics,Hundreds of Recipes Made With Simple Daily Feeding Simple Ingredients/9c0eee3c17de6bb5f4561a6feef39058.pdf,Human Design Made Simple Dunwoody,https://annas-archive.org/md5/9c0eee3c17de6bb5f4561a6feef39058,query,search_query_substring,,,Human Design Made Simple Dunwoody
9c113baae68d5b624a93d3c096b7d7b4,Human-Computer Interaction,The Design of User-Friendly,"64keys Human Design|Beyond Human Design|Chetan Parkyn Human Design|Chiron Ephemeris Human Design|Daitche Human Design|Emma Dunwoody Human Design|Jenna Zoe Human Design|Lynda Bunnell Human Design: The Definitive Book of Human Design, The Science of Differentiation|Quantum Human Design|Richard Rudd Human Design|Richard Rudd Human Design: The Revelation|Robin Winn Human Design|Science of Differentiation Human Design|Steve Rhodes Human Design|Understanding Clients Human Design|Understanding Human Design|Zen Human Design Ephemeris|Zeno Dickson Human Design",https://annas-archive.org/md5/9c113baae68d5b624a93d3c096b7d7b4,work,work_overlap:1.00,auth_lynda_bunnell,"Human Design: The Definitive Book of Human Design, The Science of Differentiation",
9c3aa98170d711b1c470faf7181d250e,The Understanding by Design Guide to Advanced Concepts in Creating and Reviewing Units,The Understanding by Design Guide to Advanced Concepts in Creating and Reviewing Units,Robin Winn Understanding the Centers in Human Design,https://annas-archive.org/md5/9c3aa98170d711b1c470faf7181d250e,work,work_overlap:1.00,auth_robin_winn,Understanding the Centers in Human Design,
9c4a180fbd96c2de8b84cf22d7e9c29a,Indian Restaurant Curry at Home Misty Ricardo's Curry Kitchen,"scanning the qr codes included in the book. watching the dishes being cooked up close and personal perfectly complements the written recipes. sacred cows, it is said, make the best hamburgers. richard sayce, once again, pulls the curtain back and allows the full complexity of what goes into a bir curry to shine through. misty ricardo s curry kitchen is already renowned across youtube as one of the premium resources for learning how to cook indian restaurant quality food at home, with well over 22,000 subscribers and 4 million video views and rising.read more…english [en] · pdf · 23.4mb · 2019 · 📘 book (non-fiction) · 🚀/lgli/lgrs/nexusstc/zlib    ·save·157·1base score: 11065.0, final score: 18.494873",Karen Curry Parker,https://annas-archive.org/md5/9c4a180fbd96c2de8b84cf22d7e9c29a,work,work_overlap:0.75,auth_karen_curry_parker,Abundance by Design,
9c57645c8b8110284abe3c279a45d511,Die deutsche Universitätsphilosophie in der Weim.Republik und im Dritten Reich Teil 1,,Uljana Daitche Variablen im Human Design: Teil 1 — Die Pfeile,https://annas-archive.org/md5/9c57645c8b8110284abe3c279a45d511,work,work_overlap:1.00,auth_uljana_daitche,Variablen im Human Design: Teil 1 — Die Pfeile,
9cc25da0ece3d8abd132f182ca6b9951,Neutrinos in Cosmology,A. Dolgov.pdf,Rave Cosmology,https://annas-archive.org/md5/9cc25da0ece3d8abd132f182ca6b9951,query,search_query_substring,,,Rave Cosmology
9ce108ffd13761f1e7b7c7dfc4683b07,Incarnation Crosses by Profile (Complete),IC by Profile Q1,Human Design System Ra|Prophecy Ra Uru Hu Rhodes|Ra Uru Hu|Ra Uru Hu Generator Book|Ra Uru Hu Line Resonance|Ra Uru Hu Rave BodyGraph Circuitry|Ra Uru Hu Rave I'Ching Line Companion|Ra Uru Hu The Complete Rave I'Ching|Ra Uru Hu The Nine Centres and their Gates|Ra Uru Hu The Rave I'Ching,https://annas-archive.org/md5/9ce108ffd13761f1e7b7c7dfc4683b07,work,work_overlap:1.00,auth_ra_uru_hu,The Rave I'Ching,
9d0ad01f9ab120ba6e67eb1e6555d53e,10.1515_9783839449219.pdf,transcript Verlag,Peter Schöber,https://annas-archive.org/md5/9d0ad01f9ab120ba6e67eb1e6555d53e,query,search_query_substring,,,Peter Schöber
9d1d39c500c6ca147e00b6df8e7cf43a,Integralrechnung für Funktionen mit mehreren Variablen,,Daitche Variablen,https://annas-archive.org/md5/9d1d39c500c6ca147e00b6df8e7cf43a,query,search_query_substring,,,Daitche Variablen
9d429882650a9a96f090203c41a05770,"Recent Advances in Composite Materials and Structures, Volume 2: Design, Processing, Manufacturing and Health Monitoring",,Human Design Health Haspel,https://annas-archive.org/md5/9d429882650a9a96f090203c41a05770,query,search_query_substring,,,Human Design Health Haspel
9d457ecd2f156836a686d0631fe41bec,Human Design: A quick Reference Guide for Students and Analysts,Human Design: A quick Reference Guide for Students and Analysts,Beyond Human Design|Chetan Parkyn Human Design|Chiron Ephemeris Human Design|Daitche Human Design|Emma Dunwoody Human Design|Jenna Zoe Human Design|Karen Curry Human Design|Quantum Human Design|Richard Rudd Human Design|Robin Winn Human Design|Steve Rhodes Human Design|Understanding Clients Human Design|Understanding Human Design|Zen Human Design Ephemeris|Zeno Dickson Human Design,https://annas-archive.org/md5/9d457ecd2f156836a686d0631fe41bec,work,work_overlap:0.80,auth_robin_winn,Understanding Your Clients Through Human Design,
9daaa92ce652fb06739333271bf7f3fe,The Complete Rave I'Ching,,Ra Uru Hu Rave BodyGraph Circuitry|Ra Uru Hu Rave I'Ching Line Companion|Ra Uru Hu The Complete Rave I'Ching|Ra Uru Hu The Nine Centres and their Gates|Ra Uru Hu The Rave I'Ching|Rave I'Ching,https://annas-archive.org/md5/9daaa92ce652fb06739333271bf7f3fe,work,work_overlap:1.00,auth_ra_uru_hu,The Rave I'Ching,
9dca21af0cc6ec08f9356f64f9b5fb11,"Human Design: The Definitive Book of Human Design, The Science of Differentiation by Ra Uru Hu (2011-05-03)",Human Design: The Definitive Book of Human Design,"Human Design System Ra|Living Your Design Bunnell|Lynda Bunnell|Lynda Bunnell Human Design: The Definitive Book of Human Design, The Science of Differentiation|Lynda Bunnell Living Your Design Student Manual|Science of Differentiation Human Design",https://annas-archive.org/md5/9dca21af0cc6ec08f9356f64f9b5fb11,work,work_overlap:1.00,auth_lynda_bunnell,"Human Design: The Definitive Book of Human Design, The Science of Differentiation",
9ddedd658f1cdc3d0d60d40c811f44af,The Gifts of Imperfection: Let Go of Who You Think You're Supposed to Be and Embrace Who You Are,The Gifts of Imperfection: Let Go of Who You Think You’re Supposed to Be and Embrace Who You Are,Jenna Zoë Human Design: The Revolutionary System That Shows You Who You Came Here to Be,https://annas-archive.org/md5/9ddedd658f1cdc3d0d60d40c811f44af,work,work_overlap:1.00,auth_jenna_zoe,Human Design: The Revolutionary System That Shows You Who You Came Here to Be,
9df47d4c1f25af140ea363147385e965,"How to Make People Do What You Want: Methods of Subtle Psychology to Read People, Persuade, and Influence Human Behavior (Communication Skills Training Book 4)",How to Make People Do What You Want: Methods of Subtle Psychology to Read People,How Do You Choose Human Design|Steve Rhodes Human Design: How to Read a Graph,https://annas-archive.org/md5/9df47d4c1f25af140ea363147385e965,work,work_overlap:1.00,auth_steve_rhodes,Human Design: How to Read a Graph,
9df8a9c30739c57764cff4e403029a2b,Degruyter Imprints v2 [09-06-23],,Uljana Daitche Variablen im Human Design: Teil 1 — Die Pfeile,https://annas-archive.org/md5/9df8a9c30739c57764cff4e403029a2b,work,work_overlap:1.00,auth_uljana_daitche,Variablen im Human Design: Teil 1 — Die Pfeile,
9dfc43b88e653b8b018cae71445dac87,Unfor-Keto-ble Everyday Dishes: The Committed Keto-Dieter's Recipe Collection,Unfor-Keto-ble Everyday Dishes: The Committed Keto-Dieter's Recipe Collection,Jenna Zoë,https://annas-archive.org/md5/9dfc43b88e653b8b018cae71445dac87,author,surname:Jenna,auth_jenna_zoe,,
9e043f77e32f24b378fd9a60d103e067,What do design reviewers really do? : understanding roles played by design reviewers in daily practice,"design reviewers in daily practicejoongsub kimspringer international publishing, 1st edition 2019, cham, 2019this book provides an original contribution to the planning and design literature. not only does it provide a fresh and finely grained examination of the daily challenges and opportunities of design review practice, but it does so in an ethnographically compelling way—through extensive references that convey and show what a distanced researcher could never adequately summarize and paraphrase. architects, urban designers, and developers will learn about how they might work with design reviewers on the basis of the four significant roles that a design review staff plays frequently in the design review process. faculty and students in architecture, urban design, and urban planning will learn about design governance, design regulations, design culture, participants, processes, and micropolitics in design and design reviews. there are possibly tens of thousands of design review boards in the united states that review proposals for building designs and site designs submitted",Understanding Human Design,https://annas-archive.org/md5/9e043f77e32f24b378fd9a60d103e067,query,search_query_substring,,,Understanding Human Design
9e1a68d60e82af66e412ac972441cf3a,Indian Restaurant Curry at Home Misty Ricardo's Curry Kitchen,Richard Sayce will walk you through every step,Karen Curry Parker,https://annas-archive.org/md5/9e1a68d60e82af66e412ac972441cf3a,work,work_overlap:0.75,auth_karen_curry_parker,Abundance by Design,
9e3544a78f09c8dd5bb5824c56ce11f7,Attract Visitors to Your Site The Mini Missing Manual,The Mini Missing Manual,Living Your Design Student Manual|Lynda Bunnell Living Your Design Student Manual,https://annas-archive.org/md5/9e3544a78f09c8dd5bb5824c56ce11f7,work,work_overlap:1.00,auth_lynda_bunnell,Living Your Design Student Manual,
9e37293d03718d7cd996d4f534bc238b,"The Urban Biking Handbook: Build, Rebuild, Tinker, Retool, Recycle, and Repair Your Bicycle for City Living: The DIY Guide to Building, Rebuilding, ... and Repairing Your Bicycle for City Living","spotlights on urban bike culture worldwide: profiles of bike mechanics, bike builders, bike artists, and more""-- provided",Lynda Bunnell Living Your Design Student Manual,https://annas-archive.org/md5/9e37293d03718d7cd996d4f534bc238b,work,work_overlap:1.00,auth_lynda_bunnell,Living Your Design Student Manual,
9e86b7a2448cefdfaccdd05cb5430a62,"The Book of Lines: A 21st Century View of the IChing, the Chinese Book of Changes",The Book of Lines: A 21st Century View of the IChing,Book of Destinies Parkyn|Book of Lines Parkyn|Chetan Parkyn|Chetan Parkyn Human Design,https://annas-archive.org/md5/9e86b7a2448cefdfaccdd05cb5430a62,work,work_overlap:1.00,auth_chetan_parkyn,The Book of Lines: A 21st Century View of the I Ching,
9e9b36616f8f6bc9e752b5185e9d292a,Unclassified_**Varied Books,Literary - Novels - Poetry - Religious - Jurisprudence - Hadith - Dictionaries**/Adobe-Illustrator-Revealed.pdf,Human Design Revealed Dickson,https://annas-archive.org/md5/9e9b36616f8f6bc9e752b5185e9d292a,query,search_query_substring,,,Human Design Revealed Dickson
9ea5f79796eba425510ead80168a7886,Putins Plan,Wie das westliche System sich gerade selbst zerstört und was Russland wirklich will/9ea5f79796eba425510ead80168a7886.pdf,Peter Schoeber Das Human Design System – Die Zentren,https://annas-archive.org/md5/9ea5f79796eba425510ead80168a7886,work,work_overlap:1.00,auth_peter_schoeber,Das Human Design System – Die Zentren,
9eca03ebba5b4d29427e158fc63d04fd,"Sculpting in ZBrush Made Simple : Explore Powerful Modeling and Character Creation Techniques Used for VFX, Games, and 3D Printing",Sculpting in ZBrush Made Simple: Explore powerful modeling and character creation techniques used for VFX,Human Design Made Simple Dunwoody,https://annas-archive.org/md5/9eca03ebba5b4d29427e158fc63d04fd,query,search_query_substring,,,Human Design Made Simple Dunwoody
9edf74e57c45b818ad6a9fa724d7131c,9edf74e57c45b818ad6a9fa724d7131c.pdf,solon and remodelled,Bhan Tugh Rhodes,https://annas-archive.org/md5/9edf74e57c45b818ad6a9fa724d7131c,work,work_overlap:0.75,auth_steve_rhodes,Bhan Tugh,
9ee182fcfa10e54ddb9d29128f06aa0b,2023 Quantum Human Design(TM) Evolution Guide: Using Solar Transits to Design Your Year,,Karen Curry Human Design|Karen Curry Parker|Karen Curry Parker The Encyclopedia of Quantum Human Design|Karen Curry Parker Understanding Human Design: The New Science of Astrology,https://annas-archive.org/md5/9ee182fcfa10e54ddb9d29128f06aa0b,work,work_overlap:1.00,auth_karen_curry_parker,Understanding Human Design: The New Science of Astrology,
9ee9665bb341d4676f6df6ea93e8900d,9780128156599_Human_Locomotion_Systems_4128.pdf,"considering image capture systems. it also studies human locomotion from a rehabilitation viewpoint and outlines the design and operation of exoskeletons, both for rehabilitation and human performance enhancement tasks. additionally, the book content ranges from fundamental theory and mathematical formulations, to practical implementations and experimental testing procedures. written and contributed",64keys Human Design,https://annas-archive.org/md5/9ee9665bb341d4676f6df6ea93e8900d,query,search_query_substring,,,64keys Human Design
9efaf0f3954095ac01285b9c69763de3,"Die deutsche Universitätsphilosophie in der Weimarer Republik und im Dritten Reich, Teil 1",Die deutsche Universit[a]tsphilosophie  in der Weim.Republik und im Dritten Reich Teil 2.,Uljana Daitche Variablen im Human Design: Teil 1 — Die Pfeile,https://annas-archive.org/md5/9efaf0f3954095ac01285b9c69763de3,work,work_overlap:1.00,auth_uljana_daitche,Variablen im Human Design: Teil 1 — Die Pfeile,
9f1825edb5242938b042ccefd69d9bfa,Das Haus der Welfen. Beiträge zur Geschichte der Lande Braunschweig und Hannover in Biographien der ausgezeichneten Regenten und Fürsten beider Welfen-Linien,,Uljana Daitche Die 384 Linien der 64 Tore: das große Human Design Handbuch,https://annas-archive.org/md5/9f1825edb5242938b042ccefd69d9bfa,work,work_overlap:1.00,auth_uljana_daitche,Die 384 Linien der 64 Tore: das große Human Design Handbuch,
9f23aa5f5dbc2ee73c0a8fec821cf9bd,"Improve your life by Speed Reading People and Analyze Body Language, Influence Human Behavior Through Nlp, Mind Control Methods and Dark Psychology Secrets",Dark Psychology and Manipulation: 3 in 1: Improve your life by Speed Reading People and Analyze Body Language,Robin Winn Understanding Your Clients Through Human Design,https://annas-archive.org/md5/9f23aa5f5dbc2ee73c0a8fec821cf9bd,work,work_overlap:1.00,auth_robin_winn,Understanding Your Clients Through Human Design,
9f3ab04d4f4f3eac636fc18bfcc4a02b,Fundamentals of Machine Component Design,Student Solutions Manual/9f3ab04d4f4f3eac636fc18bfcc4a02b.pdf,Living Your Design Student Manual|Lynda Bunnell Living Your Design Student Manual,https://annas-archive.org/md5/9f3ab04d4f4f3eac636fc18bfcc4a02b,work,work_overlap:1.00,auth_lynda_bunnell,Living Your Design Student Manual,
9f3bcdfe80f516f75d0ebaa968ca0a0c,newsarch_ebooks_2025_10,"providing a look into the fundaments of our biological constitution, concentrating on what they term emotioning, that is the flow of emotions in daily life that guides the flow of the systemic conservation of a manner of living. maturana and verden-zoller claim that the fundamental emotion that gave rise to humans as sapient languaging beings was love, and that this remains our fundament even when other emotions become socially prevalent.read more…english [en] · pdf · 1.8mb · 2009 · 📘 book (non-fiction) · 🚀/lgli/lgrs/nexusstc/upload/zlib    ·save·93·1base score: 11065.0, final score: 52.190704","Lynda Bunnell|Lynda Bunnell Human Design: The Definitive Book of Human Design, The Science of Differentiation",https://annas-archive.org/md5/9f3bcdfe80f516f75d0ebaa968ca0a0c,work,work_overlap:1.00,auth_lynda_bunnell,"Human Design: The Definitive Book of Human Design, The Science of Differentiation",
9f7346367f305f9983d411a0ce7dcba5,Die neue klassische Sau : Das Handbuch der Literarischen Hocherotik : Zweite Folge in 6 Stellungen,Zweite Folge in 6 Stellungen,Uljana Daitche Die 384 Linien der 64 Tore: das große Human Design Handbuch,https://annas-archive.org/md5/9f7346367f305f9983d411a0ce7dcba5,work,work_overlap:1.00,auth_uljana_daitche,Die 384 Linien der 64 Tore: das große Human Design Handbuch,
9f8146040aab41e44b3d5671d9549c01,newsarch_ebooks_2025_10,,Daitche Variablen|Uljana Daitche Variablen im Human Design: Teil 1 — Die Pfeile,https://annas-archive.org/md5/9f8146040aab41e44b3d5671d9549c01,work,work_overlap:1.00,auth_uljana_daitche,Variablen im Human Design: Teil 1 — Die Pfeile,
9f8ed82638587b00d8051431273dd45c,Housekeeping & Leisure,,Living Your Design Bunnell,https://annas-archive.org/md5/9f8ed82638587b00d8051431273dd45c,query,search_query_substring,,,Living Your Design Bunnell
9fa0d54f2389756c4e578c66e86b017e,Degruyter Imprints v2 [09-06-23],Can concepts be clearly distinguished from the sets of beliefs we have about their referents? - What - if any - sense can be made of the separation between concepts and theories? - Can we distinguish between empirical and theoretical concepts? - Are there interesting similarities and differences between the role of concepts in the empirical sciences and in mathematics? - What underlying notion of __investigative practice__ could be drawn on to explicate the role of concept in such practice? - From a philosophical point of view,Uljana Daitche,https://annas-archive.org/md5/9fa0d54f2389756c4e578c66e86b017e,work,work_overlap:0.67,auth_uljana_daitche,Human Design - Beziehungen,
9fbde7dc98185d6ba7b1831c6414fe92,"An Introduction to the Theory of Value on the Lines of Menger, Wieser, and Böhm-Bawerk",,Book of Lines Parkyn,https://annas-archive.org/md5/9fbde7dc98185d6ba7b1831c6414fe92,query,search_query_substring,,,Book of Lines Parkyn
a00197a43bbfa8316e657f514d935ecc,Kausalanalyse makroökonomischer Zusammenhänge mit latenten Variablen : Mit einer empirischen Untersuchung des Transmissionsmechanismus monetärer Impulse,,Daitche Variablen,https://annas-archive.org/md5/a00197a43bbfa8316e657f514d935ecc,query,search_query_substring,,,Daitche Variablen
a00a1bd5deb83bd339a7843908dad650,newsarch_ebooks_2025_10,,Robin Winn Understanding Your Clients Through Human Design,https://annas-archive.org/md5/a00a1bd5deb83bd339a7843908dad650,work,work_overlap:1.00,auth_robin_winn,Understanding Your Clients Through Human Design,
a00b03efad434b279f25329ab29a316e,Ssang Yong Rodius Service Manual.,ELECTRICAL SYSTEM LAYOUT,LYD manual IHDS,https://annas-archive.org/md5/a00b03efad434b279f25329ab29a316e,query,search_query_substring,,,LYD manual IHDS
a015a4cc7a06e5aae3f143286fd9bb37,Degruyter Imprints v2 [09-06-23],,Uljana Daitche Variablen im Human Design: Teil 1 — Die Pfeile,https://annas-archive.org/md5/a015a4cc7a06e5aae3f143286fd9bb37,work,work_overlap:1.00,auth_uljana_daitche,Variablen im Human Design: Teil 1 — Die Pfeile,
a01f74b738e702c8d7f82fcbe0155b97,Photography Collection,"david cloud.pdfgood photography made simplecloud david.way of life literatureebook, 2012. — 149 p.  a simple and basic course on taking good photographs. anyone can take very good photographs",Human Design Made Simple Dunwoody,https://annas-archive.org/md5/a01f74b738e702c8d7f82fcbe0155b97,query,search_query_substring,,,Human Design Made Simple Dunwoody
a0487e8068bde67876a3a582db6ae0ec,Thermal guidelines for data processing environments,,Understanding Centers Human Design,https://annas-archive.org/md5/a0487e8068bde67876a3a582db6ae0ec,query,search_query_substring,,,Understanding Centers Human Design
a055000123de920dacb4703148a5a7c1,Layers Over Layers: The Official Lasagna Cookbook for Pasta Lovers,,Jenna Zoë,https://annas-archive.org/md5/a055000123de920dacb4703148a5a7c1,author,surname:Jenna,auth_jenna_zoe,,
a069eccb70172307ee997845a40fe30c,Das panamerikanische »Drug Court«-System als Alternative für die deutsche Strafrechtspflege?: Analyse und Vergleich internationaler Erfahrungswerte zum Umgang mit Drogenstraftätern,,Peter Schoeber Das Human Design System – Die Zentren,https://annas-archive.org/md5/a069eccb70172307ee997845a40fe30c,work,work_overlap:1.00,auth_peter_schoeber,Das Human Design System – Die Zentren,
a06c43361622d837e4d4ef38639dc333,The Egoscue Method of Health Through Motion: A Revolutionary Program That Lets You Rediscover the Body’s Power To Protect and Rejuvenate Itself,,Jenna Zoë Human Design: The Revolutionary System That Shows You Who You Came Here to Be,https://annas-archive.org/md5/a06c43361622d837e4d4ef38639dc333,work,work_overlap:1.00,auth_jenna_zoe,Human Design: The Revolutionary System That Shows You Who You Came Here to Be,
a08b4b96c1c6d5b40e8d3abfcc16465d,scihub/10.1145/3411764.3445661.pdf,,Erin Claire Jones Human Design,https://annas-archive.org/md5/a08b4b96c1c6d5b40e8d3abfcc16465d,query,search_query_substring,,,Erin Claire Jones Human Design
a0ca154ac2baf60eeffa37d43c13faf7,Degruyter Imprints v2 [09-06-23],Foundations,Eleanor Haspel-Portner,https://annas-archive.org/md5/a0ca154ac2baf60eeffa37d43c13faf7,query,search_query_substring,,,Eleanor Haspel-Portner
a0e7a37e793d7fd7ee8bef874d2d1258,Crisis and Emergency Risk Communication (Manual): Second Edition,Crisis and Emergency Risk Communication,Understanding Centers Human Design,https://annas-archive.org/md5/a0e7a37e793d7fd7ee8bef874d2d1258,query,search_query_substring,,,Understanding Centers Human Design
a1139dbeca5eb97fd3065f1f0f2db246,Carl Sagan,,Rave Cosmology,https://annas-archive.org/md5/a1139dbeca5eb97fd3065f1f0f2db246,query,search_query_substring,,,Rave Cosmology
a115ef44adb8b3e3459f619681bc189a,a115ef44adb8b3e3459f619681bc189a.pdf,,Human Design Made Simple Dunwoody,https://annas-archive.org/md5/a115ef44adb8b3e3459f619681bc189a,query,search_query_substring,,,Human Design Made Simple Dunwoody
a160651182713a7cb290b0b52c2dce12,"Design, User Experience, and Usability: Design for Emotion, Well-being and Health, Learning, and Culture: 11th International Conference, DUXU 2022, Held as Part of the 24th HCI International Conferenc",,Science of Differentiation Human Design,https://annas-archive.org/md5/a160651182713a7cb290b0b52c2dce12,query,search_query_substring,,,Science of Differentiation Human Design
a185d28d3595444916bfe5abce4c14f0,Das große iPad Handbuch 2023,Für alle iPads mit iPadOS 16/a185d28d3595444916bfe5abce4c14f0.pdf,Uljana Daitche Die 384 Linien der 64 Tore: das große Human Design Handbuch,https://annas-archive.org/md5/a185d28d3595444916bfe5abce4c14f0,work,work_overlap:1.00,auth_uljana_daitche,Die 384 Linien der 64 Tore: das große Human Design Handbuch,
a202e0865472b59040f2a610e34ea6cd,Analyse kointegrierter Variablen mittels vektorautoregressiver Modelle,,Daitche Variablen,https://annas-archive.org/md5/a202e0865472b59040f2a610e34ea6cd,query,search_query_substring,,,Daitche Variablen
a281f6655f35b09047a8e0e9414fa61b,Adobe Photoshop Cs5 Revealed (Hc),,Human Design Revealed Dickson,https://annas-archive.org/md5/a281f6655f35b09047a8e0e9414fa61b,query,search_query_substring,,,Human Design Revealed Dickson
a2a23abd67438aa1c8e3851ae95b0570,Biology and other natural sciences,,Eleanor Haspel-Portner,https://annas-archive.org/md5/a2a23abd67438aa1c8e3851ae95b0570,query,search_query_substring,,,Eleanor Haspel-Portner
a31a10d40d6a930d18a14db3f41e3eeb,"docx, pdf, mp3, and subtitles can be organized using subfolders named after the subject.",,Living Your Design Student Manual,https://annas-archive.org/md5/a31a10d40d6a930d18a14db3f41e3eeb,work,work_overlap:1.00,auth_lynda_bunnell,Living Your Design Student Manual,
a3378043ccbc929fa3e52fee6e1a6464,Liturgical Press 320-322,,Richard Rudd,https://annas-archive.org/md5/a3378043ccbc929fa3e52fee6e1a6464,work,work_overlap:0.67,auth_richard_rudd,Human Design: The Revelation,
a33c25af3b933bea1381c747cfbc0f82,University of California Press [RETAIL],,Steve Rhodes Human Design: How to Read a Graph,https://annas-archive.org/md5/a33c25af3b933bea1381c747cfbc0f82,work,work_overlap:1.00,auth_steve_rhodes,Human Design: How to Read a Graph,
a3530f4835eb697afd12c6feb5fde2ea,hathi/hvd/pairtree_root/hn/2e/qe/hn2eqe/hn2eqe.zip,,Chetan Parkyn,https://annas-archive.org/md5/a3530f4835eb697afd12c6feb5fde2ea,query,search_query_substring,,,Chetan Parkyn
a37412ecdb5a3f5676fa1acb0c974172,Callie Rhodes,Samson,Bhan Tugh Rhodes,https://annas-archive.org/md5/a37412ecdb5a3f5676fa1acb0c974172,work,work_overlap:0.75,auth_steve_rhodes,Bhan Tugh,
a3777f3168394854ec4e12599a2f7210,Chemistry: Quantum Mechanics and Spectroscopy II Tutorial Questions and Solutions,Chemistry: Quantum Mechanics and Spectroscopy II,Karen Curry Parker The Encyclopedia of Quantum Human Design,https://annas-archive.org/md5/a3777f3168394854ec4e12599a2f7210,work,work_overlap:1.00,auth_karen_curry_parker,The Encyclopedia of Quantum Human Design,
a38b1e46eef61939e430513bcdb58fed,Significant Otter: Understanding the Role of Biosignals in Communication,,Robin Winn Understanding the Centers in Human Design,https://annas-archive.org/md5/a38b1e46eef61939e430513bcdb58fed,work,work_overlap:1.00,auth_robin_winn,Understanding the Centers in Human Design,
a3b42b5bf9f18164e45e6ca52cd936f6,Making the Cisco connection : the story behind the real Internet superpower,,Living Your Design Bunnell|Lynda Bunnell,https://annas-archive.org/md5/a3b42b5bf9f18164e45e6ca52cd936f6,work,work_overlap:0.60,auth_lynda_bunnell,Living Your Design Student Manual,
a3c524f45c0eecc5b64f672c59e09816,"Sports, Hobbies & Games",,Uljana Daitche Die 384 Linien der 64 Tore: das große Human Design Handbuch,https://annas-archive.org/md5/a3c524f45c0eecc5b64f672c59e09816,work,work_overlap:1.00,auth_uljana_daitche,Die 384 Linien der 64 Tore: das große Human Design Handbuch,
a3c76440991f5bdfaaeb7aec20a2dfc2,Pavement Analysis and Design,Solutions Manual/a3c76440991f5bdfaaeb7aec20a2dfc2.pdf,Living Your Design Student Manual|Lynda Bunnell Living Your Design Student Manual,https://annas-archive.org/md5/a3c76440991f5bdfaaeb7aec20a2dfc2,work,work_overlap:1.00,auth_lynda_bunnell,Living Your Design Student Manual,
a3cf634559f99b16c554a993316e78a6,User experience design : Como criar productos digitais com foco nas pessoas,User Experience Design – Como criar produtos digitais com foco nas pessoas,How Do You Choose Human Design,https://annas-archive.org/md5/a3cf634559f99b16c554a993316e78a6,query,search_query_substring,,,How Do You Choose Human Design
a3d3a65a5b3e64224a6ab7fc590dc07e,Design and Characterization of 4×4 Butler Matrix for Switched-Beam Antenna Array,,Triple Design Matrix DreamRave,https://annas-archive.org/md5/a3d3a65a5b3e64224a6ab7fc590dc07e,query,search_query_substring,,,Triple Design Matrix DreamRave
a3da8159f2527a2e2cec639943af12c2,Off Grid Solar Power Made Simple Everything You Need to Know About How to Design and Install Your Own Solar System,"generating your own electricity and becoming as self-sufficient as possible? but you may say, you are not an expert and have no idea how to design and build your own solar system. how then can you install and run a solar system if you don't even know where to start? do not worry, you are in the right place.if you are thinking of installing a solar system yourself or hiring someone to do it for you, you will want to know what your best options are. looking at all the different outfits and options can be intimidating at first, even for a diy expert. in this guide, we will discuss the components of a solar system and give you some ideas for your own project.this book will show you everything you need to know about designing and installing your own solar system, even if you do not have any prior experience. after reading this book, you will be able to meet all your electricity needs.once you have a general understanding of how the solar power system works, it will be much easier to choose the right parts and proceed with your installation. this guide will describe the parts of a standard network connection system.first, we will discuss the grid connection system components so you know what to buy and what to plan for. then we will go over some of the options available with each of the parties. finally, we will discuss installation and financial aids that you can access when planning to install a solar system.in the off grid solar power made simple, you will discover:[list][*]all relevant electrical units for a solar system[*]detailed list of all the tools you need for your installation[*]step-by-step instructions for sizing your off-grid solar system to avoid costly mistakes.[*]ways to improve the alternating current of your installation[*]how to choose the best battery for your installation[*]how to select the right controller for your installation[*]how to calculate your battery capacity[*]basic specifications of inverters you need to know[*]how to choose the right type of inverter[*]how to configure the solar inverter[*]how to choose the right solar panels for your project[*]what you need to know before buying solar panels[*]how to calculate the power of the solar panels[*]how to size your solar array[*]how to install the component parts of a solar system[*]how to mount the solar panels and more..[/list]installing solar systems is not overwhelmingly difficult, but it does require preparation and planning. if you take the time to plan well and install things sequentially, you will be rewarded.an electrical engineer who deals exclusively in solar power design wrote this book. it has likewise been thoroughly checked through",Human Design Made Simple Dunwoody|Jenna Zoë Human Design: The Revolutionary System That Shows You Who You Came Here to Be,https://annas-archive.org/md5/a3da8159f2527a2e2cec639943af12c2,work,work_overlap:1.00,auth_jenna_zoe,Human Design: The Revolutionary System That Shows You Who You Came Here to Be,
a400141e3553c6616de0ce4fac76f3d7,C++ Programming Made Simple A Beginner's Guide to Programming.pdf,"A Beginner's Guide to Programming"" is a comprehensive and beginner-friendly book that serves as an ideal introduction to the world of C++ programming. Whether you are a complete novice or have some experience in programming",Human Design Made Simple Dunwoody,https://annas-archive.org/md5/a400141e3553c6616de0ce4fac76f3d7,query,search_query_substring,,,Human Design Made Simple Dunwoody
a409742e881723e7662e572e3bea587f,Semantics,Semantics - Interfaces,Eleanor Haspel-Portner,https://annas-archive.org/md5/a409742e881723e7662e572e3bea587f,query,search_query_substring,,,Eleanor Haspel-Portner
a412f172c73d760825de6501fc6b537d,Le design humain,Le design humain,Book of Destinies Parkyn|Book of Lines Parkyn|Chetan Parkyn|Chetan Parkyn Human Design,https://annas-archive.org/md5/a412f172c73d760825de6501fc6b537d,query,search_query_substring,,,Chetan Parkyn Human Design
a41b49871e931a5e40ebde82ecbdd128,"Symbiosis of Human and Artifact: Future Computing and Design for Human-Computer Interaction, Proceedings of the Sixth International Conference on Human-Computer Interaction, (HCI International '95)",,"Lynda Bunnell Human Design: The Definitive Book of Human Design, The Science of Differentiation",https://annas-archive.org/md5/a41b49871e931a5e40ebde82ecbdd128,work,work_overlap:1.00,auth_lynda_bunnell,"Human Design: The Definitive Book of Human Design, The Science of Differentiation",
a42309461ea460dacce46e7a0dc6d84c,a42309461ea460dacce46e7a0dc6d84c.pdf,,Chetan Parkyn Human Design: Discover the Person You Were Born to Be|Chetan Parkyn The Book of Destinies: Discover the Life You Were Born to Live,https://annas-archive.org/md5/a42309461ea460dacce46e7a0dc6d84c,work,work_overlap:1.00,auth_chetan_parkyn,Human Design: Discover the Person You Were Born to Be,
a4cd840067313cd676361d2787b0306c,Yadda Za A Karanta A Kuma Rubuta Fulfulde (How To Read and Write Fulfulde),,Steve Rhodes Human Design: How to Read a Graph,https://annas-archive.org/md5/a4cd840067313cd676361d2787b0306c,work,work_overlap:1.00,auth_steve_rhodes,Human Design: How to Read a Graph,
a50d4caf778ce1f3703bba1a15d16fd9,Real Analysis Notes,Real Analysis Notes,Bhan Tugh Rhodes,https://annas-archive.org/md5/a50d4caf778ce1f3703bba1a15d16fd9,work,work_overlap:0.75,auth_steve_rhodes,Bhan Tugh,
a5198a14bbf3ee36af94799cc35bbeb8,Encyclopedia Of The Human Brain  volume 1,Brain Mapping Methods,Karen Curry Parker The Encyclopedia of Quantum Human Design,https://annas-archive.org/md5/a5198a14bbf3ee36af94799cc35bbeb8,work,work_overlap:1.00,auth_karen_curry_parker,The Encyclopedia of Quantum Human Design,
a58f41b326818bc5eead0a9d2c20e764,Matrix Methods for Optical Layout (SPIE Tutorial Text Vol. TT77) (SPIE Tutorial Texts),Preface,Triple Design Matrix DreamRave,https://annas-archive.org/md5/a58f41b326818bc5eead0a9d2c20e764,query,search_query_substring,,,Triple Design Matrix DreamRave
a59acebd013c3149d2ceadb5a8930583,Band saw (missing shop manual) : the tool information you need at your fingertips,Band Saw,Living Your Design Student Manual|Lynda Bunnell Living Your Design Student Manual,https://annas-archive.org/md5/a59acebd013c3149d2ceadb5a8930583,work,work_overlap:1.00,auth_lynda_bunnell,Living Your Design Student Manual,
a5a283e7521a9ca2067a4a71be069822,Architecture,& SEE Sustainable Development/1 - More Books on Architectural/Complex Programms-theatres,Human Design System Centres Schoeber,https://annas-archive.org/md5/a5a283e7521a9ca2067a4a71be069822,work,work_overlap:0.67,auth_peter_schoeber,Human Design System – The Centres,
a5adef2a2e11d2e70933a9505ab879ad,Manifest Destinies.pdf,"linking westward expansion to slavery and the civil war. in so doing, laura e gómez demonstrates how white supremacy structured a racial hierarchy in which mexican americans were situated relative to native americans and african americans alike. steeped in conversations and debates surrounding the social construction of race, this book reveals how certain groups become racialized, and how racial categories can not only change instantly, but also the ways in which they change over time. this new edition is updated to reflect the most recent evidence regarding the ways in which mexican americans and other latinos were racialized in both the twentieth and early twenty-first centuries. the book ultimately concludes that it is problematic to continue to speak in terms of hispanic 'ethnicity' rather than consider latinos qua latinos alongside the united states’ other major racial groupings. a must read for anyone concerned with racial injustice and classification today""--publisher's website.  read more... abstract: ""manifest destinies tells the story of the original mexican americans—the people living in northern mexico in 1846 during the onset of the mexican american war. the war abruptly came to an end two years later, and 115,000 mexicans became american citizens overnight. yet their status as full-fledged americans was tenuous at best. due to a variety of legal and political maneuvers, mexican americans were largely confined to a second class status. how did this categorization occur, and what are the implications for modern mexican americans? manifest destinies fills a gap in american racial history",Book of Destinies Parkyn,https://annas-archive.org/md5/a5adef2a2e11d2e70933a9505ab879ad,query,search_query_substring,,,Book of Destinies Parkyn
a5d8155fc8b9648fdcc26cd61f31cd9c,the american ephemeris and nautical almanac 1974_122531525.pdf,,Chaitanyo Ephemeris,https://annas-archive.org/md5/a5d8155fc8b9648fdcc26cd61f31cd9c,query,search_query_substring,,,Chaitanyo Ephemeris
a5e65467e6c661f16ad1ed43cb913e67,"How to Analyze People with Dark Psychology: 3 Books in 1: Dark Psychology and Manipulation, How to Read People Like a Book and Psychological Warfare. Understanding Human Behavior for a Better Life",How to Analyze People with Dark Psychology: 3 Books in 1: Dark Psychology and Manipulation,Steve Rhodes Human Design: How to Read a Graph,https://annas-archive.org/md5/a5e65467e6c661f16ad1ed43cb913e67,work,work_overlap:1.00,auth_steve_rhodes,Human Design: How to Read a Graph,
a5ee6c782f493098071acf437e048ae4,Uygur Patronage in Dunhuang: Regional Art Centres on the Northern Silk Road in the Tenth Century (Brill's Inner Asian Library),,Human Design System Centres Schoeber,https://annas-archive.org/md5/a5ee6c782f493098071acf437e048ae4,work,work_overlap:0.67,auth_peter_schoeber,Human Design System – The Centres,
a645c7a9b3a9790e679be085fca92fde,Ephemeris Hisab Rukyat 2021,,Chaitanyo Ephemeris,https://annas-archive.org/md5/a645c7a9b3a9790e679be085fca92fde,query,search_query_substring,,,Chaitanyo Ephemeris
a67b552cc26850d5e6d1401242ef54a8,a67b552cc26850d5e6d1401242ef54a8.pdf,Theories/a67b552cc26850d5e6d1401242ef54a8.pdf,Eleanor Haspel-Portner,https://annas-archive.org/md5/a67b552cc26850d5e6d1401242ef54a8,query,search_query_substring,,,Eleanor Haspel-Portner
a6857372287cd05026f7229b092e46ce,Bündnissolidarität und ihre friedensethischen Kontroversen : Fragen zur Gewalt • Band 4,,Eleanor Haspel-Portner|Human Design Health Haspel,https://annas-archive.org/md5/a6857372287cd05026f7229b092e46ce,work,work_overlap:0.67,auth_eleanor_haspel_portner,Human Design & Health: A Practitioner's Guide to the Basics,
a6ab29bdd333c75d0342139efa563304,Clean Eating Made Simple: A Healthy Cookbook with Delicious Whole-Food Recipes for Eating Clean,Clean Eating Made Simple: A Healthy Cookbook with Delicious Whole-Food Recipes for Eating Clean.pdf,Human Design Made Simple Dunwoody,https://annas-archive.org/md5/a6ab29bdd333c75d0342139efa563304,query,search_query_substring,,,Human Design Made Simple Dunwoody
a6bd6fabdf4b650aa2eb310f600e06da,Algorithms and Methods in Structural Bioinformatics (Computational Biology),,Eleanor Haspel-Portner|Human Design Health Haspel,https://annas-archive.org/md5/a6bd6fabdf4b650aa2eb310f600e06da,work,work_overlap:0.67,auth_eleanor_haspel_portner,Human Design & Health: A Practitioner's Guide to the Basics,
a6be4bf678d0e87a9d1aa8b421758280,Human rights and moral cosmopolitanism,Human rights and moral cosmopolitanism.pdf,Erin Claire Jones Human Design,https://annas-archive.org/md5/a6be4bf678d0e87a9d1aa8b421758280,query,search_query_substring,,,Erin Claire Jones Human Design
a6c1def9422bf616c754f3753e98d2f9,Human Cell Culture Protocols,,Erin Claire Jones Human Design,https://annas-archive.org/md5/a6c1def9422bf616c754f3753e98d2f9,query,search_query_substring,,,Erin Claire Jones Human Design
a6cfe81a6b3b46e91737d7a7580d7179,Understanding the Centers in Human Design: The Facilitator's Guide to Transforming Pain into Possibility,,Beyond Human Design|Chetan Parkyn Human Design|Chiron Ephemeris Human Design|Daitche Human Design|Emma Dunwoody Human Design|Jenna Zoe Human Design|Karen Curry Human Design|Karen Curry Parker Understanding Human Design: The New Science of Astrology|Quantum Human Design|Richard Rudd Human Design|Richard Rudd Human Design: The Revelation|Robin Winn Human Design|Robin Winn Understanding Your Clients Through Human Design|Robin Winn Understanding the Centers in Human Design|Steve Rhodes Human Design|Understanding Centers Human Design|Understanding Clients Human Design|Understanding Human Design|Zen Human Design Ephemeris|Zeno Dickson Human Design,https://annas-archive.org/md5/a6cfe81a6b3b46e91737d7a7580d7179,work,work_overlap:1.00,auth_karen_curry_parker,Understanding Human Design: The New Science of Astrology,
a7647ca4c27a496923701bb604387852,Non-Linear Structures,"computersk. i. majid (auth.)butterworth & co publishers ltd, illustrated edition, us, 1972majid k.i. nonlinear structures.. matrix methods of analysis and design",Triple Design Matrix DreamRave,https://annas-archive.org/md5/a7647ca4c27a496923701bb604387852,query,search_query_substring,,,Triple Design Matrix DreamRave
a76790c69a31fef22710554b7e94f3bd,lgrsnf/K:\_add\!woodhead\!woodhead1\Ebook,Misc\Science\Physics,Karen Curry Parker The Encyclopedia of Quantum Human Design,https://annas-archive.org/md5/a76790c69a31fef22710554b7e94f3bd,work,work_overlap:1.00,auth_karen_curry_parker,The Encyclopedia of Quantum Human Design,
a773de09175aa9f2ce8ced1bc92946dc,101 Internet Businesses You Can Start from Home: How to Choose and Build Your Own Successful e-Business (Fourth Edition),312 p.  In a newly revised fourth edition,How Do You Choose Human Design,https://annas-archive.org/md5/a773de09175aa9f2ce8ced1bc92946dc,query,search_query_substring,,,How Do You Choose Human Design
a7e84d6a113cc11a6aeebdeb10bc79ba,ПРОСПЕРИТЕТ,Ръководство за последователността на активиране 3 от 4/a7e84d6a113cc11a6aeebdeb10bc79ba.pdf,Gene Keys Richard Rudd|Richard Rudd The Gene Keys: Embracing Your Higher Purpose,https://annas-archive.org/md5/a7e84d6a113cc11a6aeebdeb10bc79ba,work,work_overlap:1.00,auth_richard_rudd,The Gene Keys: Embracing Your Higher Purpose,
a810f51f82bb1f43fe937ba30792a0ba,Anglicy. Przewodnik podglądacza,,Richard Rudd,https://annas-archive.org/md5/a810f51f82bb1f43fe937ba30792a0ba,work,work_overlap:0.67,auth_richard_rudd,Human Design: The Revelation,
a8247e2773efb10b323980289ab65877,Sämtliche Gedichte. Mit einem Nachwort von Uljana Wolf,Sämtliche Gedichte: Mit einem Nachwort von Uljana Wolf,Uljana Daitche,https://annas-archive.org/md5/a8247e2773efb10b323980289ab65877,work,work_overlap:0.67,auth_uljana_daitche,Human Design - Beziehungen,
a828ffef67d193b7ccaf656e8c238e44,newsarch_ebooks_2025_10,"ai, the common theme of ai systems is the human factor. humans play an essential role in designing, developing, and operationalizing ai systems. we have a remit to ensure those systems run transparently, perform equitably, value our privacy, and effectively fulfill human needs. this book takes an interdisciplinary approach to contribute to the ongoing development of human–ai interaction with a particular focus on the “human” dimension and provides insights to improve the design of ai that could be genuinely beneficial and effectively used in society. the readers of this book will benefit",How Do You Choose Human Design,https://annas-archive.org/md5/a828ffef67d193b7ccaf656e8c238e44,query,search_query_substring,,,How Do You Choose Human Design
a879556f214aff712eae1c53963ccefc,Doing Design Ethnography,,Peter Schoeber Das Human Design System – Die Zentren,https://annas-archive.org/md5/a879556f214aff712eae1c53963ccefc,work,work_overlap:1.00,auth_peter_schoeber,Das Human Design System – Die Zentren,
a8920ee4ff8589ccefe7447a83745005,PRIMARY HEALTH SYSTEM,PRIMARY HEALTH SYSTEM - Determination and Healing,Human Design Health Haspel|Human Design System Ra|Peter Schoeber Das Human Design System – Die Zentren|Prophecy Ra Uru Hu Rhodes|Ra Uru Hu|Ra Uru Hu Generator Book|Ra Uru Hu Line Resonance|Ra Uru Hu Rave BodyGraph Circuitry|Ra Uru Hu Rave I'Ching Line Companion|Ra Uru Hu The Complete Rave I'Ching|Ra Uru Hu The Nine Centres and their Gates|Ra Uru Hu The Rave I'Ching,https://annas-archive.org/md5/a8920ee4ff8589ccefe7447a83745005,work,work_overlap:1.00,auth_ra_uru_hu,The Rave I'Ching,
a8de9234b7ae53eccb62cb78d12b5ffd,"Das System der römischen Wehren, in Anwendung auf die Örtlichkeit, wo jetzt Darmstadt liegt und das alte Neckargebiet in der Bergstraße",,Peter Schoeber Das Human Design System – Die Zentren,https://annas-archive.org/md5/a8de9234b7ae53eccb62cb78d12b5ffd,work,work_overlap:1.00,auth_peter_schoeber,Das Human Design System – Die Zentren,
a8fae5a143e0193c8bf0fc4615dcac91,"The courage to be disliked : the Japanese phenomenon that shows you how to free yourself, change your life and achieve real happiness",The Courage to be Disliked,Jenna Zoë Human Design: The Revolutionary System That Shows You Who You Came Here to Be,https://annas-archive.org/md5/a8fae5a143e0193c8bf0fc4615dcac91,work,work_overlap:1.00,auth_jenna_zoe,Human Design: The Revolutionary System That Shows You Who You Came Here to Be,
a918c36ad356c1c09e383844691f7aac,How to Speed Read in 10 Simple Steps The Ultimate Guide for Transforming You into a Speed-Reading Machine,Let’s Get Started 13,Steve Rhodes Human Design: How to Read a Graph,https://annas-archive.org/md5/a918c36ad356c1c09e383844691f7aac,work,work_overlap:1.00,auth_steve_rhodes,Human Design: How to Read a Graph,
a91e1f4c45a051153a4a9d74b2250afa,TASI lectures in cosmology (astro-ph 0401547),,Rave Cosmology,https://annas-archive.org/md5/a91e1f4c45a051153a4a9d74b2250afa,query,search_query_substring,,,Rave Cosmology
a92e8ca74a84f0f55efcbae9c4e12314,Bibliotheca Alexandrina [UPDATED FEB 2023],Constantine of Rhodes,Bhan Tugh Rhodes,https://annas-archive.org/md5/a92e8ca74a84f0f55efcbae9c4e12314,work,work_overlap:0.75,auth_steve_rhodes,Bhan Tugh,
a93a2b29aa4cb9f9b020dfdc400e99d3,"Mathematik für Ingenieure mit Maple Bd. 1. Differential- und Integralrechnung für Funktionen einer Variablen, Vektor- und Matrizenrechnung, komplexe Zahlen, Funktionenreihen : mit 270 durchgerechnet",,Daitche Variablen,https://annas-archive.org/md5/a93a2b29aa4cb9f9b020dfdc400e99d3,query,search_query_substring,,,Daitche Variablen
a946a897b8acd4931615a2efa525406d,Number theory revealed: a masterclass,"gauss’s disquisitiones arithmeticae(1801), though we also include many modern developments. we have goneback to gauss to borrow several excellent examples to highlight the theory.why study number theory? questions arise when studying any subject, sometimesfascinating questions that may be difficult to answer precisely. number theoryis the study of the most basic properties of the integers, literally taking integersapart to see how they are built, and there we find an internal beauty and coherencethat encourages many of us to seek to understand more. facts are often revealed bycalculations, and then researchers seek proofs. sometimes the proofs themselves,even more than the theorems they prove, have an elegance that is beguiling andreveal that there is so much more to understand. with good reason, gauss callednumber theory the “queen of mathematics”, ever mysterious, but nonetheless graciouslysharing with those that find themselves interested. in this first course thereis much that is accessible, while at the same time natural, easily framed, questionsarise which remain open, stumping the brightest minds.read more…english [en] · pdf · 4.9mb · 2019 · 📘 book (non-fiction) · 🚀/lgli/lgrs/nexusstc/zlib    ·save·180·1base score: 11065.0, final score: 17.804094",Human Design Revealed Dickson,https://annas-archive.org/md5/a946a897b8acd4931615a2efa525406d,query,search_query_substring,,,Human Design Revealed Dickson
a97581a7f63db3cf938e0c7f9d98cd0e,Isoperformance: Analysis and Design of Complex Systems with Desired Outcomes,,Erin Claire Jones Human Design,https://annas-archive.org/md5/a97581a7f63db3cf938e0c7f9d98cd0e,query,search_query_substring,,,Erin Claire Jones Human Design
a9aa2d9e63aad3024d193944e494b90f,Degruyter Imprints v2 [09-06-23],,Chaitanyo Ephemeris,https://annas-archive.org/md5/a9aa2d9e63aad3024d193944e494b90f,query,search_query_substring,,,Chaitanyo Ephemeris
a9ce6cc7687adb04fc3cca415a2c87fc,The Routledge Handbook of Discourse Processes: Second Edition (Routledge Handbooks in Linguistics),Schober,Peter Schöber,https://annas-archive.org/md5/a9ce6cc7687adb04fc3cca415a2c87fc,query,search_query_substring,,,Peter Schöber
aa07ed5f6c75877711b2ea3370ebf514,Das große Buch der Musterbriefe: Für die erfolgreiche geschäftliche und private Korrespondenz,,Uljana Daitche Die 384 Linien der 64 Tore: das große Human Design Handbuch,https://annas-archive.org/md5/aa07ed5f6c75877711b2ea3370ebf514,work,work_overlap:1.00,auth_uljana_daitche,Die 384 Linien der 64 Tore: das große Human Design Handbuch,
aa3ad5750964bed5a1ef1d7bd1f7a9ad,Human Rights in the United Kingdom Supreme Court,"the current justices and their predecessors, both judicially and extra-judicially. it criticizes the judges for not developing the common law in a way which supplements the human rights act, for not making imaginative enough use of that act, and for adopting an attitude to convention rights which is often out of step with the jurisprudence of the european court of human rights in strasbourg.",Zeno Dickson Human Design,https://annas-archive.org/md5/aa3ad5750964bed5a1ef1d7bd1f7a9ad,query,search_query_substring,,,Zeno Dickson Human Design
aa90e3d81af4b09c8615954c9684d0b3,aa90e3d81af4b09c8615954c9684d0b3.pdf,,Peter Schoeber Das Human Design System – Die Zentren,https://annas-archive.org/md5/aa90e3d81af4b09c8615954c9684d0b3,work,work_overlap:1.00,auth_peter_schoeber,Das Human Design System – Die Zentren,
aa9bb92c73796bb3f18f1ae0662cff49,Gamification_by_Design.pdf,"design : implementing game mechanics in web and mobile appscunningham, christopher;zichermann, gabeo'reilly media, incorporated, 1st. ed., sebastopol, calif, california, 2011what do foursquare, zynga, nike+, and groupon have in common? these and many other brands use gamification to deliver a sticky, viral, and engaging experience to their customers. this book provides the design strategy and tactics you need to integrate game mechanics into any kind of consumer-facing website or mobile app. you'll learn how to use core game concepts, design patterns, and meaningful code samples to a fun and captivating social environment.whether you're an executive, developer, producer, or product specialist, gamification",Understanding Clients Human Design,https://annas-archive.org/md5/aa9bb92c73796bb3f18f1ae0662cff49,query,search_query_substring,,,Understanding Clients Human Design
aa9ec7601e0b2d46d14e6a9731d21a2c,3D Printers: Everything That You Need To Know,"means of your credit card to the account of shop then it will be possible safely... print a product. and at desire you will be able even to load the 3d model of a table into the computer, having made it unique. than not the real hand-made?all this can seem you a fantasy. then prepare. all this already functions. it is reality which is used for a solution of a narrow range of tasks so far. but mass implementation of technology in everyday life already not far off.read more…english [en] · pdf · 0.4mb · 📘 book (non-fiction) · 🚀/lgli/lgrs/nexusstc/zlib    ·save·20·1base score: 11053.0, final score: 44.88684",Jenna Zoë Human Design: The Revolutionary System That Shows You Who You Came Here to Be,https://annas-archive.org/md5/aa9ec7601e0b2d46d14e6a9731d21a2c,work,work_overlap:1.00,auth_jenna_zoe,Human Design: The Revolutionary System That Shows You Who You Came Here to Be,
aaa786f39ac1064f2365190b0eee69ef,System Design Interview: Mastering Basic Introduction to System Analysis and Design,System Design Interview: Mastering Basic Introduction to System Analysis and Design,Human Design Revolutionary System|Human Design System Centres Schoeber|Human Design System Ra,https://annas-archive.org/md5/aaa786f39ac1064f2365190b0eee69ef,work,work_overlap:0.67,auth_peter_schoeber,Human Design System – The Centres,
aaade514b6244429d0b073c6991f285e,Destinies: Canadian History Since Confederation,,Book of Destinies Parkyn,https://annas-archive.org/md5/aaade514b6244429d0b073c6991f285e,query,search_query_substring,,,Book of Destinies Parkyn
aac2ec719c217e1cc73c673e51582993,Decorating Made Simple,,Human Design Made Simple Dunwoody,https://annas-archive.org/md5/aac2ec719c217e1cc73c673e51582993,query,search_query_substring,,,Human Design Made Simple Dunwoody
aac9687fa1ef54bb2296416a7122d6dc,Daytime Pick Up Revealed,,Human Design Revealed Dickson,https://annas-archive.org/md5/aac9687fa1ef54bb2296416a7122d6dc,query,search_query_substring,,,Human Design Revealed Dickson
aacf316b8f3eb50e0bae74d22db29f49,20th Century World History Course Companion: International Baccalaureate Diploma Programme (International Baccalaureate Course Companions),20th Century World History,Gene Keys Richard Rudd,https://annas-archive.org/md5/aacf316b8f3eb50e0bae74d22db29f49,work,work_overlap:0.67,auth_richard_rudd,Human Design: The Revelation,
aaf13854c120e64a1b9f9cb3e558fa6c,Easy Yoga: Your Ultimate Beginners Guide to Understanding Yoga and Leading a Disease-Free Life through Routine Yoga Practice,,Robin Winn Understanding Your Clients Through Human Design,https://annas-archive.org/md5/aaf13854c120e64a1b9f9cb3e558fa6c,work,work_overlap:1.00,auth_robin_winn,Understanding Your Clients Through Human Design,
ab3861b0f771f47bfb544a68b3661b05,Breakfast Dishes for the European Expat: European Breakfasts for When You're Feeling Homesick,Breakfast Dishes for the European Expat: European Breakfasts for When You're Feeling Homesick,Jenna Zoë,https://annas-archive.org/md5/ab3861b0f771f47bfb544a68b3661b05,author,surname:Jenna,auth_jenna_zoe,,
ab70680a26594239213c0c8e9ea6b31c,Delhi: Urban Space and Human Destinies,"véronique dupont, emma tarlo, denis vidalcentre de sciences humaines manohar, 1. publ, new delhi, new delhi, 2000beyond its monuments, bureaucracy and pollution, there lies a delhi which is at once more complex, intriguing and, at times, disturbing. this book is not a history of the capital, but rather an attempt to trace the ever-changing relationships between people, power and place in contemporary urban life. it reveals a city shaped as much",Book of Destinies Parkyn,https://annas-archive.org/md5/ab70680a26594239213c0c8e9ea6b31c,query,search_query_substring,,,Book of Destinies Parkyn
ab9a01fd982bd4e9dccd7991de81bb29,"Ergonomics and Nudging for Health, Safety and Happiness: Results of SIE 2022","highlighting the latest theories and models, as well as cutting-edge technologies and applications, and",Science of Differentiation Human Design,https://annas-archive.org/md5/ab9a01fd982bd4e9dccd7991de81bb29,query,search_query_substring,,,Science of Differentiation Human Design
abaa90632f2354f1a15cb0b74d80a458,Semantics,Semantics - Typology,Eleanor Haspel-Portner,https://annas-archive.org/md5/abaa90632f2354f1a15cb0b74d80a458,query,search_query_substring,,,Eleanor Haspel-Portner
abfb2477d401d0e6e83211f90f56bdf4,The Lean Innovation Cycle: A Multi-Disciplinary Framework for Designing Value with Lean and Human-Centered Design,introducing a new multidisciplinary framework for both thinking about and pursing innovation.,64keys Human Design,https://annas-archive.org/md5/abfb2477d401d0e6e83211f90f56bdf4,query,search_query_substring,,,64keys Human Design
ac072496eb31558d0b6cfffdfd828a41,The Watch Tower Society and the End of the Cold War,,Jenna Zoë,https://annas-archive.org/md5/ac072496eb31558d0b6cfffdfd828a41,author,surname:Jenna,auth_jenna_zoe,,
ac19a67d98f248cf40820da1b09226bc,"Spider Web, Labyrinth, Tightrope Walk: Networks in US American Literature and Culture","demonstrating how us american literature and culture have been key sites for thinking in and about networks in the past two centuries.read more…english [en] · pdf · 2.7mb · 2023 · 📘 book (non-fiction) · nexusstc    ·save·10base score: 10960.0, final score: 17.109718",Peter Schöber,https://annas-archive.org/md5/ac19a67d98f248cf40820da1b09226bc,query,search_query_substring,,,Peter Schöber
ac38f2ca8765dda43f697d87ac559905,"Wildness And Wellbeing: Nature, Neuroscience, And Urban Design",,Jenna Zoe Human Design,https://annas-archive.org/md5/ac38f2ca8765dda43f697d87ac559905,query,search_query_substring,,,Jenna Zoe Human Design
ac5f206ce51e3db7c20bbc5125e53daa,Zoé et Théo veulent un chien,Zoé et Théo veulent un chien,Jenna Zoë,https://annas-archive.org/md5/ac5f206ce51e3db7c20bbc5125e53daa,author,surname:Jenna,auth_jenna_zoe,,
ac69c514fe75a544020ff3c55254f5df,6. Middle Ages Series,The Soldier Experience in the Fourteenth Century,Karen Curry Parker,https://annas-archive.org/md5/ac69c514fe75a544020ff3c55254f5df,work,work_overlap:0.75,auth_karen_curry_parker,Abundance by Design,
ac86b3ed7f6b385f35635603065ee5bd,"The Design Collection Revealed: Adobe InDesign, Photoshop and Illustrator CS6",,Human Design Revealed Dickson,https://annas-archive.org/md5/ac86b3ed7f6b385f35635603065ee5bd,query,search_query_substring,,,Human Design Revealed Dickson
acbadc51d95f75f5adc1feadf6c00a98,What Can You Do with a Major in Biology : Real people. Real jobs. Real rewards. (What Can You Do with a Major in...),,How Do You Choose Human Design,https://annas-archive.org/md5/acbadc51d95f75f5adc1feadf6c00a98,query,search_query_substring,,,How Do You Choose Human Design
acd259d16269319c4fe39f2fe444f5d6,Who Do We Choose To Be?,Who Do We Choose To Be?,How Do You Choose Human Design,https://annas-archive.org/md5/acd259d16269319c4fe39f2fe444f5d6,query,search_query_substring,,,How Do You Choose Human Design
acf95ec317123140e55bed49673f1265,"Mandala Cosmogony: Human Body, Good Thought and the Revelation of the Secret Mother Tantras of Bon",,Richard Rudd Human Design: The Revelation,https://annas-archive.org/md5/acf95ec317123140e55bed49673f1265,work,work_overlap:1.00,auth_richard_rudd,Human Design: The Revelation,
ad0cdf6dccd2e2d8e61c25ae06cdeb85,Die Geschichte von Uljana_29865981.mobi,,Uljana Daitche,https://annas-archive.org/md5/ad0cdf6dccd2e2d8e61c25ae06cdeb85,work,work_overlap:0.67,auth_uljana_daitche,Human Design - Beziehungen,
ad2531f1d746bd24ecf5f52be3ad32e8,The Actually Useful Programming Library,Johnson - Kaufmann,Robin Winn Understanding the Centers in Human Design,https://annas-archive.org/md5/ad2531f1d746bd24ecf5f52be3ad32e8,work,work_overlap:1.00,auth_robin_winn,Understanding the Centers in Human Design,
adba394b83256533bcc5cdd9babd3ae5,Call Centres and Human Resource Management : A Cross-National Perspective,"the effects that this type of work has on employees and their responses to it. it also looks at implications for employers and policy makers.read more…english [en] · pdf · 1.7mb · 2004 · 📘 book (non-fiction) · 🚀/lgli/lgrs/nexusstc/zlib    ·save·2·1base score: 11065.0, final score: 23.042988",Understanding Centers Human Design,https://annas-archive.org/md5/adba394b83256533bcc5cdd9babd3ae5,query,search_query_substring,,,Understanding Centers Human Design
ade11161cf25950bfeeb551a39585c0e,Attract visitors to your site : the mini missing manual,,Living Your Design Student Manual,https://annas-archive.org/md5/ade11161cf25950bfeeb551a39585c0e,work,work_overlap:1.00,auth_lynda_bunnell,Living Your Design Student Manual,
adf52908c963e727d4568990db5798db,Children in the Films of Steven Spielberg,,Peter Schöber,https://annas-archive.org/md5/adf52908c963e727d4568990db5798db,query,search_query_substring,,,Peter Schöber
ae1c7068bd5cb29e2db926af99f00f1e,Das menschliche Gehirn für Dummies (German Edition),Das menschliche Gehirn für Dummies,Peter Schoeber Das Human Design System – Die Zentren,https://annas-archive.org/md5/ae1c7068bd5cb29e2db926af99f00f1e,work,work_overlap:1.00,auth_peter_schoeber,Das Human Design System – Die Zentren,
ae1eef0888e7987fbe95d21e49dd6239,Add Audio And Video To Your Site The Mini Missing Manual Oreilly Media 2010,,Living Your Design Student Manual|Lynda Bunnell Living Your Design Student Manual,https://annas-archive.org/md5/ae1eef0888e7987fbe95d21e49dd6239,work,work_overlap:1.00,auth_lynda_bunnell,Living Your Design Student Manual,
ae32ac9d823b163daca5918c100b1df1,"Mazda 626, MX-6. Body electrical troubleshooting manual.",,LYD manual IHDS,https://annas-archive.org/md5/ae32ac9d823b163daca5918c100b1df1,query,search_query_substring,,,LYD manual IHDS
ae4136c053f3ac0fd029bfad098c4b5a,Sustaining U.S. Nuclear Submarine Design Capabilities,,Karen Curry Human Design|Karen Curry Parker The Encyclopedia of Quantum Human Design,https://annas-archive.org/md5/ae4136c053f3ac0fd029bfad098c4b5a,work,work_overlap:1.00,auth_karen_curry_parker,The Encyclopedia of Quantum Human Design,
ae4c5e787ace3914282d9f2fc3633fe5,"Composite materials handbook. Volume 3, Polymer matrix composites : materials usage, design, and analysis",Polymer Matrix Composites - Materials Usage,Triple Design Matrix DreamRave,https://annas-archive.org/md5/ae4c5e787ace3914282d9f2fc3633fe5,query,search_query_substring,,,Triple Design Matrix DreamRave
ae77f44331e1a26ea24f114b96d8bec5,Artificial Extracellular Matrices Containing Bioactive Glass Nanoparticles Promote Osteogenic Differentiation in Human Mesenchymal Stem Cells,,Science of Differentiation Human Design,https://annas-archive.org/md5/ae77f44331e1a26ea24f114b96d8bec5,query,search_query_substring,,,Science of Differentiation Human Design
aeb19b75ef950507108381e1ceae33f1,BELL TELEPHONE LABOR ECONOMICS,BELL TELEPHONE LABOR ECONOMICS.pdf,Karen Curry Parker,https://annas-archive.org/md5/aeb19b75ef950507108381e1ceae33f1,work,work_overlap:0.75,auth_karen_curry_parker,Abundance by Design,
aee9901f7a3b1751a244a41130eb7b04,Quantum Human Design Basics,Quantum Human Design Basics,Beyond Human Design|Chiron Ephemeris Human Design|Daitche Human Design|Emma Dunwoody Human Design|Karen Curry Parker The Encyclopedia of Quantum Human Design|Quantum Human Design|Robin Winn Human Design|Understanding Human Design|Zen Human Design Ephemeris|Zeno Dickson Human Design,https://annas-archive.org/md5/aee9901f7a3b1751a244a41130eb7b04,work,work_overlap:1.00,auth_karen_curry_parker,The Encyclopedia of Quantum Human Design,
aeee6e58ac1c3c544b11127c77a8b770,1586832948_Facilities.pdf,"a practicing school superintendent, this book includes checklists, forms, and timelines to guide you in your library planning journey. use this book to become the leader on your facilities planning team today!read more…english [en] · pdf · 1.5mb · 2007 · 📘 book (non-fiction) · 🚀/lgli/lgrs/nexusstc/upload/zlib    ·save·5·2base score: 11065.0, final score: 23.177584",Understanding Centers Human Design,https://annas-archive.org/md5/aeee6e58ac1c3c544b11127c77a8b770,query,search_query_substring,,,Understanding Centers Human Design
af0dc1087d0cdfcea46707bf05024686,"Adipose-Derived Stem Cells: Methods and Protocols, 2nd Edition",,Lynda Bunnell,https://annas-archive.org/md5/af0dc1087d0cdfcea46707bf05024686,query,search_query_substring,,,Lynda Bunnell
af2157bb90d17fd9c41429c1941cdf85,"Design, User Experience, and Usability: 12th International Conference, DUXU 2023, Held as Part of the 25th HCI International Conference, HCII 2023, Copenhagen, Denmark, July 23–28, 2023, Proceedings,",,"64keys Human Design|Lynda Bunnell Human Design: The Definitive Book of Human Design, The Science of Differentiation|Science of Differentiation Human Design",https://annas-archive.org/md5/af2157bb90d17fd9c41429c1941cdf85,work,work_overlap:1.00,auth_lynda_bunnell,"Human Design: The Definitive Book of Human Design, The Science of Differentiation",
af39e17c0f8369353e6e8dedbc77b1cb,"Analecta Husserliana, Life Differentiation and Harmony . . . Vegetal, Animal, Human",an excess which might turn out to be dangerous for nature itself if it goes too far - or is culture a 'natural',Science of Differentiation Human Design,https://annas-archive.org/md5/af39e17c0f8369353e6e8dedbc77b1cb,query,search_query_substring,,,Science of Differentiation Human Design
af3b362738bad5ac419159864540bd7b,Artificial Intelligence,Kazuo Tanaka,Triple Design Matrix DreamRave,https://annas-archive.org/md5/af3b362738bad5ac419159864540bd7b,query,search_query_substring,,,Triple Design Matrix DreamRave
af3d552182e20817683f7e620710e198,af3d552182e20817683f7e620710e198.pdf,,Lynda Bunnell Living Your Design Student Manual,https://annas-archive.org/md5/af3d552182e20817683f7e620710e198,work,work_overlap:1.00,auth_lynda_bunnell,Living Your Design Student Manual,
af3e3ff87e557451f6562e72a9670a98,System 80+ Standard [nucl. powerplnt] Design,Vol 07,Human Design Revolutionary System,https://annas-archive.org/md5/af3e3ff87e557451f6562e72a9670a98,query,search_query_substring,,,Human Design Revolutionary System
af457aed081f9acac7e424fdafac87a6,An Introduction to Microcomputers: Some Real Microprocessors,Super Secret Uploadie Person,Lynda Bunnell,https://annas-archive.org/md5/af457aed081f9acac7e424fdafac87a6,query,search_query_substring,,,Lynda Bunnell
af5f19a8b66921b3199b9ef2aceeb0cd,U2 touch the flame : an illustrated documentary_119112841.pdf,,Chetan Parkyn,https://annas-archive.org/md5/af5f19a8b66921b3199b9ef2aceeb0cd,query,search_query_substring,,,Chetan Parkyn
af7c34b91b1454e2b66772610b426e93,Human-Automation Interaction Design: Developing a Vehicle Automation Assistant (Transportation Human Factors),"providing insight into communicative concepts, the transfer of control in human-teams, and how these concepts can be applied in automated vehicles. the theoretical framework is built on",Beyond Human Design|Chetan Parkyn Human Design|Chiron Ephemeris Human Design|Daitche Human Design|Emma Dunwoody Human Design|Jenna Zoe Human Design|Quantum Human Design|Richard Rudd Human Design|Robin Winn Human Design|Steve Rhodes Human Design|Understanding Human Design|Zen Human Design Ephemeris|Zeno Dickson Human Design,https://annas-archive.org/md5/af7c34b91b1454e2b66772610b426e93,work,work_overlap:0.75,auth_robin_winn,Understanding the Centers in Human Design,
af94cdde9de44e055df99e7010aa7957,"上海科技教育出版社, 2013",,Rave Cosmology,https://annas-archive.org/md5/af94cdde9de44e055df99e7010aa7957,query,search_query_substring,,,Rave Cosmology
afb53e0c16fb0b44de07b5696377f815,"Human Language Technologies for Under-Resourced African Languages: Design, Challenges, and Prospects (SpringerBriefs in Speech Technology)","infrastructure issues have vanished. in order to address issues that are unique to african tonal languages, the book uses ibibio as a model. the text reviews the language's speech characteristics, required for building the front end components of the design and propose a finite state transducer (fst), useful for modelling the language’s tonetactics. the statistical parametric approach discussed in the text, implements the hidden markov model (hmm) technique, with the goal of creating a generic structure that learns the model from the text itself, and uses the data-driven approach to input specification.read more…english [en] · pdf · 20.9mb · 2018 · 📘 book (non-fiction) · 🚀/lgli/lgrs/nexusstc/zlib    ·save·4·1base score: 11065.0, final score: 1.6742531",Understanding Human Design,https://annas-archive.org/md5/afb53e0c16fb0b44de07b5696377f815,query,search_query_substring,,,Understanding Human Design
afdbbe84ff965bbdbf097db3cd24c243,"How To Say It (R) Business Writing That Works: The Simple, 10-Step Target Outline System to Help you Reach Your Bottom Line",Determine the proper audience - Choose the most effective words to convey the bottom line - Craft polished,Jenna Zoë Human Design: The Revolutionary System That Shows You Who You Came Here to Be,https://annas-archive.org/md5/afdbbe84ff965bbdbf097db3cd24c243,work,work_overlap:1.00,auth_jenna_zoe,Human Design: The Revolutionary System That Shows You Who You Came Here to Be,
afdcdbc18c04bdcec91e6a536958fa03,The Quantum Theory of Atoms in Molecules: From Solid State to DNA and Drug Design,combination of the qtamc and dft,Karen Curry Parker The Encyclopedia of Quantum Human Design,https://annas-archive.org/md5/afdcdbc18c04bdcec91e6a536958fa03,work,work_overlap:1.00,auth_karen_curry_parker,The Encyclopedia of Quantum Human Design,
b02733dfc6d2112e6dca9dcfdab9efc1,The American Ephemeris 1951-1960_122507299.pdf,,Chaitanyo Ephemeris,https://annas-archive.org/md5/b02733dfc6d2112e6dca9dcfdab9efc1,work,work_overlap:0.60,auth_chaitanyo,Zen Human Design Ephemeris 1951-1975,
b06260ee5ba5d19141cae71afcd6bb7b,Engineering Technology,,Jovian Archive,https://annas-archive.org/md5/b06260ee5ba5d19141cae71afcd6bb7b,query,search_query_substring,,,Jovian Archive
b089e28f098936ce23a3498a1234c1fe,"How To Analyze People 13 Laws About the Manipulation of the Human Mind, 7: Strategies to Quickly Figure Out Body Language, Dive into Dark Psychology and Persuasion for Making People Do What You Want",How To Analyze People 13 Laws About the Manipulation of the Human Mind,How Do You Choose Human Design,https://annas-archive.org/md5/b089e28f098936ce23a3498a1234c1fe,query,search_query_substring,,,How Do You Choose Human Design
b09035c7575c42cc93c2944abff3c212,PBooks Collection 2023,,Jovian Archive,https://annas-archive.org/md5/b09035c7575c42cc93c2944abff3c212,query,search_query_substring,,,Jovian Archive
b090ec783db3775ac01593ea1f49c9b6,REKONSTRUKSI TEORI SISTEM ARGUMEN KOSMO-TELEOLOGI DAN KRITIK SISTEMIK ATAS ATEISME_29059007.pdf,,Rave Cosmology,https://annas-archive.org/md5/b090ec783db3775ac01593ea1f49c9b6,query,search_query_substring,,,Rave Cosmology
b09474386f5d7053de170e97e75bd4a1,How to Pass Human Biology for CFE,How to Pass Human Biology for CFE,Zeno Dickson Human Design,https://annas-archive.org/md5/b09474386f5d7053de170e97e75bd4a1,query,search_query_substring,,,Zeno Dickson Human Design
b0c7e43c71d9e94a43392a2a34f9e514,Be Complete (Colossians): Become the Whole Person God Intends You to Be (The BE Series Commentary),"many scholars the “most profound letter paul ever wrote,” colossians warrants a careful, faithful study. in this short but exciting letter, paul makes the case for the supremacy of christ in all things. best-selling author and bible teacher dr. warren w. wiersbe calls your attention to paul’s essential thoughts on living a complete life—with christ alone—in this easy-to-use commentary on colossians.read more…english [en] · pdf · 1.3mb · 2010 · 📘 book (non-fiction) · 🚀/lgli/nexusstc/zlib    ·save·49·1base score: 11068.0, final score: 45.91814",Chetan Parkyn Human Design: Discover the Person You Were Born to Be,https://annas-archive.org/md5/b0c7e43c71d9e94a43392a2a34f9e514,work,work_overlap:1.00,auth_chetan_parkyn,Human Design: Discover the Person You Were Born to Be,
b0eab6cb2850de741dec04f2eef97a7c,"Integral Recovery: A Case Study of an Aqal (All-Quadrants, All-Levels, All-Lines, All-States, All-Types). Approach to Addiction Treatment",,Book of Lines Parkyn,https://annas-archive.org/md5/b0eab6cb2850de741dec04f2eef97a7c,query,search_query_substring,,,Book of Lines Parkyn
b0f1d2408cd4e6409f4a650a87455e0e,Indesign Cs5: Basic (Student Manual),,Living Your Design Student Manual|Lynda Bunnell Living Your Design Student Manual,https://annas-archive.org/md5/b0f1d2408cd4e6409f4a650a87455e0e,work,work_overlap:1.00,auth_lynda_bunnell,Living Your Design Student Manual,
b0f70cd4a0860bdcd0e058a2a7bd30c6,Graphics For Urban Design,,Book of Destinies Parkyn|Book of Lines Parkyn|Chetan Parkyn|Chetan Parkyn Human Design,https://annas-archive.org/md5/b0f70cd4a0860bdcd0e058a2a7bd30c6,query,search_query_substring,,,Chetan Parkyn Human Design
b0f7e2dd98f19eb462895b336dc2f51f,Semantics: An International Handbook of Natural Language Meaning: Volume 2,,Eleanor Haspel-Portner,https://annas-archive.org/md5/b0f7e2dd98f19eb462895b336dc2f51f,query,search_query_substring,,,Eleanor Haspel-Portner
b146a2386e06084fb7e6a69dee533676,newsarch_ebooks_2025_10,"the military, they are now ubiquitous in our everyday lives. our phones are now smart enough to pinpoint our presence to within a few feetand nosy enough to share that information with governments and corporations. filled with tales of scientists and astronauts, inventors and entrepreneurs, __you are here__ tells the story of how humankind ingeniously solved one of its oldest and toughest problemsonly to herald a new era in which it’s impossible to hide.read more…english [en] · pdf · 4.1mb · 2014 · 📘 book (non-fiction) · 🚀/lgli/lgrs/nexusstc/upload/zlib    ·save·29·1base score: 11065.0, final score: 45.991688",Jenna Zoë Human Design: The Revolutionary System That Shows You Who You Came Here to Be,https://annas-archive.org/md5/b146a2386e06084fb7e6a69dee533676,work,work_overlap:1.00,auth_jenna_zoe,Human Design: The Revolutionary System That Shows You Who You Came Here to Be,
b148a67e847fb57014a86dacd9d4328d,"Die Wahrheit über die Wunderwaffe, Teil 3: Geheime Waffentechnologie im Dritten Reich",,Uljana Daitche Variablen im Human Design: Teil 1 — Die Pfeile,https://annas-archive.org/md5/b148a67e847fb57014a86dacd9d4328d,work,work_overlap:1.00,auth_uljana_daitche,Variablen im Human Design: Teil 1 — Die Pfeile,
b167e53f72b0260036ee11a4832aff08,Towards Radical Regeneration : Design Modelling Symposium Berlin 2022,,Beyond Human Design|Chiron Ephemeris Human Design|Daitche Human Design|Emma Dunwoody Human Design|Quantum Human Design|Understanding Human Design|Zen Human Design Ephemeris|Zeno Dickson Human Design,https://annas-archive.org/md5/b167e53f72b0260036ee11a4832aff08,query,search_query_substring,,,Chiron Ephemeris Human Design
b1b652a82db0256772ffdd4099ce588c,Samt und Seide,Samt und Seide - Die Geschichte der Reizwäsche 1,Erin Claire Jones Human Design,https://annas-archive.org/md5/b1b652a82db0256772ffdd4099ce588c,query,search_query_substring,,,Erin Claire Jones Human Design
b1bea14629320c0c976563161b585185,extracted__Forensic_DNA_Analyses_Made_Simple_A_Guide_for_the_Curious.zip,,Human Design Made Simple Dunwoody,https://annas-archive.org/md5/b1bea14629320c0c976563161b585185,query,search_query_substring,,,Human Design Made Simple Dunwoody
b1dc3f9f8303d6ed92d14665d3162fa0,The Graphic Designer's Guide to Clients : How to Make Clients Happy and Do Great Work,,Understanding Clients Human Design,https://annas-archive.org/md5/b1dc3f9f8303d6ed92d14665d3162fa0,query,search_query_substring,,,Understanding Clients Human Design
b1dcf492c908d48480c921f7ebd10cce,"Cookbooks, Food & Wine",,Jenna Zoë,https://annas-archive.org/md5/b1dcf492c908d48480c921f7ebd10cce,author,surname:Jenna,auth_jenna_zoe,,
b1ea10c4398a475638113ee0146e025d,Seven sacred seals,Seven sacred seals.pdf,Gene Keys Richard Rudd|Richard Rudd,https://annas-archive.org/md5/b1ea10c4398a475638113ee0146e025d,work,work_overlap:0.67,auth_richard_rudd,Human Design: The Revelation,
b213ba7b1613cf58be11496fb3108338,0631215417_Formal.pdf,,Eleanor Haspel-Portner,https://annas-archive.org/md5/b213ba7b1613cf58be11496fb3108338,query,search_query_substring,,,Eleanor Haspel-Portner
b216cbb9195bc239e2d3b5d1e4b9908c,On Physical Lines of Force,,Book of Lines Parkyn,https://annas-archive.org/md5/b216cbb9195bc239e2d3b5d1e4b9908c,query,search_query_substring,,,Book of Lines Parkyn
b21e3dc5c94405bc7b3f102758ea770c,CMS made simple 1.6 : beginner's guide : create a fully functional and professional website using CMS made simple,,Human Design Made Simple Dunwoody,https://annas-archive.org/md5/b21e3dc5c94405bc7b3f102758ea770c,query,search_query_substring,,,Human Design Made Simple Dunwoody
b279be47970a174446e9bd724eda7029,b279be47970a174446e9bd724eda7029.pdf,,Jenna Zoë Human Design: The Revolutionary System That Shows You Who You Came Here to Be,https://annas-archive.org/md5/b279be47970a174446e9bd724eda7029,work,work_overlap:1.00,auth_jenna_zoe,Human Design: The Revolutionary System That Shows You Who You Came Here to Be,
b2bdcfd3aee56b9e4cc8bc3f005b280c,"How To Analyze People: 13 Laws About the Manipulation of the Human Mind, 7 Strategies to Quickly Figure Out Body Language, Dive into Dark Psychology and Persuasion for Making People Do What You Want",How To Analyze People: 13 Laws About the Manipulation of the Human Mind,How Do You Choose Human Design,https://annas-archive.org/md5/b2bdcfd3aee56b9e4cc8bc3f005b280c,query,search_query_substring,,,How Do You Choose Human Design
b2fd673165c78a16abb208f075543c02,Family Constellation and Past Lives,Family Constellation and Past Lives,Peter Schöber,https://annas-archive.org/md5/b2fd673165c78a16abb208f075543c02,query,search_query_substring,,,Peter Schöber
b3204bba6f42771e10a81602d976a106,Your Soul's Gift: The Healing Power of the Life You Planned Before You Were Born,Your Soul's Gift: The Healing Power of the Life You Planned Before You Were Born,Chetan Parkyn Human Design: Discover the Person You Were Born to Be|Chetan Parkyn The Book of Destinies: Discover the Life You Were Born to Live,https://annas-archive.org/md5/b3204bba6f42771e10a81602d976a106,work,work_overlap:1.00,auth_chetan_parkyn,Human Design: Discover the Person You Were Born to Be,
b33b3e043655080d6f47e80244c4ac46,Diverse DestiniesL Dutch Kolonies in Wisconsin and the East,"the sheboygan county historical research center in 2008read more…english [en] · pdf · 65.2mb · 2012 · 📘 book (non-fiction) · 🚀/lgli/lgrs    ·save·3base score: 11065.0, final score: 21.83376",Book of Destinies Parkyn,https://annas-archive.org/md5/b33b3e043655080d6f47e80244c4ac46,query,search_query_substring,,,Book of Destinies Parkyn
b33cfab73a9d23cf056d0b78439fc9df,newsarch_ebooks_2025_10,"foregrounding the overlaps between sculpture and the decorative, this volume of essays",Erin Claire Jones Human Design,https://annas-archive.org/md5/b33cfab73a9d23cf056d0b78439fc9df,query,search_query_substring,,,Erin Claire Jones Human Design
b34efe62a330230933fb8ba96b823405,A Designer's Research Manual Succeed in Design by Knowing Your Clients and What They Really Need,knowing your clients and what they really need/b34efe62a330230933fb8ba96b823405.pdfa designer&#039;s research manual  succeed in design,Living Your Design Bunnell|Living Your Design Student Manual|Lynda Bunnell Living Your Design Student Manual|Robin Winn Understanding Your Clients Through Human Design|Understanding Clients Human Design,https://annas-archive.org/md5/b34efe62a330230933fb8ba96b823405,work,work_overlap:1.00,auth_lynda_bunnell,Living Your Design Student Manual,
b38abe08f4f0049d694fde31cee6c7b8,Lunar & Planetary Color Analysis,Lunar & Planetary Color Analysis,Human Design System Ra|LYD manual IHDS|Prophecy Ra Uru Hu Rhodes|Ra Uru Hu|Ra Uru Hu Generator Book|Ra Uru Hu Line Resonance|Ra Uru Hu Rave BodyGraph Circuitry|Ra Uru Hu Rave I'Ching Line Companion|Ra Uru Hu The Nine Centres and their Gates,https://annas-archive.org/md5/b38abe08f4f0049d694fde31cee6c7b8,work,work_overlap:1.00,auth_ra_uru_hu,The Rave I'Ching,
b3b93335df7ceb85556db30a6a7d72e1,b3b93335df7ceb85556db30a6a7d72e1.pdf,,Human Design Made Simple Dunwoody,https://annas-archive.org/md5/b3b93335df7ceb85556db30a6a7d72e1,query,search_query_substring,,,Human Design Made Simple Dunwoody
b3c01417fb8eaa4116e7a4467b3b4929,"Unix y Linux. Guía práctica, 3ª edición. (Spanish Edition)",Guía práctica,Human Design System Ra,https://annas-archive.org/md5/b3c01417fb8eaa4116e7a4467b3b4929,query,search_query_substring,,,Human Design System Ra
b3c3f92ddce0f26c81c023d06c38b966,"Occupant-Centric Simulation-Aided Building Design: Theory, Application, and Case Studies","leaders of the international energy agency annex 79, this edited volume features contributions from a multi-disciplinary, globally recognized team of scholars and practitioners. chapters on the indoor environment and human factors introduce the principles of occupant-centric design while chapters on selecting and applying models provide a thorough grounding in simulation-aided building design practice. a final chapter assembling detailed case studies puts the lessons of the preceding chapters into real world context. in fulfilment of the international energy agency's mission of disseminating research on secure and sustainable energy to all, occupant-centric simulation-aided building design is available as an open access gold title. with a balance of fundamentals and design process guidelines, occupant-centric simulation-aided building design reorients the building design community towards buildings that recognize and serve diverse occupant needs, while aiming for superior environmental performance, based on the latest science and methods""-- provided",64keys Human Design,https://annas-archive.org/md5/b3c3f92ddce0f26c81c023d06c38b966,query,search_query_substring,,,64keys Human Design
b3da8e415ab466e31275f36b93e1d008,Under The Spell Of Landau: When Theoretical Physics Was Shaping Destinies When Theoretical Physics was Shaping Destinies,,Book of Destinies Parkyn,https://annas-archive.org/md5/b3da8e415ab466e31275f36b93e1d008,query,search_query_substring,,,Book of Destinies Parkyn
b4171c42bac735799986f93ae7c93c94,Do You Matter? How Great Design Will Make People Love Your Company,"outstanding design. with this, you can create products, services, and experiences that truly matter to your customers' lives and thereby drive powerful, sustainable improvements in business performance. but delivering great designs is not easy. many companies accomplish it once, or twice; few do it consistently. the secret: building a truly design-driven business, in which design is central to everything you do.do you matter'shows how to do precisely that. legendary industrial designer robert brunner (who laid the groundwork for apple's brilliant design language) and stewart emery (success built to last) begin",How Do You Choose Human Design,https://annas-archive.org/md5/b4171c42bac735799986f93ae7c93c94,query,search_query_substring,,,How Do You Choose Human Design
b436d62b04b35f57937a6fbff4c58dac,"How to Analyze People with Dark Pychology_ The Only Guide You Need to Read Body Language, Decode Intentions and Human Personality Types to Uncover Manipulators Even Before the First Conversation.pdf",,Steve Rhodes Human Design: How to Read a Graph,https://annas-archive.org/md5/b436d62b04b35f57937a6fbff4c58dac,work,work_overlap:1.00,auth_steve_rhodes,Human Design: How to Read a Graph,
b4510c93240e2eff6e9ce18366f64066,India Revealed: The Temples of Khajuraho (Travel Guide),India Revealed: The Temples of Khajuraho,Human Design Revealed Dickson,https://annas-archive.org/md5/b4510c93240e2eff6e9ce18366f64066,query,search_query_substring,,,Human Design Revealed Dickson
b454aa480ffaca4603457344ff24a9c9,Algebraic Varieties and System Design,,Human Design Revolutionary System,https://annas-archive.org/md5/b454aa480ffaca4603457344ff24a9c9,query,search_query_substring,,,Human Design Revolutionary System
b4848196ae17e915bcdbfca3e96d2b5f,African Names,African Names - The Ancient Egyptian Keys to Unlocking Your Destiny and Power.pdf,Richard Rudd The Gene Keys: Embracing Your Higher Purpose,https://annas-archive.org/md5/b4848196ae17e915bcdbfca3e96d2b5f,work,work_overlap:1.00,auth_richard_rudd,The Gene Keys: Embracing Your Higher Purpose,
b496fd8b7fea9ed5ffce788d2dff972b,Suzuki Samurai. Service Manual.,,LYD manual IHDS,https://annas-archive.org/md5/b496fd8b7fea9ed5ffce788d2dff972b,query,search_query_substring,,,LYD manual IHDS
b4997fc7093184b3fca9d5f9059c0a3e,What is Meaning?: Fundamentals of Formal Semantics (Fundamentals of Linguistics),,Eleanor Haspel-Portner,https://annas-archive.org/md5/b4997fc7093184b3fca9d5f9059c0a3e,query,search_query_substring,,,Eleanor Haspel-Portner
b49f5cbf52bdc84e44495361166da51b,The Warrior's Book of Virtues : A Field Manual for Living Your Best Life,The Warrior's Book of Virtues: A Field Manual for Living Your Best Life,Lynda Bunnell Living Your Design Student Manual,https://annas-archive.org/md5/b49f5cbf52bdc84e44495361166da51b,work,work_overlap:1.00,auth_lynda_bunnell,Living Your Design Student Manual,
b4abac82de2533e0c6d06e1e89437f7d,Computational Design of Peptides to Block Binding of the SARS-CoV-2 Spike Protein to Human ACE2,Computational Design of Peptides to Block Binding of the SARS-CoV-2 Spike Protein to Human ACE2,"Lynda Bunnell Human Design: The Definitive Book of Human Design, The Science of Differentiation|Richard Rudd Human Design: The Revelation",https://annas-archive.org/md5/b4abac82de2533e0c6d06e1e89437f7d,work,work_overlap:1.00,auth_lynda_bunnell,"Human Design: The Definitive Book of Human Design, The Science of Differentiation",
b4ac5db984c548915998fd96f39f8e27,Understanding Your Clients Through Human Design,,Karen Curry Parker Understanding Human Design: The New Science of Astrology|Robin Winn Human Design|Robin Winn Understanding Your Clients Through Human Design|Robin Winn Understanding the Centers in Human Design|Understanding Clients Human Design,https://annas-archive.org/md5/b4ac5db984c548915998fd96f39f8e27,work,work_overlap:1.00,auth_karen_curry_parker,Understanding Human Design: The New Science of Astrology,
b4be0a1094fa5245f680fa8951cd4938,"Testosterone Revealed: How to Boost Testosterone Levels, Sex Drive, Muscle Mass and the Truth about Hormone Therapy",,Human Design Revealed Dickson,https://annas-archive.org/md5/b4be0a1094fa5245f680fa8951cd4938,query,search_query_substring,,,Human Design Revealed Dickson
b4f24a45815dd6d2d7be2bd7be3a2080,Electrical & Electronic Engineering,,Karen Curry Human Design|Karen Curry Parker The Encyclopedia of Quantum Human Design,https://annas-archive.org/md5/b4f24a45815dd6d2d7be2bd7be3a2080,work,work_overlap:1.00,auth_karen_curry_parker,The Encyclopedia of Quantum Human Design,
b5471bac72a7173bb0549de9a0e4a39b,"Research methods in occupational health psychology : measurement, design, and data analysis",9780415879323.pdf,Human Design Health Haspel,https://annas-archive.org/md5/b5471bac72a7173bb0549de9a0e4a39b,query,search_query_substring,,,Human Design Health Haspel
b55c0dcaf09c438d20a1c7d54d64a25d,Keys to the Kingdom: Your Complete Guide to Walt Disney World's Magic Kingdom Theme Park,A look at Magic Kingdom’s      bright,Gene Keys|Richard Rudd The Gene Keys: Embracing Your Higher Purpose,https://annas-archive.org/md5/b55c0dcaf09c438d20a1c7d54d64a25d,work,work_overlap:1.00,auth_richard_rudd,The Gene Keys: Embracing Your Higher Purpose,
b55f87117500f0f1992c87a3b6f9517e,Understanding the profiles in human design 3 3,Understanding the profiles in human design 3,Karen Curry Parker Understanding Human Design: The New Science of Astrology|Robin Winn Human Design|Robin Winn Understanding Your Clients Through Human Design|Robin Winn Understanding the Centers in Human Design,https://annas-archive.org/md5/b55f87117500f0f1992c87a3b6f9517e,work,work_overlap:1.00,auth_karen_curry_parker,Understanding Human Design: The New Science of Astrology,
b5613a00a862657d3ee4c744a61dc54e,How to Escape the Rat Race: Four Keys to Acquire the Life of Your Dreams,How to Escape the Rat Race: Four Keys to Acquire the Life of Your Dreams,Richard Rudd The Gene Keys: Embracing Your Higher Purpose,https://annas-archive.org/md5/b5613a00a862657d3ee4c744a61dc54e,work,work_overlap:1.00,auth_richard_rudd,The Gene Keys: Embracing Your Higher Purpose,
b587c9f8c297f8d753beac3ea8e9ff89,"Design Criteria for Mosques and Islamic Centers. Art, Architecture, and Worship",,Understanding Centers Human Design,https://annas-archive.org/md5/b587c9f8c297f8d753beac3ea8e9ff89,query,search_query_substring,,,Understanding Centers Human Design
b59e5e6ae19c224b4d8f20d811e8fee6,trisha-ziff-che-guevara-revolutionary-icon.pdf,"annie liebowitz, this ever-present image has taken che from heroic guerilla through pop celebrity to a symbol of radical chic. the image has become an ideal of abstraction, and ""che guevara"" vividly demonstrates that the diverse ways in which it has been used can tell us quite a lot about our culture and ourselvesread more…english [en] · pdf · 11.8mb · 2020 · 📘 book (non-fiction) · 🚀/lgli/upload/zlib    ·save·44·1base score: 11068.0, final score: 22.07928",Human Design Revolutionary System,https://annas-archive.org/md5/b59e5e6ae19c224b4d8f20d811e8fee6,query,search_query_substring,,,Human Design Revolutionary System
b5a4cb93c937ddd280e39ed853eb05ae,Zoé et Théo,Zoé et Théo - Tome 25 - Zoé et Théo découvrent la ville,Jenna Zoë,https://annas-archive.org/md5/b5a4cb93c937ddd280e39ed853eb05ae,author,surname:Jenna,auth_jenna_zoe,,
b5a86d4382ccfbdf2e30cfbaf25e5791,Holistic Analysis 2 Diagnostics 2,Holistic Analysis 2 Diagnostics 2,Human Design System Ra|LYD manual IHDS|Prophecy Ra Uru Hu Rhodes|Ra Uru Hu|Ra Uru Hu Generator Book|Ra Uru Hu Line Resonance|Ra Uru Hu Rave BodyGraph Circuitry|Ra Uru Hu Rave I'Ching Line Companion|Ra Uru Hu The Complete Rave I'Ching|Ra Uru Hu The Nine Centres and their Gates|Ra Uru Hu The Rave I'Ching,https://annas-archive.org/md5/b5a86d4382ccfbdf2e30cfbaf25e5791,work,work_overlap:1.00,auth_ra_uru_hu,The Rave I'Ching,
b5cfe70da695dfb5c497dbf429de96a1,History Revealed: The Big Book of History Answers 2,History Revealed: The Big Book of History Answers 2 - 2020,Human Design Revealed Dickson,https://annas-archive.org/md5/b5cfe70da695dfb5c497dbf429de96a1,query,search_query_substring,,,Human Design Revealed Dickson
b5e5ae8c716b8cfd67ee6bda19a96304,"Aufgabensammlung zur Infinitesimalrechnung: Erster Band: Funktionen Einer Variablen (Lehrbücher und Monographien aus dem Gebiete der exakten Wissenschaften, 28) (German Edition)",,Daitche Variablen,https://annas-archive.org/md5/b5e5ae8c716b8cfd67ee6bda19a96304,query,search_query_substring,,,Daitche Variablen
b638554c274579d07556d87b12a5be39,AISC Design Guide 11 : Vibrations of Steel-Framed Structural Systems Due to Human Activity,AISC Design Guide 11 : Vibrations of Steel-Framed Structural Systems Due to Human Activity,Beyond Human Design|Chiron Ephemeris Human Design|Daitche Human Design|Emma Dunwoody Human Design|Quantum Human Design|Understanding Human Design|Zen Human Design Ephemeris,https://annas-archive.org/md5/b638554c274579d07556d87b12a5be39,query,search_query_substring,,,Chiron Ephemeris Human Design
b63b76487625d4b7b98d8a4365184ae3,Quantum Engineering of Continuous Variable Quantum States / Gezielte Beeinflussung von Quantenzuständen mit kontinuierlichen Variablen,,Daitche Variablen,https://annas-archive.org/md5/b63b76487625d4b7b98d8a4365184ae3,query,search_query_substring,,,Daitche Variablen
b649d9e0c20e4c5029e7f456b7025e0a,zlibzh/no-category/Brian Parkyn著；张志纯译/库文学科新_29204256.pdf,,Chetan Parkyn,https://annas-archive.org/md5/b649d9e0c20e4c5029e7f456b7025e0a,query,search_query_substring,,,Chetan Parkyn
b6b31b0501715c211bd01f803120573d,Design Operation and Evaluation of Mobile Communications .pdf,,"64keys Human Design|Lynda Bunnell Human Design: The Definitive Book of Human Design, The Science of Differentiation|Science of Differentiation Human Design",https://annas-archive.org/md5/b6b31b0501715c211bd01f803120573d,work,work_overlap:1.00,auth_lynda_bunnell,"Human Design: The Definitive Book of Human Design, The Science of Differentiation",
b6e5e295c29991a5a9aed2b3a72f157e,Tư Duy Phản Biện,Tư Duy Phản Biện,Jenna Zoë,https://annas-archive.org/md5/b6e5e295c29991a5a9aed2b3a72f157e,author,surname:Jenna,auth_jenna_zoe,,
b7345d74e5d85ab9fc4a7f3ed48f8f70,The Four Views,The Four Views,Prophecy Ra Uru Hu Rhodes|Ra Uru Hu|Ra Uru Hu Generator Book|Ra Uru Hu Line Resonance|Ra Uru Hu Rave BodyGraph Circuitry|Ra Uru Hu Rave I'Ching Line Companion|Ra Uru Hu The Complete Rave I'Ching|Ra Uru Hu The Nine Centres and their Gates|Ra Uru Hu The Rave I'Ching,https://annas-archive.org/md5/b7345d74e5d85ab9fc4a7f3ed48f8f70,work,work_overlap:1.00,auth_ra_uru_hu,The Rave I'Ching,
b740974c6a83c5105e57c99fa76566da,Die deutschen Kolonisten im brasilianischen Staate Espirito Santo: Die Ansiedlung von Europäern in den Tropen. Fünfter Teil. (Schriften des Vereins für Sozialpolitik 147,"europeans, with the goal of determining whether and under what conditions such colonization was economically and socially sustainable. the studies were to assist in the development of the german overseas empire, and german east africa in particular. each study was to include an overview of a particular region of settlement; analyses of its economy, economic relations between native and settler peoples, and public health and the prevalence of diseases among the settler populations; and an assessment of the prospects for european settlement and colonization. the studies were to be written be leading academics from jena, munich, berlin, and other german universities, and were to cover british, dutch, german, and american colonies in africa, latin america, southeast asia, and the pacific. this volume, published in 1915, is devoted to german settlement in the state of espirito santo in southeastern brazil. world digital libraryread more…german [de] · pdf · 79.2mb · 2022 · 📘 book (non-fiction) · 🚀/lgli/lgrs/nexusstc    ·save·2base score: 11060.0, final score: 34.421524",Uljana Daitche Variablen im Human Design: Teil 1 — Die Pfeile,https://annas-archive.org/md5/b740974c6a83c5105e57c99fa76566da,work,work_overlap:1.00,auth_uljana_daitche,Variablen im Human Design: Teil 1 — Die Pfeile,
b74ef5de57ce35cb0931ab25b71edbe6,Chemistry: Quantum Mechanics and Spectroscopy II,,Karen Curry Parker The Encyclopedia of Quantum Human Design,https://annas-archive.org/md5/b74ef5de57ce35cb0931ab25b71edbe6,work,work_overlap:1.00,auth_karen_curry_parker,The Encyclopedia of Quantum Human Design,
b754c685ece773f09478a2092ae69085,0833045733_Deployment.pdf,,Karen Curry Human Design|Karen Curry Parker The Encyclopedia of Quantum Human Design,https://annas-archive.org/md5/b754c685ece773f09478a2092ae69085,work,work_overlap:1.00,auth_karen_curry_parker,The Encyclopedia of Quantum Human Design,
b78c15256ab54eb0d32c08bbf071b57d,Le temps de Rhodes: une chronologie des inscriptions de la cité fondée sur l'étude de ses institutions,,Bhan Tugh Rhodes,https://annas-archive.org/md5/b78c15256ab54eb0d32c08bbf071b57d,work,work_overlap:0.75,auth_steve_rhodes,Bhan Tugh,
b801f0b702df26a66b17ea07679c2406,You Can Choose to be Rich,,How Do You Choose Human Design,https://annas-archive.org/md5/b801f0b702df26a66b17ea07679c2406,query,search_query_substring,,,How Do You Choose Human Design
b82ce6b8d7e17d17854363e110bf49fe,PBooks Collection 2023,Καθίσματα 186,Jovian Archive,https://annas-archive.org/md5/b82ce6b8d7e17d17854363e110bf49fe,query,search_query_substring,,,Jovian Archive
b85ee81d5aa150dae51876bcbac8066a,[富爸爸穷爸爸]系列电子书(英文).pdf,,How Do You Choose Human Design,https://annas-archive.org/md5/b85ee81d5aa150dae51876bcbac8066a,query,search_query_substring,,,How Do You Choose Human Design
b87d6ff09c2698326815d37db61762d2,How to Read Body Language: Secrets to Analyzing & Speed Reading People Like a Book,How to Read Body Language: Secrets to Analyzing & Speed Reading People Like a Book - How to Understand & Talk to Any Person,Steve Rhodes Human Design: How to Read a Graph,https://annas-archive.org/md5/b87d6ff09c2698326815d37db61762d2,work,work_overlap:1.00,auth_steve_rhodes,Human Design: How to Read a Graph,
b8f6448dd91981d30cdba9912ac6178f,Wittgenstein's 'Tractatus' A Critical Exposition of the Main Lines of Thought,Wittgenstein's 'Tractatus' A Critical Exposition of the Main Lines of Thought,Book of Lines Parkyn,https://annas-archive.org/md5/b8f6448dd91981d30cdba9912ac6178f,query,search_query_substring,,,Book of Lines Parkyn
b8fd478cff7edda6bcabe53f3fac8815,Engineering Reference Manual,,Understanding Centers Human Design,https://annas-archive.org/md5/b8fd478cff7edda6bcabe53f3fac8815,query,search_query_substring,,,Understanding Centers Human Design
b964a746191d566425e6f2e19ba074c8,extracted__4.哲学研究主题.zip,,Uljana Daitche,https://annas-archive.org/md5/b964a746191d566425e6f2e19ba074c8,work,work_overlap:0.67,auth_uljana_daitche,Human Design - Beziehungen,
b98c4a6faae5300e47f1a0ef38b3151c,Eyewitness Companions: Astrology (EYEWITNESS COMPANION GUIDES),"dk in 1991 and substantially enlarged and updated in 2001, is generally regarded as the world's best introduction to astrology, selling nearly a million copies in the last five years alone.read more…english [en] · pdf · 43.6mb · 2007 · 📘 book (non-fiction) · 🚀/lgli/lgrs/nexusstc/upload/zlib    ·save·106·3base score: 11065.0, final score: 34.002766",Karen Curry Parker Understanding Human Design: The New Science of Astrology,https://annas-archive.org/md5/b98c4a6faae5300e47f1a0ef38b3151c,work,work_overlap:1.00,auth_karen_curry_parker,Understanding Human Design: The New Science of Astrology,
b9965e488463c600bb9b2f2e625c2305,Stantec's Water Treatment: Principles and Design,"world-renowned experts in the field of public water supply, this authoritative volume covers all key aspects of water treatment engineering, including plant design, water chemistry and microbiology, water filtration and disinfection, residuals management, internal corrosion of water conduits, regulatory requirements, and more.  the updated third edition of this industry-standard reference includes an entirely new chapter on potable reuse, the recycling of treated wastewater into the water supply using engineered advanced treatment technologies. qr codes embedded throughout the book connect the reader to online resources, including case studies and high-quality photographs and videos of real-world water treatment facilities. this edition provides instructors with access to additional resources via a companion website.  contains in-depth chapters on processes such as coagulation and flocculation, sedimentation, ion exchange, adsorption, and gas transfer    details membrane filtration technologies, advanced oxidation, and potable reuse   addresses ongoing environmental concerns, pharmacological agents in the water supply, and treatment strategies   describes reverse osmosis applications for brackish groundwater, wastewater, and other water sources    includes high-quality images and illustrations, useful appendices, tables of chemical properties and design data, and more than 450 exercises with worked solutions   stantec's water treatment: principles and design, updated third edition  remains an indispensable resource for engineers designing or operating water treatment plants, and is an essential textbook for students of civil, environmental, and water resources engineering.read more…english [en] · pdf · 38.5mb · 2023 · 📘 book (non-fiction) · 🚀/lgli/lgrs/nexusstc/zlib    ·save·356·4base score: 11065.0, final score: 23.148233",Steve Rhodes Human Design,https://annas-archive.org/md5/b9965e488463c600bb9b2f2e625c2305,work,work_overlap:0.75,auth_steve_rhodes,Human Design: How to Read a Graph,
b9bba88a9f0fd301f9dc514366007074,The Cosmic Connection,The Cosmic Connection,Rave Cosmology,https://annas-archive.org/md5/b9bba88a9f0fd301f9dc514366007074,query,search_query_substring,,,Rave Cosmology
b9c19272ec48c0855b0ccf6413a4c7b3,RW416 Service Manual.,Timing Over-Advanced or System Performance / Retarded,LYD manual IHDS,https://annas-archive.org/md5/b9c19272ec48c0855b0ccf6413a4c7b3,query,search_query_substring,,,LYD manual IHDS
ba196f84f89b64940974bfd3dd8d636b,"Migration Law, Policy and Human Rights : The Impact of Crisis in Europe",Migration Law,Zeno Dickson Human Design,https://annas-archive.org/md5/ba196f84f89b64940974bfd3dd8d636b,query,search_query_substring,,,Zeno Dickson Human Design
ba45534e519fe05be05482fb640f18e3,Building with Water: Concepts Typology Design,"the water: residential structures, recreation facilities, industry and infrastructure, buildings for culture and art. the various design parameters are explored in four essays. subsequently, twenty-two international projects are presented, organized according to their locations",Jenna Zoe Human Design,https://annas-archive.org/md5/ba45534e519fe05be05482fb640f18e3,query,search_query_substring,,,Jenna Zoe Human Design
ba6fd0d2b0586a65a9557600eb5dd350,calamitousannunciation,The Rhodes Must Fall Movement.pdf,Bhan Tugh Rhodes,https://annas-archive.org/md5/ba6fd0d2b0586a65a9557600eb5dd350,work,work_overlap:0.75,auth_steve_rhodes,Bhan Tugh,
ba732063280a717c885f74a6bd7aab6e,Ricas recetas para personas con diabetes y sus familiares,Ricas recetas para personas con diabetes y sus familiares,Understanding Centers Human Design,https://annas-archive.org/md5/ba732063280a717c885f74a6bd7aab6e,query,search_query_substring,,,Understanding Centers Human Design
ba8fbb88a135dd5a330be8a49f7ed36c,scihub/10.1007/978-1-59259-586-0.pdf,,Erin Claire Jones Human Design,https://annas-archive.org/md5/ba8fbb88a135dd5a330be8a49f7ed36c,query,search_query_substring,,,Erin Claire Jones Human Design
ba9427b940df6df7e26df0d348fbe1d4,A Shift in Time,A Shift in Time,Bhan Tugh Rhodes,https://annas-archive.org/md5/ba9427b940df6df7e26df0d348fbe1d4,work,work_overlap:0.75,auth_steve_rhodes,Bhan Tugh,
ba9ec4ef5bc4a3c2eb479b9889d10c1b,Solutions of Objective Mathematics Part 2 of 5 upto chapter 22 Pair of Straight Lines by R D Sharma for IIT-JEE main & advanced & other Engineering Entrance Examinations,r d sharma for iit-jee main & advanced & other engineering entrance examinations/ba9ec4ef5bc4a3c2eb479b9889d10c1b.pdfsolutions of objective mathematics part 2 of 5 upto chapter 22 pair of straight lines,Book of Lines Parkyn,https://annas-archive.org/md5/ba9ec4ef5bc4a3c2eb479b9889d10c1b,query,search_query_substring,,,Book of Lines Parkyn
bab145d132ae30ec1cadb2b19e3309f3,9780865717848_real_goods_solar_living_sourcebook_7073.pdf,"experts with decades of experience and a passion for sharing their knowledge. this fully revised and updated edition includes brand new sections on permaculture and urban homesteading and completely rewritten chapters on solar technology, sustainable transportation, and relocalization. it also boasts greatly expanded material on:",Lynda Bunnell Living Your Design Student Manual,https://annas-archive.org/md5/bab145d132ae30ec1cadb2b19e3309f3,work,work_overlap:1.00,auth_lynda_bunnell,Living Your Design Student Manual,
bab42ced8fd825b4cc458a707492ff48,"Christoph Weilenmann, Alexandros Nikolaos Ziogas, Till Zellweger, Kevin Portner, Marko Mladenović, Manasa Kaniselvan, Timoleon Moraitis, Mathieu Luisier, Alexandros Emboras",all collocated within each synapse. Here,Eleanor Haspel-Portner,https://annas-archive.org/md5/bab42ced8fd825b4cc458a707492ff48,query,search_query_substring,,,Eleanor Haspel-Portner
babf63bde8f57566bce1cfa4f429e4f3,Fiona Raven,Book Design Made Simple.pdf,Human Design Made Simple Dunwoody,https://annas-archive.org/md5/babf63bde8f57566bce1cfa4f429e4f3,query,search_query_substring,,,Human Design Made Simple Dunwoody
bac1b1b889cfffa4dac57c8f57f601f0,The Halls of Moambati (The Dark Filament Ephemeris Book 4),The Halls of Moambati,Chaitanyo Ephemeris,https://annas-archive.org/md5/bac1b1b889cfffa4dac57c8f57f601f0,query,search_query_substring,,,Chaitanyo Ephemeris
badd8afa5759c55e2b949fe236cfbb74,C.R.42 Falco (Photographic Reference Manual),,LYD manual IHDS,https://annas-archive.org/md5/badd8afa5759c55e2b949fe236cfbb74,query,search_query_substring,,,LYD manual IHDS
bae0833eebe08fc24bfed1907735868e,Return to Essence: How to Be in the Flow and Fulfill Your Life's Purpose,,Richard Rudd The Gene Keys: Embracing Your Higher Purpose,https://annas-archive.org/md5/bae0833eebe08fc24bfed1907735868e,work,work_overlap:1.00,auth_richard_rudd,The Gene Keys: Embracing Your Higher Purpose,
bae321ee7b903d030782e74d2eabf521,Secretos Del Exito Para Pastores,Secretos Del Exito Para Pastores,Bhan Tugh Rhodes,https://annas-archive.org/md5/bae321ee7b903d030782e74d2eabf521,work,work_overlap:0.75,auth_steve_rhodes,Bhan Tugh,
baec380a327538d49ecf597ef2316530,Das grosse Apple Watch Handbuch,,Uljana Daitche Die 384 Linien der 64 Tore: das große Human Design Handbuch,https://annas-archive.org/md5/baec380a327538d49ecf597ef2316530,work,work_overlap:1.00,auth_uljana_daitche,Die 384 Linien der 64 Tore: das große Human Design Handbuch,
baef89a7b10a25eb0f3c0a8ed3ebbb67,Hieratic Publishing Co,"para research, medford, mass, gloucester, mass, massachusetts, 1978approximately 250 pages ; 24 cm, chiefly tablesread more…english [en] · latin [la] · pdf · 24.8mb · 1978 · 📗 book (unknown) · 🚀/ia/zlib    ·save·16base score: 11068.0, final score: 19.012497",Chaitanyo Ephemeris,https://annas-archive.org/md5/baef89a7b10a25eb0f3c0a8ed3ebbb67,query,search_query_substring,,,Chaitanyo Ephemeris
bb056a14359a6b3311b2dd72654b6e23,Living Memory Home: Understanding Continuing Bond in the Digital Age through Backstage Grieving,,Robin Winn Understanding Your Clients Through Human Design|Robin Winn Understanding the Centers in Human Design,https://annas-archive.org/md5/bb056a14359a6b3311b2dd72654b6e23,work,work_overlap:1.00,auth_robin_winn,Understanding Your Clients Through Human Design,
bb1ced1468705ddbd18f7b7817702c0b,Quarters and Angles,Quarters and Angles,Human Design System Ra|Prophecy Ra Uru Hu Rhodes|Ra Uru Hu|Ra Uru Hu Generator Book|Ra Uru Hu Line Resonance|Ra Uru Hu Rave BodyGraph Circuitry|Ra Uru Hu Rave I'Ching Line Companion|Ra Uru Hu The Complete Rave I'Ching|Ra Uru Hu The Nine Centres and their Gates|Ra Uru Hu The Rave I'Ching,https://annas-archive.org/md5/bb1ced1468705ddbd18f7b7817702c0b,work,work_overlap:1.00,auth_ra_uru_hu,The Rave I'Ching,
bb2ba9708101d28320ac30c265b6e756,John.Wiley.&.Sons.The.Joy.Of.Sox.Why.Sarbanes.Oxley.And.Services.Oriented.Architecture.May.Be.The.Best.Thing.That.Ever.Happened.To.You.Apr.2006.Ddu.pdf,,Jenna Zoë Human Design: The Revolutionary System That Shows You Who You Came Here to Be,https://annas-archive.org/md5/bb2ba9708101d28320ac30c265b6e756,work,work_overlap:1.00,auth_jenna_zoe,Human Design: The Revolutionary System That Shows You Who You Came Here to Be,
bb39f0716f4e934111f0e85ddbc5f15a,newsarch_ebooks_2025_10,,Robin Winn Human Design,https://annas-archive.org/md5/bb39f0716f4e934111f0e85ddbc5f15a,query,search_query_substring,,,Robin Winn Human Design
bb4648146e5d4c7a58c30d77f3618fe6,"Histories of Exhibition Design in the Museum : Makers, Process, and Practice",Histories of Exhibition Design in the Museum: Makers,Erin Claire Jones Human Design,https://annas-archive.org/md5/bb4648146e5d4c7a58c30d77f3618fe6,query,search_query_substring,,,Erin Claire Jones Human Design
bb4febe3b46e8e27efd9028538d62a2d,Degruyter Imprints v2 [09-06-23],,Eleanor Haspel-Portner,https://annas-archive.org/md5/bb4febe3b46e8e27efd9028538d62a2d,query,search_query_substring,,,Eleanor Haspel-Portner
bbb80caf1bfbb5f3e3e8547c12af86b8,Neglected Diseases in Monkeys : From the Monkey-Human Interface to One Health,Neglected Diseases in Monkeys: From the Monkey-Human Interface to One Health,Erin Claire Jones Human Design,https://annas-archive.org/md5/bbb80caf1bfbb5f3e3e8547c12af86b8,query,search_query_substring,,,Erin Claire Jones Human Design
bc11a8e697d395a3bfce04c203c27bb4,The Freedom of Birds,The Freedom of Birds,Chetan Parkyn,https://annas-archive.org/md5/bc11a8e697d395a3bfce04c203c27bb4,query,search_query_substring,,,Chetan Parkyn
bc14b46889aedaf1393630b414e03ff6,"The Book of Lines: A 21st Century View of the IChing, the Chinese Book of Changes (Discover the Person You Were Born To Be)",The Book of Lines,Book of Destinies Parkyn|Book of Lines Parkyn|Chetan Parkyn|Chetan Parkyn Human Design|Chetan Parkyn Human Design: Discover the Person You Were Born to Be|Chetan Parkyn The Book of Destinies: Discover the Life You Were Born to Live|Jenna Zoë Human Design: The Revolutionary System That Shows You Who You Came Here to Be,https://annas-archive.org/md5/bc14b46889aedaf1393630b414e03ff6,work,work_overlap:1.00,auth_chetan_parkyn,Human Design: Discover the Person You Were Born to Be,
bc16048132eee98ba3c8d3895e1556d2,Being Human. The Inside Story of What It Means to Be One of Us,,Chetan Parkyn Human Design: Discover the Person You Were Born to Be|Jenna Zoë Human Design: The Revolutionary System That Shows You Who You Came Here to Be,https://annas-archive.org/md5/bc16048132eee98ba3c8d3895e1556d2,work,work_overlap:1.00,auth_chetan_parkyn,Human Design: Discover the Person You Were Born to Be,
bc22e26d5fd2161e040ac4cc35596647,Design of Rate-Compatible Low-Density Parity-Check Codes with Constant Check Matrix,,Triple Design Matrix DreamRave,https://annas-archive.org/md5/bc22e26d5fd2161e040ac4cc35596647,query,search_query_substring,,,Triple Design Matrix DreamRave
bc82871b51efb7376061de5d6c455179,Fudgy or Cakey Cookbook: 60+ Exquisite Brownie Recipes to Make Up Your Mind,"everyone around the world the way brownies are. there’s something about their chocolatey richness that no one can get enough of. however, that’s about the only thing brownie-lovers can agree on because the community is otherwise pretty divided among those who prefer them fudgy or cakey. no one’s quite sure what makes the perfect brownie so we’re not even going to try. nonetheless, we love these delicious chocolate squares so much that we’ve developed 60 specialty recipes to watch brownie-lovers like you go mad! don’t expect the typical recipes... we went above and beyond for you. with pumpkin cheesecake brownies, chunky monkey brownies, date brownies, butterscotch brownies and more, can you really question why you’re buying this cookbook? you love brownies just as much as we do so let’s get started!read more…english [en] · pdf · 13.3mb · 2022 · 📘 book (non-fiction) · 🚀/lgli/lgrs/nexusstc/zlib    ·save·23·2base score: 11063.0, final score: 16.199835",Jenna Zoë,https://annas-archive.org/md5/bc82871b51efb7376061de5d6c455179,author,surname:Jenna,auth_jenna_zoe,,
bc8cb800efe04a733f50a2e49871f8a5,"The Coconut Oil Miracle, 5th Edition",The Coconut Oil Miracle,Human Design Health Haspel,https://annas-archive.org/md5/bc8cb800efe04a733f50a2e49871f8a5,query,search_query_substring,,,Human Design Health Haspel
bc96536710e4ee143758e56397d8ff0f,PBooks Collection 2023,,Jovian Archive,https://annas-archive.org/md5/bc96536710e4ee143758e56397d8ff0f,query,search_query_substring,,,Jovian Archive
bc99e0437bec499b894cd35d99a045a6,Degruyter Imprints v2 [09-06-23],,Daitche Variablen,https://annas-archive.org/md5/bc99e0437bec499b894cd35d99a045a6,query,search_query_substring,,,Daitche Variablen
bcb22ea351e815721719d3537d81e8b2,newsarch_ebooks_2025_10,"the overall separation between hunter-gatherer and intensive rice farmer. this research investigates the role of intensive rice farming as a subsistence strategy in the central part of the prehistoric korean peninsula using organic geochemical analysis and luminescence dating on potsherds. the central hypothesis of this research is that there was a wide range of resource utilization along with rice farming around 3,400-2,600 bp. this hypothesis contrasts with prevailing rice-based models, where climatically driven intensive rice agriculture from 3,400 bp is thought to be the dominant subsistence strategy that drove social complexity. this research focuses on four large-scale inland habitation sites that contain abundant pottery collections to evaluate the central hypothesis as well the prevailing rice-centred model. this research produced critical data for addressing prehistoric subsistence in the korean peninsula and established a detailed chronology of subsistence during 3,400-1,800 bp.""--forewardread more…english [en] · pdf · 17.5mb · 2017 · 📘 book (non-fiction) · 🚀/lgli/lgrs/nexusstc/upload/zlib    ·save·38·1base score: 11065.0, final score: 29.039219",Robin Winn Understanding the Centers in Human Design,https://annas-archive.org/md5/bcb22ea351e815721719d3537d81e8b2,work,work_overlap:1.00,auth_robin_winn,Understanding the Centers in Human Design,
bcc67799afca34e6e2f6c15003c32b96,Eakins Revealed: The Secret Life of an American Artist,"one of his sitters who said his portrait ""decapitated"" her. in __eakins revealed__, art historian henry adams examines the dark side of eakins's life and work, in a startling new biography that will change our understanding of this american icon. based on close study of eakins's work and new research in the bregler papers, a major collection never fully mined",Human Design Revealed Dickson,https://annas-archive.org/md5/bcc67799afca34e6e2f6c15003c32b96,query,search_query_substring,,,Human Design Revealed Dickson
bd10a70ff36ec7ffbf596825f7417042,Degruyter Imprints v2 [09-06-23],,Chaitanyo Ephemeris,https://annas-archive.org/md5/bd10a70ff36ec7ffbf596825f7417042,query,search_query_substring,,,Chaitanyo Ephemeris
bd1731fc65c903db068bc39311744f4b,Maya 6 Revealed (Revealed Series),Maya 6 Revealed,Human Design Revealed Dickson,https://annas-archive.org/md5/bd1731fc65c903db068bc39311744f4b,query,search_query_substring,,,Human Design Revealed Dickson
bd2594a15fcc41cc195c83f82a4e52ab,Understanding human design : the new science of astrology : discover who you really are,Understanding Human Design,Karen Curry Human Design|Karen Curry Parker|Karen Curry Parker The Encyclopedia of Quantum Human Design|Karen Curry Parker Understanding Human Design: The New Science of Astrology|Robin Winn Understanding Your Clients Through Human Design|Robin Winn Understanding the Centers in Human Design,https://annas-archive.org/md5/bd2594a15fcc41cc195c83f82a4e52ab,work,work_overlap:1.00,auth_karen_curry_parker,Understanding Human Design: The New Science of Astrology,
bd45f3a9433d8c6479092af621e2520e,Tropical Holiday Tails,Tropical Holiday Tails,Jenna Zoë,https://annas-archive.org/md5/bd45f3a9433d8c6479092af621e2520e,author,surname:Jenna,auth_jenna_zoe,,
bd59cb5b9ada098f1840e5220a103724,bd59cb5b9ada098f1840e5220a103724.pdf,,Steve Rhodes Human Design: How to Read a Graph,https://annas-archive.org/md5/bd59cb5b9ada098f1840e5220a103724,work,work_overlap:1.00,auth_steve_rhodes,Human Design: How to Read a Graph,
bd5f4c2745c4c1a49c4e5fe20f337f1d,Alexandre de Rhodes có công gì mà dân ta phải mang ơn?,Huệ Thiên - Alexandre de Rhodes có công gì mà dân ta phải mang ơn?.pdf,Bhan Tugh Rhodes,https://annas-archive.org/md5/bd5f4c2745c4c1a49c4e5fe20f337f1d,work,work_overlap:0.75,auth_steve_rhodes,Bhan Tugh,
bd9d6d4e6a6f54d207ff1816fd3d4c1e,"Dateiverarbeitung mit BASIC mit 6 BASIC-Programm-Bausteinen jeweils bestehend aus: BASIC-Programmliste, zeilenweiser Programm-Kommentar, zeilenweise Variablen-Liste, alphabetische Variablen-Liste, Ben",,Daitche Variablen,https://annas-archive.org/md5/bd9d6d4e6a6f54d207ff1816fd3d4c1e,query,search_query_substring,,,Daitche Variablen
bda5429ce1fbc0c59e8dd7e6ab7fb2f5,Traveler's Guide to Rhodes: And the Dodecanese,,Bhan Tugh Rhodes,https://annas-archive.org/md5/bda5429ce1fbc0c59e8dd7e6ab7fb2f5,work,work_overlap:0.75,auth_steve_rhodes,Bhan Tugh,
bdafe106cf5b6d9fe1d2c7503f4afccf,"Sports, Hobbies & Games",,Uljana Daitche Die 384 Linien der 64 Tore: das große Human Design Handbuch,https://annas-archive.org/md5/bdafe106cf5b6d9fe1d2c7503f4afccf,work,work_overlap:1.00,auth_uljana_daitche,Die 384 Linien der 64 Tore: das große Human Design Handbuch,
bdc3f9fd907b6ffdc09cfb60dbdca652,Dental Laboratory Procedures Volume 1 Complete Dentures,Dental Laboratory Procedures Complete Dentures 1.pdf,Gene Keys Richard Rudd|Richard Rudd,https://annas-archive.org/md5/bdc3f9fd907b6ffdc09cfb60dbdca652,work,work_overlap:0.67,auth_richard_rudd,Human Design: The Revelation,
bdd22b4ba4cc982683e956250a189454,"Тончайшее несовершенство, что порождает всё. Долгий путь к частице Бога и Новая физика, которая изменит мир_84909771.pdf",,Rave Cosmology,https://annas-archive.org/md5/bdd22b4ba4cc982683e956250a189454,query,search_query_substring,,,Rave Cosmology
bdd864c96c7ef7afe7e0b3a8056dfeab,Über die vierfach periodischen Funktionen zweier Variablen (1834),,Daitche Variablen|Uljana Daitche Variablen im Human Design: Teil 1 — Die Pfeile,https://annas-archive.org/md5/bdd864c96c7ef7afe7e0b3a8056dfeab,work,work_overlap:1.00,auth_uljana_daitche,Variablen im Human Design: Teil 1 — Die Pfeile,
be0e3b31c842f78a43e39e5c3173faa1,2014 Susan Basalla etal,So What Are You Going to Do with That - Finding Careers Outside Academia[3rdED]_Recl.pdf,How Do You Choose Human Design,https://annas-archive.org/md5/be0e3b31c842f78a43e39e5c3173faa1,query,search_query_substring,,,How Do You Choose Human Design
be28a3f4348a854f0d56093807aa63fe,6. Middle Ages Series,Greenery. Ecocritical Readings of Late Medieval English Literature,Gene Keys Richard Rudd|Richard Rudd|Richard Rudd Human Design,https://annas-archive.org/md5/be28a3f4348a854f0d56093807aa63fe,work,work_overlap:0.67,auth_richard_rudd,Human Design: The Revelation,
be6b114f074dbfb1cab54ed5061f99b6,Design Concepts,Design Concepts,Human Design System Ra|Prophecy Ra Uru Hu Rhodes|Ra Uru Hu|Ra Uru Hu Generator Book|Ra Uru Hu Line Resonance|Ra Uru Hu Rave BodyGraph Circuitry|Ra Uru Hu Rave I'Ching Line Companion|Ra Uru Hu The Complete Rave I'Ching|Ra Uru Hu The Nine Centres and their Gates|Ra Uru Hu The Rave I'Ching,https://annas-archive.org/md5/be6b114f074dbfb1cab54ed5061f99b6,work,work_overlap:1.00,auth_ra_uru_hu,The Rave I'Ching,
beaad3dc637fcdc131b6a1cffa0f613d,Latent Destinies_ Cultural Para,Patrick O'Donnell.pdf,Book of Destinies Parkyn,https://annas-archive.org/md5/beaad3dc637fcdc131b6a1cffa0f613d,query,search_query_substring,,,Book of Destinies Parkyn
bf1efc7e6b5407953c92d13b9a289332,Las claves geneticas,Las claves geneticas.pdf,Gene Keys Richard Rudd|Richard Rudd,https://annas-archive.org/md5/bf1efc7e6b5407953c92d13b9a289332,work,work_overlap:0.67,auth_richard_rudd,Human Design: The Revelation,
bf5884b456f551cd1667df687a0fccd2,Design of Parallelly Concatenated Spatially Coupled RA Codes,,Human Design System Ra,https://annas-archive.org/md5/bf5884b456f551cd1667df687a0fccd2,query,search_query_substring,,,Human Design System Ra
bf6e2c729b0c74b121fce55288df67c8,Create 24/7,17 Secrets to Make Your Sentence Sing,Richard Rudd The Gene Keys: Embracing Your Higher Purpose,https://annas-archive.org/md5/bf6e2c729b0c74b121fce55288df67c8,work,work_overlap:1.00,auth_richard_rudd,The Gene Keys: Embracing Your Higher Purpose,
bfb26b797cf43acce78249b970989e70,Your Guide to Wellbeing at University (Student Success),,Lynda Bunnell Living Your Design Student Manual,https://annas-archive.org/md5/bfb26b797cf43acce78249b970989e70,work,work_overlap:1.00,auth_lynda_bunnell,Living Your Design Student Manual,
bfb7243211db0ab8b58bab1559762007,"Conscription, US Intervention and the Transformation of Ireland, 1914–1918: Divergent Destinies","re-situating the irish revolution in a global history of empire and anti-colonialism, this book contributes new evidence and new concepts. destenay convincingly argues that the fears of conscription have been neglected",Book of Destinies Parkyn,https://annas-archive.org/md5/bfb7243211db0ab8b58bab1559762007,query,search_query_substring,,,Book of Destinies Parkyn
c00c582d3bb6af0678b2a01ff2676247,Power Lines: Phoenix and the Making of the Modern Southwest,Power Lines: Phoenix and the Making of the Modern Southwest,Book of Lines Parkyn,https://annas-archive.org/md5/c00c582d3bb6af0678b2a01ff2676247,query,search_query_substring,,,Book of Lines Parkyn
c04b43d8e1540db1d1d78ce03932167f,All Delicious Curry Recipes You'll Ask for More: Scrumptious Zesty Dishes from Cradle of Spices,,Karen Curry Parker,https://annas-archive.org/md5/c04b43d8e1540db1d1d78ce03932167f,work,work_overlap:0.75,auth_karen_curry_parker,Abundance by Design,
c05bafe4c9ffeff9dbb85a6fba25f558,ЛЮБОВ,Ръководство за последователността на активиране 2 от 4/c05bafe4c9ffeff9dbb85a6fba25f558.pdf,Gene Keys Richard Rudd|Richard Rudd The Gene Keys: Embracing Your Higher Purpose,https://annas-archive.org/md5/c05bafe4c9ffeff9dbb85a6fba25f558,work,work_overlap:1.00,auth_richard_rudd,The Gene Keys: Embracing Your Higher Purpose,
c064bdc18ff9bb2e5e29a6019abd7536,Adobe Illustrator  CS2  Revealed,06d2a9a24a2d2280e8679aa1e6349c6e - Chris.Botello.Adobe.Illustrator.CS2.Revealed/Chris_Botello_Adobe_Illustrator__CS2__Revealed.pdf,Human Design Revealed Dickson,https://annas-archive.org/md5/c064bdc18ff9bb2e5e29a6019abd7536,query,search_query_substring,,,Human Design Revealed Dickson
c068e464a50553e79889f1ee9f00694f,Tecnología digital y realidad virtual (Spanish Edition),Tecnología digital y realidad virtual,Understanding Human Design,https://annas-archive.org/md5/c068e464a50553e79889f1ee9f00694f,query,search_query_substring,,,Understanding Human Design
c0970683b6cbf82f4bf8f06fec8451d2,Why You Are Who You Are: Investigations into Human Personality,,Jenna Zoë Human Design: The Revolutionary System That Shows You Who You Came Here to Be,https://annas-archive.org/md5/c0970683b6cbf82f4bf8f06fec8451d2,work,work_overlap:1.00,auth_jenna_zoe,Human Design: The Revolutionary System That Shows You Who You Came Here to Be,
c0be932cedb32e6b72432a4725f70c94,scihub/10.1109/ieeeconf51394.2020.9443337.pdf,,Peter Schöber,https://annas-archive.org/md5/c0be932cedb32e6b72432a4725f70c94,query,search_query_substring,,,Peter Schöber
c0cf814be2a05a45893985a4d02627b9,Wege zum neuen Gesundheitssystem,Wege zum neuen Gesundheitssystem „Change by Design“ oder „Change by Disaster“?,Human Design Health Haspel,https://annas-archive.org/md5/c0cf814be2a05a45893985a4d02627b9,query,search_query_substring,,,Human Design Health Haspel
c0f599e2d40bac6ac9c41b18ddb974ad,Система на Хюман дизайн,Питър Шьобер - Система на Хюман дизайн - Центровете.pdf,Human Design System Centres Schoeber|Peter Schoeber|Peter Schoeber Das Human Design System – Die Zentren,https://annas-archive.org/md5/c0f599e2d40bac6ac9c41b18ddb974ad,work,work_overlap:1.00,auth_peter_schoeber,Das Human Design System – Die Zentren,
c11436b752809d3796315f9d1dbee9c8,"Animal Sacrifice in Ancient Greek Religion, Judaism, and Christianity, 100 BC to AD 200",Animal Sacrifice in Ancient Greek Religion,Jenna Zoë,https://annas-archive.org/md5/c11436b752809d3796315f9d1dbee9c8,author,surname:Jenna,auth_jenna_zoe,,
c126c50a41204e7cbf8eec7ca6f60a45,Human Design,Human Design - Circuitry: The complete guide to Circuits,Gene Keys Richard Rudd|Richard Rudd|Richard Rudd Human Design|Richard Rudd Human Design: The Revelation|Richard Rudd The Gene Keys: Embracing Your Higher Purpose,https://annas-archive.org/md5/c126c50a41204e7cbf8eec7ca6f60a45,work,work_overlap:1.00,auth_richard_rudd,The Gene Keys: Embracing Your Higher Purpose,
c14fa2701d24611f7baec59fedf1cf9f,"Steve Rhodes [Rhodes, Steve]",Bhan Tugh,Bhan Tugh Rhodes,https://annas-archive.org/md5/c14fa2701d24611f7baec59fedf1cf9f,work,work_overlap:1.00,auth_steve_rhodes,Bhan Tugh,
c167a9abd5e13663b8f93a1b39a701ed,"Architect and Entrepreneur: A Field Guide to Building, Branding, and Marketing Your Startup Design Business",Architect and Entrepreneur: A Field Guide to Building,Living Your Design Bunnell,https://annas-archive.org/md5/c167a9abd5e13663b8f93a1b39a701ed,query,search_query_substring,,,Living Your Design Bunnell
c16def9caed790e8403c58d78bdd396b,Use ASIC Design Methodology for Your Next FPGA Design,Use ASIC Design Methodology for Your Next FPGA Design,Living Your Design Bunnell,https://annas-archive.org/md5/c16def9caed790e8403c58d78bdd396b,query,search_query_substring,,,Living Your Design Bunnell
c1a73c02b98af1e1d5ce51d11f87121b,"Designing Matrix Organizations that Actually Work: How IBM, Procter & Gamble and Others Design for Success (Jossey-Bass Business & Management)",,Triple Design Matrix DreamRave,https://annas-archive.org/md5/c1a73c02b98af1e1d5ce51d11f87121b,query,search_query_substring,,,Triple Design Matrix DreamRave
c1c1bb56a2a6399f754354a0da23069b,You Are Not the Target,How to be Human in an Inhuman World,Jenna Zoë Human Design: The Revolutionary System That Shows You Who You Came Here to Be,https://annas-archive.org/md5/c1c1bb56a2a6399f754354a0da23069b,work,work_overlap:1.00,auth_jenna_zoe,Human Design: The Revolutionary System That Shows You Who You Came Here to Be,
c1ff1463f1ff96977d59595c390ddfaa,Solzhenitsyn : the historical-spiritual destinies of Russia and the West,,Book of Destinies Parkyn,https://annas-archive.org/md5/c1ff1463f1ff96977d59595c390ddfaa,query,search_query_substring,,,Book of Destinies Parkyn
c236282e694284feb46b40fc6c638d5b,"Cross-Cultural Design. Interaction Design Across Cultures: 14th International Conference, CCD 2022, Held as Part of the 24th HCI International Conference, HCII 2022, Virtual Event, June 26 – July 1, 2",13314 constitutes the refereed proceedings of the 14th International Conference on Cross-Cultural Design,Science of Differentiation Human Design,https://annas-archive.org/md5/c236282e694284feb46b40fc6c638d5b,query,search_query_substring,,,Science of Differentiation Human Design
c2c3d1d3e3da10d26c34d9b9b7350073,You were born rich : now you can discover and develop those riches,,Chetan Parkyn Human Design: Discover the Person You Were Born to Be|Chetan Parkyn The Book of Destinies: Discover the Life You Were Born to Live,https://annas-archive.org/md5/c2c3d1d3e3da10d26c34d9b9b7350073,work,work_overlap:1.00,auth_chetan_parkyn,Human Design: Discover the Person You Were Born to Be,
c2c8b10d595dc97ac280c03914824111,Reusability Metrics in Search-Based Testing of Software Product Lines: An Experimentation,,Book of Lines Parkyn,https://annas-archive.org/md5/c2c8b10d595dc97ac280c03914824111,query,search_query_substring,,,Book of Lines Parkyn
c2d57220c0e2093274240ffd77c2aa5a,"Das Medaillon (Die Blackstone Chroniken Teil, #2)",Die Blackstone Chroniken Teil 2 - Das Medaillon.pdf,Peter Schoeber Das Human Design System – Die Zentren|Uljana Daitche Variablen im Human Design: Teil 1 — Die Pfeile,https://annas-archive.org/md5/c2d57220c0e2093274240ffd77c2aa5a,work,work_overlap:1.00,auth_uljana_daitche,Variablen im Human Design: Teil 1 — Die Pfeile,
c2d7ffbe32eb56f548305eadd9b23711,Rave Cosmology I: Bhan Tugh,its vehicle,Bhan Tugh Rhodes|Ra Uru Hu|Ra Uru Hu Rave BodyGraph Circuitry|Ra Uru Hu Rave I'Ching Line Companion|Ra Uru Hu The Complete Rave I'Ching|Ra Uru Hu The Rave I'Ching,https://annas-archive.org/md5/c2d7ffbe32eb56f548305eadd9b23711,work,work_overlap:1.00,auth_ra_uru_hu,The Rave I'Ching,
c2d837433fc5f784a6074c8a88de285e,Introduction to Stochastic Processes with R (Solution Manual),,LYD manual IHDS,https://annas-archive.org/md5/c2d837433fc5f784a6074c8a88de285e,query,search_query_substring,,,LYD manual IHDS
c2fbf8c5f463c97da74bbe9d7ea300e4,Work Design and the Labouring Body: Examining the Impacts of Work Organization on Danish Cleaners’ Health,"different cleaning tasks, and a field study investigating the effects of job enlargement in danish hospitals, we show that cleaning work is characterized",Human Design Health Haspel,https://annas-archive.org/md5/c2fbf8c5f463c97da74bbe9d7ea300e4,query,search_query_substring,,,Human Design Health Haspel
c34ff9bc94b190ea7ee10215394b8de0,"Become the Person You Want to Be: Transcripts of a course on how to use Neuro-Linguistic Programming, Meditation and Neuroscience to become your best self",Become the Person You Want to Be: Transcripts of a course on how to use Neuro-Linguistic Programming,Chetan Parkyn Human Design: Discover the Person You Were Born to Be,https://annas-archive.org/md5/c34ff9bc94b190ea7ee10215394b8de0,work,work_overlap:1.00,auth_chetan_parkyn,Human Design: Discover the Person You Were Born to Be,
c35be942ea170809c25600831e29959e,"Design, History and Time: New Temporalities in a Digital Age",,Jenna Zoe Human Design,https://annas-archive.org/md5/c35be942ea170809c25600831e29959e,query,search_query_substring,,,Jenna Zoe Human Design
c394f1cab332e258f9772f40726f9077,Feng Shui,Feng Shui - Interior Design: Your Guide To Using Feng Shui To Create Good Energy Within Your Home,Living Your Design Bunnell,https://annas-archive.org/md5/c394f1cab332e258f9772f40726f9077,query,search_query_substring,,,Living Your Design Bunnell
c3a1d3baed3a29b33d8156465ccab6e2,"Malaysia, Modernity and the Multimedia Super Corridor : A Critical Geography of Intelligent Landscapes",,Lynda Bunnell,https://annas-archive.org/md5/c3a1d3baed3a29b33d8156465ccab6e2,query,search_query_substring,,,Lynda Bunnell
c3acc482cc230b9bd9d02d42283f8430,Your Home – December 2015,,Living Your Design Bunnell,https://annas-archive.org/md5/c3acc482cc230b9bd9d02d42283f8430,query,search_query_substring,,,Living Your Design Bunnell
c3ba34b94235850b3f6d28e59808b8e7,"RA, the book. [Volume 2] : the Recording Architecture book of studio design",RA The Book Vol 2,Human Design System Ra,https://annas-archive.org/md5/c3ba34b94235850b3f6d28e59808b8e7,query,search_query_substring,,,Human Design System Ra
c3cf73179cea7f18d300963c2585f1a3,The Mould Design Guide,The Mould Design Guide,Erin Claire Jones Human Design,https://annas-archive.org/md5/c3cf73179cea7f18d300963c2585f1a3,query,search_query_substring,,,Erin Claire Jones Human Design
c3dbc4ba8f8bf7625886c04e0d343374,Das große handbuch der Horoskopdeutung,,Uljana Daitche Die 384 Linien der 64 Tore: das große Human Design Handbuch,https://annas-archive.org/md5/c3dbc4ba8f8bf7625886c04e0d343374,work,work_overlap:1.00,auth_uljana_daitche,Die 384 Linien der 64 Tore: das große Human Design Handbuch,
c412cf36bd810bb5ad0a13e78502481e,"Real People. Real Jobs. Real Rewards, What Can You Do with a Major in Psychology (What Can You Do with a Major in...)",,How Do You Choose Human Design,https://annas-archive.org/md5/c412cf36bd810bb5ad0a13e78502481e,query,search_query_substring,,,How Do You Choose Human Design
c41492fc36b10ba1e020355f8c3b1491,Encyclopedia of the Human Brain,Brain Mapping Methods,Karen Curry Parker The Encyclopedia of Quantum Human Design,https://annas-archive.org/md5/c41492fc36b10ba1e020355f8c3b1491,work,work_overlap:1.00,auth_karen_curry_parker,The Encyclopedia of Quantum Human Design,
c4170583a3c2cd0b68d7f78373823860,Third Party Authorization of LwM2M Clients: Poster Abstract,"current management schemes such as lwm2m. in this poster, we propose an authorization mechanism for lwm2m clients for gaining access to resources hosted",Understanding Clients Human Design,https://annas-archive.org/md5/c4170583a3c2cd0b68d7f78373823860,query,search_query_substring,,,Understanding Clients Human Design
c42d90501b65203f50d7af670c00ed8f,Die große Fotoschule Digitale Fotopraxis,,Uljana Daitche Die 384 Linien der 64 Tore: das große Human Design Handbuch,https://annas-archive.org/md5/c42d90501b65203f50d7af670c00ed8f,work,work_overlap:1.00,auth_uljana_daitche,Die 384 Linien der 64 Tore: das große Human Design Handbuch,
c4406709e6d054f68013c44f9353b1b0,"Der Albert N'yanza, das große Becken des Nil, und die Erforschung der Nilquellen",,Uljana Daitche Die 384 Linien der 64 Tore: das große Human Design Handbuch,https://annas-archive.org/md5/c4406709e6d054f68013c44f9353b1b0,work,work_overlap:1.00,auth_uljana_daitche,Die 384 Linien der 64 Tore: das große Human Design Handbuch,
c452d91facfca4fc0bc7bd8c1a3926e8,Health equity in the implementation of genomics and precision medicine: A public health imperative,,Living Your Design Bunnell|Lynda Bunnell,https://annas-archive.org/md5/c452d91facfca4fc0bc7bd8c1a3926e8,work,work_overlap:0.60,auth_lynda_bunnell,Living Your Design Student Manual,
c455ede70dd6714d09b0e0f367716dce,Half-Lines and Repetitions in Virgil,"the clarendon press, oxford.read more…english [en] · pdf · 6.8mb · 1931 · 📘 book (non-fiction) · 🚀/lgli/lgrs/nexusstc/zlib    ·save·9·1base score: 11065.0, final score: 18.19298",Book of Lines Parkyn,https://annas-archive.org/md5/c455ede70dd6714d09b0e0f367716dce,query,search_query_substring,,,Book of Lines Parkyn
c4656b09dccde5dbfbaa6e22c99b1316,Die Blockfreien-bewegung Seit 1989 (german Edition),,Eleanor Haspel-Portner,https://annas-archive.org/md5/c4656b09dccde5dbfbaa6e22c99b1316,query,search_query_substring,,,Eleanor Haspel-Portner
c468e60eb7b10af5cb813a4296a8dd1b,The Egoscue Method of Health Through Motion: A Revolutionary Program That Lets You Rediscover the Body's Power To Protect and Rejuvenate Itself,a relaxing evening stroll through the neighborhood,Jenna Zoë Human Design: The Revolutionary System That Shows You Who You Came Here to Be,https://annas-archive.org/md5/c468e60eb7b10af5cb813a4296a8dd1b,work,work_overlap:1.00,auth_jenna_zoe,Human Design: The Revolutionary System That Shows You Who You Came Here to Be,
c49f0cdc4c6939739c2c4c79b1870736,Guidelines for the Design and Construction of Hospital and Health Care Facilities,Guidelines for the Design and Construction of Hospital and Health Care Facilities,Human Design Health Haspel,https://annas-archive.org/md5/c49f0cdc4c6939739c2c4c79b1870736,query,search_query_substring,,,Human Design Health Haspel
c4ac06034d8d452d403d18b81e77422d,Adobe premiere pro 2.0 revealed,,Human Design Revealed Dickson,https://annas-archive.org/md5/c4ac06034d8d452d403d18b81e77422d,query,search_query_substring,,,Human Design Revealed Dickson
c4d8177ed68a2ee1c35da9a030e57220,PBooks Collection 2023,,Jovian Archive,https://annas-archive.org/md5/c4d8177ed68a2ee1c35da9a030e57220,query,search_query_substring,,,Jovian Archive
c500ea868b5fea1004dec4cd19215876,"Understanding Virtual Reality: Interface, Application, and Design (The Morgan Kaufmann Series in Computer Graphics)",,Robin Winn Understanding the Centers in Human Design,https://annas-archive.org/md5/c500ea868b5fea1004dec4cd19215876,work,work_overlap:1.00,auth_robin_winn,Understanding the Centers in Human Design,
c517a91d57f9f9af33761315611babc3,Environment-Behavior Studies for Healthcare Design,"modifying environmental attributes, such as space configuration, color, and lighting, signage, acoustics, and artwork. it addresses a range of healthcare facilities including children's hospitals, long-term care, acute care and outpatient care facilities, and uses a range of evidence-based design research methods, such as interviews, focus groups, observations, surveys and space syntax. the author also explains how research evidence and evidence-based design can be integrated into healthcare design more cohesively in a redefined design process. this book provides a solid conceptual structure that informs a clear map for understanding the eb theories and their applications in healthcare design. this research guide for healthcare design helps students, academics, designers and architects reconsider how to create environments that support patients' healing and well-being whilst considering efficiency and safety""-- provided",Human Design Health Haspel,https://annas-archive.org/md5/c517a91d57f9f9af33761315611babc3,query,search_query_substring,,,Human Design Health Haspel
c541f2b966dfa4fa7e551689fb3e465c,Add Audio and Video to Your Site The Mini Missing Manual,,Living Your Design Student Manual|Lynda Bunnell Living Your Design Student Manual,https://annas-archive.org/md5/c541f2b966dfa4fa7e551689fb3e465c,work,work_overlap:1.00,auth_lynda_bunnell,Living Your Design Student Manual,
c557f96db5716891a62ed3b8637a94a0,Be the Change You Want to See. Is That All?,Be the Change You Want to See. Is That All?.pdf,Jenna Zoë Human Design: The Revolutionary System That Shows You Who You Came Here to Be,https://annas-archive.org/md5/c557f96db5716891a62ed3b8637a94a0,work,work_overlap:1.00,auth_jenna_zoe,Human Design: The Revolutionary System That Shows You Who You Came Here to Be,
c57680d07c061efd998f518da4e2c80b,"Mathematik für Ingenieure mit Maple: Band 1: Differential- und Integralrechnung für Funktionen einer Variablen, Vektor- und Matrizenrechnung, Komplexe Zahlen, Funktionenreihen",Umfassende Ergänzung der MA- PLE-Ausarbeitungen. - zahlreiche neu erstellte Visualisie- rungen.- Anpassung an MAPLE 6. - Neue Anwendungsbeispiele aus dem Maschinenbau. - Einfache,Daitche Variablen,https://annas-archive.org/md5/c57680d07c061efd998f518da4e2c80b,query,search_query_substring,,,Daitche Variablen
c58610bacd9b45182551bb754e855d6a,Mastering Android Application Development Learn how to do m.pdf,,Jenna Zoë Human Design: The Revolutionary System That Shows You Who You Came Here to Be,https://annas-archive.org/md5/c58610bacd9b45182551bb754e855d6a,work,work_overlap:1.00,auth_jenna_zoe,Human Design: The Revolutionary System That Shows You Who You Came Here to Be,
c5b1883b44e7eb2cc1d58cd4ab698b05,Foundations of Celestial Mechanics,"the authors over many years at both padua university (mc) and v.n. karazin kharkiv national university (eb). the book aims to provide a mathematical description of the gravitational interaction of celestial bodies. the approach to the problem is purely formal. it allows the authors to write equations of motion and solve them to the greatest degree possible, either exactly or",Chaitanyo Ephemeris,https://annas-archive.org/md5/c5b1883b44e7eb2cc1d58cd4ab698b05,query,search_query_substring,,,Chaitanyo Ephemeris
c6249de3cbfc8f6faf4419effef92c5a,Design and Development for Highly Permeable Mixed Matrix Membranes (MMMs) for Gas Separation,,Triple Design Matrix DreamRave,https://annas-archive.org/md5/c6249de3cbfc8f6faf4419effef92c5a,query,search_query_substring,,,Triple Design Matrix DreamRave
c66172221e2a714848751d33a5bb5f13,c66172221e2a714848751d33a5bb5f13.pdf,,Peter Schoeber Das Human Design System – Die Zentren,https://annas-archive.org/md5/c66172221e2a714848751d33a5bb5f13,work,work_overlap:1.00,auth_peter_schoeber,Das Human Design System – Die Zentren,
c68c0e9340ee2fb8b42eb59cdb719f03,In vitro Studien zum Einfluss bestrahlter Kopf-Hals-Tumorzellen auf die Differenzierung humaner Monozyten zu Makrophagen,,Science of Differentiation Human Design,https://annas-archive.org/md5/c68c0e9340ee2fb8b42eb59cdb719f03,query,search_query_substring,,,Science of Differentiation Human Design
c6ed95130faba54c8458eeaf22bddc26,The First Three Minutes,A Moderm View of the Origin of the Universe_120750748.pdf,Rave Cosmology,https://annas-archive.org/md5/c6ed95130faba54c8458eeaf22bddc26,query,search_query_substring,,,Rave Cosmology
c6fa0cb83c07877a7ca1e41995e6a6d9,The real cosmology on base our knowledge of physics_115128371.pdf,,Rave Cosmology,https://annas-archive.org/md5/c6fa0cb83c07877a7ca1e41995e6a6d9,query,search_query_substring,,,Rave Cosmology
c6fc9de12d463e989c36fe7e32c83d4f,Your soul's gift : the healing power of the life you planned before you were born,Your Soul's Gift: The Healing Power of the Life You Planned Before You Were Born.pdf,Chetan Parkyn The Book of Destinies: Discover the Life You Were Born to Live,https://annas-archive.org/md5/c6fc9de12d463e989c36fe7e32c83d4f,work,work_overlap:1.00,auth_chetan_parkyn,The Book of Destinies: Discover the Life You Were Born to Live,
c71c853e25bd349f50b539144642456f,Degruyter Imprints v2 [09-06-23],,Uljana Daitche Die 384 Linien der 64 Tore: das große Human Design Handbuch,https://annas-archive.org/md5/c71c853e25bd349f50b539144642456f,work,work_overlap:1.00,auth_uljana_daitche,Die 384 Linien der 64 Tore: das große Human Design Handbuch,
c727537810232a447e0a16312691ac38,The Spirit of Colin McCahon,or chose to ignore it. The Spirit of Colin McCahon tracks the intricate process by which the artist's body of work turned from optimism to misery,Jenna Zoe Human Design,https://annas-archive.org/md5/c727537810232a447e0a16312691ac38,query,search_query_substring,,,Jenna Zoe Human Design
c755acadeb48b2756724ab87b95a1135,"DIY Drones for the Evil Genius: Design, Build, and Customize Your Own Drones: Design, Build, and Customize Your Own Drones",DIY Drones for the Evil Genius: Design,Living Your Design Bunnell,https://annas-archive.org/md5/c755acadeb48b2756724ab87b95a1135,query,search_query_substring,,,Living Your Design Bunnell
c75d7e7863e34a6c4a4648354e6c733c,"Roach, Rudd & Bream Fishing.",Roach,Richard Rudd,https://annas-archive.org/md5/c75d7e7863e34a6c4a4648354e6c733c,work,work_overlap:0.67,auth_richard_rudd,Human Design: The Revelation,
c778e55ce0050b4fc5318a1c1fe0909f,Das große Handbuch der Oper. Ergänzungsband 2009 zur 4. Auflage,Das große Handbuch der Oper - Ergänzungsband 2009 zur 4. Auflage.pdf,Uljana Daitche Die 384 Linien der 64 Tore: das große Human Design Handbuch,https://annas-archive.org/md5/c778e55ce0050b4fc5318a1c1fe0909f,work,work_overlap:1.00,auth_uljana_daitche,Die 384 Linien der 64 Tore: das große Human Design Handbuch,
c78ecaf6e7e82bddc3ea4c8724f13836,Microwave Network Design Using the Scattering Matrix (Artech House Microwave Library),"electrical signals. the parameters of the scattering matrix are highly useful to electrical engineers involved with microwave circuit and system design. this authoritative resource provides comprehensive and detailed coverage of the wave approach to microwave network characterization, analysis, and design using scattering parameters. for the first time in any book, all aspects and approaches to wave variables and the scattering matrix are explored. the book compares and contrasts voltage waves, travelling waves, pseudo waves, and power waves, and explains the differences between real scattering parameters, pseudo scattering parameters, and power scattering parameters. moreover, professionals find clear methods for standard single-ended multiport network design and noise analysis. this in-depth reference is packed with over 1,100 equations and numerous illustrations.read more…english [en] · pdf · 2.2mb · 2010 · 📘 book (non-fiction) · 🚀/lgli/lgrs/nexusstc/zlib    ·save·25·1base score: 11065.0, final score: 25.878197",Triple Design Matrix DreamRave,https://annas-archive.org/md5/c78ecaf6e7e82bddc3ea4c8724f13836,query,search_query_substring,,,Triple Design Matrix DreamRave
c79d6d93bc11a45684696721aa98fb97,Compact Representations for the Design of Quantum Logic,a means of compactly and efficiently representing and manipulating quantum logic. For future quantum computers,Karen Curry Parker The Encyclopedia of Quantum Human Design,https://annas-archive.org/md5/c79d6d93bc11a45684696721aa98fb97,work,work_overlap:1.00,auth_karen_curry_parker,The Encyclopedia of Quantum Human Design,
c7b47e1ffdaaf092fad03ec337e75675,Разбиране на човешкия дизайн,"the late spiritual teacher ra uru hu, human design is often called the'new astrology,'and the'intersection of science and spirituality.'your human design chart is formulated",Karen Curry Human Design|Karen Curry Parker|Karen Curry Parker The Encyclopedia of Quantum Human Design|Karen Curry Parker Understanding Human Design: The New Science of Astrology,https://annas-archive.org/md5/c7b47e1ffdaaf092fad03ec337e75675,work,work_overlap:1.00,auth_karen_curry_parker,Understanding Human Design: The New Science of Astrology,
c7bf96e4fbb40c474a7fec5ec437ddb1,"Digital Design with RTL Design, VHDL, and Verilog Solution Manual","your side, you'll gain a better understanding of how to apply the material in the book to real-world scenarios.read more…english [en] · pdf · 3.1mb · 2010 · 📘 book (non-fiction) · 🚀/lgli/lgrs/nexusstc/zlib    ·save·269·1base score: 11065.0, final score: 1.6742791",Understanding Human Design,https://annas-archive.org/md5/c7bf96e4fbb40c474a7fec5ec437ddb1,query,search_query_substring,,,Understanding Human Design
c7ca2962ae65b39922a80c2d28ea24bc,"Die betriebliche Sozialpolitik im Ruhrkohlenbergbau: Die betriebliche Sozialpolitik einzelner Industriezweige, erster Teil. Hrsg. von Goetz Briefs. (Schriften des Vereins für Sozialpolitik, Band 186",,Uljana Daitche Variablen im Human Design: Teil 1 — Die Pfeile,https://annas-archive.org/md5/c7ca2962ae65b39922a80c2d28ea24bc,work,work_overlap:1.00,auth_uljana_daitche,Variablen im Human Design: Teil 1 — Die Pfeile,
c7cf834a252db81b10076a61dd12c208,newsarch_ebooks_2025_10,,Jenna Zoë Human Design: The Revolutionary System That Shows You Who You Came Here to Be,https://annas-archive.org/md5/c7cf834a252db81b10076a61dd12c208,work,work_overlap:1.00,auth_jenna_zoe,Human Design: The Revolutionary System That Shows You Who You Came Here to Be,
c7e24a96843f712b7134d783a0e63ec3,Curry Compendium: Misty Ricardo's Curry Kitchen,Curry Compendium: Misty Ricardo's Curry Kitchen,Karen Curry Parker,https://annas-archive.org/md5/c7e24a96843f712b7134d783a0e63ec3,work,work_overlap:0.75,auth_karen_curry_parker,Abundance by Design,
c7f2d3667b4cf1cddc5c8a521d71c2d9,"Design, Operation and Evaluation of Mobile Communications: 4th International Conference, MOBILE 2023, Held as Part of the 25th HCI International Conference, HCII 2023, Copenhagen, Denmark, July 23–28,",,"Lynda Bunnell Human Design: The Definitive Book of Human Design, The Science of Differentiation",https://annas-archive.org/md5/c7f2d3667b4cf1cddc5c8a521d71c2d9,work,work_overlap:1.00,auth_lynda_bunnell,"Human Design: The Definitive Book of Human Design, The Science of Differentiation",
c7f80fab6df2a045b90ede7772a4cb2a,"Aufgabensammlung zur Infinitesimalrechnung : Band II B, Differentialrechnung auf dem Gebiete mehrerer Variablen Lösungen",,Daitche Variablen,https://annas-archive.org/md5/c7f80fab6df2a045b90ede7772a4cb2a,query,search_query_substring,,,Daitche Variablen
c82406a22498c8d94195c2e2f22c3dfc,Channels by Type 2,Channels by Type 2 - Manifesting and Generating Channels,"Human Design System Ra|LYD manual IHDS|Lynda Bunnell Human Design: The Definitive Book of Human Design, The Science of Differentiation|Ra Uru Hu Rave BodyGraph Circuitry|Ra Uru Hu Rave I'Ching Line Companion|Ra Uru Hu The Complete Rave I'Ching|Ra Uru Hu The Nine Centres and their Gates|Ra Uru Hu The Rave I'Ching|Rave I'Ching",https://annas-archive.org/md5/c82406a22498c8d94195c2e2f22c3dfc,work,work_overlap:1.00,auth_ra_uru_hu,The Rave I'Ching,
c86a7a427d83f32ee49ad7b6d96b0af8,c86a7a427d83f32ee49ad7b6d96b0af8.pdf,,Eleanor Haspel-Portner,https://annas-archive.org/md5/c86a7a427d83f32ee49ad7b6d96b0af8,query,search_query_substring,,,Eleanor Haspel-Portner
c86f1c061de92ef5f56a4f686832ef8e,Hands On: C Programming and Unix Application Design: UNIX System Calls and Subroutines using C,gcc......page 531,Human Design Revolutionary System|Human Design System Centres Schoeber,https://annas-archive.org/md5/c86f1c061de92ef5f56a4f686832ef8e,work,work_overlap:0.67,auth_peter_schoeber,Human Design System – The Centres,
c86f430884d62385970d0e992d7f0509,"Style A to Zoe : the art of fashion, beauty, and everything glamour",Style A to Zoe,Jenna Zoe Human Design|Jenna Zoë,https://annas-archive.org/md5/c86f430884d62385970d0e992d7f0509,query,search_query_substring,,,Jenna Zoe Human Design
c8831be96c280658b56799d28ea548d5,Interaction Design 5th.pdf,"researchers and designers.read more…english [en] · pdf · 21.3mb · 2019 · 📘 book (non-fiction) · 🚀/lgli/lgrs/nexusstc/upload/zlib    ·save·763·1base score: 11065.0, final score: 21.855446",64keys Human Design,https://annas-archive.org/md5/c8831be96c280658b56799d28ea548d5,query,search_query_substring,,,64keys Human Design
c89027916f614503740a1d43d89b5421,"Minimalist Living: A Guide To Successfully De-Clutter Your Home, Organize Your Life, Eliminate Stress & Embrace Simplicity",Minimalist Living: A Guide To Successfully De-Clutter Your Home,Living Your Design Bunnell|Lynda Bunnell Living Your Design Student Manual,https://annas-archive.org/md5/c89027916f614503740a1d43d89b5421,work,work_overlap:1.00,auth_lynda_bunnell,Living Your Design Student Manual,
c894782bf7dc5af1b1f06bec3b767639,"Impact: Design With All Senses : Proceedings of the Design Modelling Symposium, Berlin 2019","taking into consideration the interlinked elements and forces that act on them. shifting away from the traditional focus, which was exclusively on building tasks, this approach presents new challenges in all areas of the industry, from material and structural to the urban scale. the book presents contributions including research papers and case studies, providing a comprehensive overview of the field as well as perspectives from related disciplines, such as computer science. the chapter authors were invited speakers at the 7th symposium “impact: design with all senses”, which took place at the university of the arts in berlin in september 2019.read more…english [en] · pdf · 248.3mb · 2020 · 📘 book (non-fiction) · lgli/scihub    ·save·1base score: 11060.0, final score: 20.814327",Beyond Human Design|Chetan Parkyn Human Design|Chiron Ephemeris Human Design|Daitche Human Design|Emma Dunwoody Human Design|Jenna Zoe Human Design|Karen Curry Human Design|Quantum Human Design|Richard Rudd Human Design|Robin Winn Human Design|Steve Rhodes Human Design|Understanding Clients Human Design|Understanding Human Design|Zen Human Design Ephemeris|Zeno Dickson Human Design,https://annas-archive.org/md5/c894782bf7dc5af1b1f06bec3b767639,work,work_overlap:0.80,auth_robin_winn,Understanding Your Clients Through Human Design,
c8d837fc806dfdb48a1669985121c2cf,newsarch_ebooks_2025_10,And Scores Of Today's Analysts,Chaitanyo Ephemeris,https://annas-archive.org/md5/c8d837fc806dfdb48a1669985121c2cf,query,search_query_substring,,,Chaitanyo Ephemeris
c8fefb2e21e67db7d10a2d5e4e005688,1,More Health Books/Food Plant Sanitation - M. Cramer,Human Design Health Haspel,https://annas-archive.org/md5/c8fefb2e21e67db7d10a2d5e4e005688,query,search_query_substring,,,Human Design Health Haspel
c902b5f023815cb2bec0e6086efdc46b,Anthropos_28264777.pdf,,Rave Cosmology,https://annas-archive.org/md5/c902b5f023815cb2bec0e6086efdc46b,query,search_query_substring,,,Rave Cosmology
c904fdccd3eaa1f9f61df12e6e8d3c5f,system-design-interview,,Human Design Revolutionary System|Human Design System Centres Schoeber|Human Design System Ra,https://annas-archive.org/md5/c904fdccd3eaa1f9f61df12e6e8d3c5f,work,work_overlap:0.67,auth_peter_schoeber,Human Design System – The Centres,
c948085d3aa2ea862e9a245e9c9e73ed,scihub/10.1109/wcnc49053.2021.9417582.pdf,,Peter Schöber,https://annas-archive.org/md5/c948085d3aa2ea862e9a245e9c9e73ed,query,search_query_substring,,,Peter Schöber
c95a24b6d4f050dc3964c609ba644a69,Career Command Through Filipino Martial Arts: Advance Your Career Like A Warrior!,Career Command Through Filipino Martial Arts: Advance Your Career Like A Warrior!,Robin Winn Understanding Your Clients Through Human Design,https://annas-archive.org/md5/c95a24b6d4f050dc3964c609ba644a69,work,work_overlap:1.00,auth_robin_winn,Understanding Your Clients Through Human Design,
c98ed8f1f0056dae6d2485026d9d6426,Interactive Technologies: Contextual Design: Design for Life (2),"user data, ideation techniques, and principles key to producing a compelling user experience</li> <li>explains how to structure the system and user interface to best support the user across place, time, and platform</li></ul>read more…english [en] · pdf · 23.5mb · 2017 · 📘 book (non-fiction) · 🚀/lgli/lgrs/nexusstc/zlib    ·save·151·1base score: 11065.0, final score: 27.649242",Peter Schoeber Das Human Design System – Die Zentren,https://annas-archive.org/md5/c98ed8f1f0056dae6d2485026d9d6426,work,work_overlap:1.00,auth_peter_schoeber,Das Human Design System – Die Zentren,
c9a8e27bf746eb5d251b00f40b13482c,From World City to the World in One City: Liverpool through Malay Lives,,Lynda Bunnell,https://annas-archive.org/md5/c9a8e27bf746eb5d251b00f40b13482c,query,search_query_substring,,,Lynda Bunnell
c9ac38146181060890f5690d4ab5f0cc,Biology Design System,Biology Design System,Eleanor Haspel-Portner|Human Design Health Haspel|Human Design System Ra|Prophecy Ra Uru Hu Rhodes|Ra Uru Hu|Ra Uru Hu Generator Book|Ra Uru Hu Line Resonance,https://annas-archive.org/md5/c9ac38146181060890f5690d4ab5f0cc,work,work_overlap:1.00,auth_ra_uru_hu,Generator Book,
c9b157644a80fb1e41ab7670c9ccaa96,Canaries in the Data Mine: Understanding the Proprietary Design of Youth Environments,"others and designed for profit. at the book's core is a participatory research project that first interviewed new york city teens about their digital habits and then engaged a group of five young people in designing the prototypical platform of their time: a social network. in this engaging book, gregory t. donovan penetrates beyond the interface to consider the digital geography of contemporary youth, arguing that understanding what young people are grappling with portends what is, or will soon be, felt",Understanding Human Design,https://annas-archive.org/md5/c9b157644a80fb1e41ab7670c9ccaa96,query,search_query_substring,,,Understanding Human Design
c9c26f7c69a30744c229734b3980129a,Jennifer Visocky OGrady,knowing your clients & what they really need_116849364.pdfdesigners research manual: succeed in design,Living Your Design Student Manual|Lynda Bunnell Living Your Design Student Manual|Robin Winn Understanding Your Clients Through Human Design|Understanding Clients Human Design,https://annas-archive.org/md5/c9c26f7c69a30744c229734b3980129a,work,work_overlap:1.00,auth_lynda_bunnell,Living Your Design Student Manual,
ca1aa582a7d3006503318b2d215f8100,newsarch_ebooks_2025_10,,Daitche Variablen,https://annas-archive.org/md5/ca1aa582a7d3006503318b2d215f8100,query,search_query_substring,,,Daitche Variablen
ca416f5ae0c485b3ee7f03005036e07f,Z,More books,Human Design Made Simple Dunwoody,https://annas-archive.org/md5/ca416f5ae0c485b3ee7f03005036e07f,query,search_query_substring,,,Human Design Made Simple Dunwoody
ca5326baa0012d22f40f21577158a9d5,Love Song for the Life of the Mind: An Essay on the Purpose of Comedy,exploring how this aristotelian argument might underlie the symposium's claim that the fine artist of tragedy should also create fine comedy. the book will appeal both to those interested in aristotle and those interested in dramatic theory and criticism.,Richard Rudd The Gene Keys: Embracing Your Higher Purpose,https://annas-archive.org/md5/ca5326baa0012d22f40f21577158a9d5,work,work_overlap:1.00,auth_richard_rudd,The Gene Keys: Embracing Your Higher Purpose,
ca9b7126d1da951049ea8d67e75eaa69,2011 Peggy Rudd,My Husband Wears My Clothes - Crossdressing From the Perspective of a Wife[2ndED]_Rsvl.pdf,Richard Rudd|Richard Rudd Human Design|Richard Rudd Human Design: The Revelation,https://annas-archive.org/md5/ca9b7126d1da951049ea8d67e75eaa69,work,work_overlap:1.00,auth_richard_rudd,Human Design: The Revelation,
ca9bcd7fb9a7634cd27a91ebc7a40b4d,Manual básico de seguridad informática para activistas,,LYD manual IHDS,https://annas-archive.org/md5/ca9bcd7fb9a7634cd27a91ebc7a40b4d,query,search_query_substring,,,LYD manual IHDS
cabc2f6ff69fbc82bf8ebc319fc7d2bc,Linear matrix inequality-based proportional-integral control design with application to F-16 aircraft,,Triple Design Matrix DreamRave,https://annas-archive.org/md5/cabc2f6ff69fbc82bf8ebc319fc7d2bc,query,search_query_substring,,,Triple Design Matrix DreamRave
cb00d8dd71fa6156f88806de03d59a07,Handbuch der preussischen Geschichte: Das 19. Jahrhundert und grosse Themen der Geschichte Preussens,,Uljana Daitche Die 384 Linien der 64 Tore: das große Human Design Handbuch,https://annas-archive.org/md5/cb00d8dd71fa6156f88806de03d59a07,work,work_overlap:1.00,auth_uljana_daitche,Die 384 Linien der 64 Tore: das große Human Design Handbuch,
cb0cfe7f1a5e5427f8e82024367a4598,Quellen zur Kirchenreform im Zeitalter der großen Konzilien des 15. Jahrhunderts: Band I: Die Konzilien von Pisa (1409) und Konstanz (1414-1418),,Uljana Daitche Variablen im Human Design: Teil 1 — Die Pfeile,https://annas-archive.org/md5/cb0cfe7f1a5e5427f8e82024367a4598,work,work_overlap:1.00,auth_uljana_daitche,Variablen im Human Design: Teil 1 — Die Pfeile,
cb76500cb0afe0716c172e698df47923,hathi/uc1/pairtree_root/$b/99/95/7/$b99957/$b99957.zip,"ernest a. parkyn ... with 16 plates (2 of which are coloured) and 318 illustrations in the text.parkyn, ernest albert, b. 1857.longmans, green and co., 1915., england, 1915english [en] · zip · 0.3mb · 1915 · 📗 book (unknown) · 🚀/hathi    ·save·1base score: 10937.0, final score: 22.585556",Chetan Parkyn,https://annas-archive.org/md5/cb76500cb0afe0716c172e698df47923,query,search_query_substring,,,Chetan Parkyn
cba10e3db996159d4b0b3b5e9e2dbc99,Degruyter Imprints v2 [09-06-23],,Daitche Variablen|Uljana Daitche Variablen im Human Design: Teil 1 — Die Pfeile,https://annas-archive.org/md5/cba10e3db996159d4b0b3b5e9e2dbc99,work,work_overlap:1.00,auth_uljana_daitche,Variablen im Human Design: Teil 1 — Die Pfeile,
cba34d5643ba73cbe6f190f3beeda816,Enhancing building performance,"experts from around the world the book demonstrates how to apply bpe to enhance building design. topics covered include: evidence-based and integrative design processes, evaluation methods and tools, and education and knowledge transfer. in addition, case studies provide specific examples of how bpe has been used to study such things as the impact of workplace design on human productivity and innovation""-- provided",Understanding Human Design,https://annas-archive.org/md5/cba34d5643ba73cbe6f190f3beeda816,query,search_query_substring,,,Understanding Human Design
cbb007e53bd74a2e54056127ef0adba3,Control System Design: Lecture notes for ME 155A,,Human Design Revolutionary System|Human Design System Centres Schoeber,https://annas-archive.org/md5/cbb007e53bd74a2e54056127ef0adba3,work,work_overlap:0.67,auth_peter_schoeber,Human Design System – The Centres,
cc37e2ab072625207a7f0e4fc1a62dab,Degruyter Imprints v2 [09-06-23],,Chaitanyo Ephemeris,https://annas-archive.org/md5/cc37e2ab072625207a7f0e4fc1a62dab,query,search_query_substring,,,Chaitanyo Ephemeris
cc3925c98d37acaf6e6d4c3b898f4520,Secret Revealed: +500 LINUX Commands,Secret Revealed: +500 LINUX Commands,Human Design Revealed Dickson,https://annas-archive.org/md5/cc3925c98d37acaf6e6d4c3b898f4520,query,search_query_substring,,,Human Design Revealed Dickson
cc66c6d6d9d5b5576108f8b2ae4b4940,Structural And Vibration Guidelines For Datacom Equipment Centers (ashrae Datacom Series),,Understanding Centers Human Design,https://annas-archive.org/md5/cc66c6d6d9d5b5576108f8b2ae4b4940,query,search_query_substring,,,Understanding Centers Human Design
cc6cfc6f9f1415d7223a6a3aa26eda49,Rave Psychology,Rave Psychology - Personality External color book,Human Design System Ra|LYD manual IHDS|Prophecy Ra Uru Hu Rhodes|Ra Uru Hu|Ra Uru Hu Generator Book|Ra Uru Hu Line Resonance|Ra Uru Hu Rave BodyGraph Circuitry|Ra Uru Hu Rave I'Ching Line Companion|Ra Uru Hu The Complete Rave I'Ching|Ra Uru Hu The Nine Centres and their Gates|Ra Uru Hu The Rave I'Ching,https://annas-archive.org/md5/cc6cfc6f9f1415d7223a6a3aa26eda49,work,work_overlap:1.00,auth_ra_uru_hu,The Rave I'Ching,
cca78c178fe7f5ec6a1d5850c9f75d6b,PBooks Collection 2023,,Jovian Archive,https://annas-archive.org/md5/cca78c178fe7f5ec6a1d5850c9f75d6b,query,search_query_substring,,,Jovian Archive
ccd3b5aa1f8ad6adc59b138329732653,I Choo-Choo-Choose You!: A Short Story,"link, gwen begins to realize that the love you have to earn just may be the love that means the most.",How Do You Choose Human Design,https://annas-archive.org/md5/ccd3b5aa1f8ad6adc59b138329732653,query,search_query_substring,,,How Do You Choose Human Design
cd27ad653acb629d1ef7e0f3340239d3,Iberoamericana Vervuert [RETAIL],,Peter Schoeber Das Human Design System – Die Zentren,https://annas-archive.org/md5/cd27ad653acb629d1ef7e0f3340239d3,work,work_overlap:1.00,auth_peter_schoeber,Das Human Design System – Die Zentren,
cd8d857a880f5b8dcf88da3a24334ea1,newsarch_ebooks_2025_10,Design for Climate Adaptation: Billie Faircloth and Maibritt Pedersen Zari- Design for Rethinking Resources: Carlo Ratti and Mette Ramsgaard Thomsen,Human Design Health Haspel,https://annas-archive.org/md5/cd8d857a880f5b8dcf88da3a24334ea1,query,search_query_substring,,,Human Design Health Haspel
cd9b7d99e48ffd254e0c30ef7dbd74cc,6. Middle Ages Series,The Year 1300 and the Creation of a new European Architecture,Jenna Zoe Human Design,https://annas-archive.org/md5/cd9b7d99e48ffd254e0c30ef7dbd74cc,query,search_query_substring,,,Jenna Zoe Human Design
cda94e94837a56236b17b17dfb2e456a,Einfluss von Wasserstoffperoxid auf die Differenzierung und Funktionalität humaner dendritischer Zellen,,Science of Differentiation Human Design,https://annas-archive.org/md5/cda94e94837a56236b17b17dfb2e456a,query,search_query_substring,,,Science of Differentiation Human Design
cde6d1ca0210eb6ea45ad9fe1e15b842,"Human-Centered Service Design for Healthcare Transformation: Development, Innovation, Change","recognized experts, scholars, and practitioners, this book demonstrates how, where, and when to successfully apply human-centered service design at multiple levels, including corporate, departmental, and product/service. value-added services are not only assessed in terms of their effectiveness, efficiency, and productivity, but also bearing in mind human emotions, interactions, and communication techniques as an important part of service provision. accordingly, the book will appeal to scholars and practitioners in the hospital and healthcare sector, and to anyone interested in organizational development, service business model innovation, customer involvement and perceptions, and the service experience.read more…english [en] · pdf · 12.0mb · 2023 · 📘 book (non-fiction) · 🚀/lgli/lgrs/nexusstc/zlib    ·save·119·1base score: 11065.0, final score: 22.085217",64keys Human Design|Human Design Health Haspel,https://annas-archive.org/md5/cde6d1ca0210eb6ea45ad9fe1e15b842,query,search_query_substring,,,Human Design Health Haspel
cdeb398781bdb49e043bf7e91314b9c3,"Self-Help, Relationships & Lifestyle",,Chetan Parkyn The Book of Destinies: Discover the Life You Were Born to Live,https://annas-archive.org/md5/cdeb398781bdb49e043bf7e91314b9c3,work,work_overlap:1.00,auth_chetan_parkyn,The Book of Destinies: Discover the Life You Were Born to Live,
ce3a53a2c3991114e87c8417296d8a96,"Primary Care Centres, Second Edition: A Guide to Health Care Design",,Human Design System Centres Schoeber,https://annas-archive.org/md5/ce3a53a2c3991114e87c8417296d8a96,work,work_overlap:0.67,auth_peter_schoeber,Human Design System – The Centres,
ce4a6e29d5ade908ef0ff7a58aabaf32,scihub/10.1145/3450268.3458855.pdf,,Karen Curry Human Design|Karen Curry Parker The Encyclopedia of Quantum Human Design,https://annas-archive.org/md5/ce4a6e29d5ade908ef0ff7a58aabaf32,work,work_overlap:1.00,auth_karen_curry_parker,The Encyclopedia of Quantum Human Design,
ce4b810cdfecb1a7260d4051d91e932d,Renaissance and Enlightenment,Forms of Conflict and Rivalries in Renaissance Europe,Book of Lines Parkyn,https://annas-archive.org/md5/ce4b810cdfecb1a7260d4051d91e932d,query,search_query_substring,,,Book of Lines Parkyn
cea1d014b939cc45f761143c5c2f68de,Enterprise Distributed Data Centers SRND,Design Guide.pdf,Understanding Centers Human Design,https://annas-archive.org/md5/cea1d014b939cc45f761143c5c2f68de,query,search_query_substring,,,Understanding Centers Human Design
cea8fa73da3d653947c35d0adad9cd93,2016 Elisabeth Schober,Base Encounters - The US Armed Forces in South Korea_Refl.pdf,Peter Schöber,https://annas-archive.org/md5/cea8fa73da3d653947c35d0adad9cd93,query,search_query_substring,,,Peter Schöber
ceb74d7f6ee313025463f04e0344c737,Strategies and Technologies for Developing Online Computer Labs for Technology-based Courses,,Understanding Centers Human Design,https://annas-archive.org/md5/ceb74d7f6ee313025463f04e0344c737,query,search_query_substring,,,Understanding Centers Human Design
cec65f0a0ed93560d1aaf49a60bf2666,How to Read a Book (Special Edition),"its cover, and also how to x-ray it, read critically, and extract the author’s message from the text.  also included is instruction in the different techniques that work best for reading particular genres, such as practical books, imaginative literature, plays, poetry, history, science and mathematics, philosophy and social science works.  finally, the authors offer a recommended reading list and supply reading tests you can use measure your own progress in reading skills, comprehension, and speed.read more…english [en] · pdf · 2.0mb · 📘 book (non-fiction) · 🚀/lgli/lgrs/nexusstc/zlib    ·save·68·1base score: 11061.0, final score: 32.894604",Steve Rhodes Human Design: How to Read a Graph,https://annas-archive.org/md5/cec65f0a0ed93560d1aaf49a60bf2666,work,work_overlap:1.00,auth_steve_rhodes,Human Design: How to Read a Graph,
cec76872f2477ba2230f4b5fc0304bd6,"Things We Could Design For More Than Human-Centered Worlds (Design Thinking, Design Theory).pdf","designers--and calls for a commitment to design with more than human participation. wakkary also focuses on design as ""nomadic practices""--a multiplicity of intentionalities and situated knowledges that shows design to be expansive and pluralistic. he calls his overall approach ""designing-with"": the practice of design in a world in which humans share center stage with nonhumans, and in which we are bound together materially, ethically, and existentially.read more…english [en] · pdf · 14.6mb · 2021 · 📘 book (non-fiction) · 🚀/lgli/upload/zlib    ·save·435·2base score: 11068.0, final score: 23.42593",Beyond Human Design|Chetan Parkyn Human Design|Chiron Ephemeris Human Design|Daitche Human Design|Emma Dunwoody Human Design|Jenna Zoe Human Design|Karen Curry Human Design|Quantum Human Design|Richard Rudd Human Design|Richard Rudd Human Design: The Revelation|Robin Winn Human Design|Steve Rhodes Human Design|Understanding Centers Human Design|Understanding Clients Human Design|Understanding Human Design|Zen Human Design Ephemeris|Zeno Dickson Human Design,https://annas-archive.org/md5/cec76872f2477ba2230f4b5fc0304bd6,work,work_overlap:1.00,auth_richard_rudd,Human Design: The Revelation,
cf0d02c5359ba9f5ffd02bd0549035d4,"Self-Help, Relationships & Lifestyle",,Jenna Zoë Human Design: The Revolutionary System That Shows You Who You Came Here to Be,https://annas-archive.org/md5/cf0d02c5359ba9f5ffd02bd0549035d4,work,work_overlap:1.00,auth_jenna_zoe,Human Design: The Revolutionary System That Shows You Who You Came Here to Be,
cf2224cfd48fd41580bb34781e303c35,"Expression Web 2: Basic, Student Manual",,Living Your Design Student Manual|Lynda Bunnell Living Your Design Student Manual,https://annas-archive.org/md5/cf2224cfd48fd41580bb34781e303c35,work,work_overlap:1.00,auth_lynda_bunnell,Living Your Design Student Manual,
cf350287b57a4aba13c79f8cfbf0ccf4,Absolument de-bor-dee,,Jenna Zoë,https://annas-archive.org/md5/cf350287b57a4aba13c79f8cfbf0ccf4,author,surname:Jenna,auth_jenna_zoe,,
cf84780f42ba9667858ca18b033d2323,Allan Goldman,How to Analyze People_ Proven Techniques to Analyze People on Sight and Read Anyone Like a Book_ Simple Tricks to Understand the Human Mind and Master Human Psychology,Steve Rhodes Human Design: How to Read a Graph,https://annas-archive.org/md5/cf84780f42ba9667858ca18b033d2323,work,work_overlap:1.00,auth_steve_rhodes,Human Design: How to Read a Graph,
cfe2ffd698a3729eb3618024292f315f,Children of High Intelligence_120325494.pdf,,Chetan Parkyn,https://annas-archive.org/md5/cfe2ffd698a3729eb3618024292f315f,query,search_query_substring,,,Chetan Parkyn
d03d8a41fd60478a0c2a60f56435816a,Duke University Press [RETAIL],"most estimates, the paranoia that has characterized the period has not gone away. indeed, it is as if—as o’donnell suggests—this paranoia has been internalized, scattered, and reiterated at a multitude of sites: oklahoma city, waco, ruby ridge, bosnia, the white house, the united nations, and numerous other places.",Book of Destinies Parkyn,https://annas-archive.org/md5/d03d8a41fd60478a0c2a60f56435816a,query,search_query_substring,,,Book of Destinies Parkyn
d06fff997096b5a58dd0f1ee8aa64370,Die Geschichte von Uljana_29865979.azw3,,Uljana Daitche,https://annas-archive.org/md5/d06fff997096b5a58dd0f1ee8aa64370,work,work_overlap:0.67,auth_uljana_daitche,Human Design - Beziehungen,
d0874985aa7b29ef71d408f0e6e0c8c5,DREAMRAVE I: Introduction to Personal Analysis,DREAMRAVE I: Introduction to Personal Analysis,Human Design System Ra|LYD manual IHDS|Prophecy Ra Uru Hu Rhodes|Ra Uru Hu|Ra Uru Hu Generator Book|Ra Uru Hu Line Resonance|Ra Uru Hu Rave BodyGraph Circuitry|Ra Uru Hu Rave I'Ching Line Companion|Ra Uru Hu The Complete Rave I'Ching|Ra Uru Hu The Nine Centres and their Gates|Ra Uru Hu The Rave I'Ching|Triple Design Matrix DreamRave,https://annas-archive.org/md5/d0874985aa7b29ef71d408f0e6e0c8c5,work,work_overlap:1.00,auth_ra_uru_hu,The Rave I'Ching,
d0c96f7b5f3acdc7c711f5558a7be590,Dr. Caplan: A sexy medical suspense thriller romance (Medical Mysteries Book 3) (Medical Mysteries Series),Dr. Caplan: A sexy medical suspense thriller romance,Jenna Zoë,https://annas-archive.org/md5/d0c96f7b5f3acdc7c711f5558a7be590,author,surname:Jenna,auth_jenna_zoe,,
d0e79a7cd7c9fd4ba84c29bffd3e3905,Champions of Design 1 Observations on Creativity for Competitive Advantage,,Erin Claire Jones Human Design,https://annas-archive.org/md5/d0e79a7cd7c9fd4ba84c29bffd3e3905,query,search_query_substring,,,Erin Claire Jones Human Design
d111b92400e7099a3f5fbcae0d7f3c22,How to Read a Suit : A Guide to Changing Men’s Fashion from the 17th to the 20th Century,,Steve Rhodes Human Design: How to Read a Graph,https://annas-archive.org/md5/d111b92400e7099a3f5fbcae0d7f3c22,work,work_overlap:1.00,auth_steve_rhodes,Human Design: How to Read a Graph,
d121df7b33255f6ce167ce6df38acbb6,"Flash Cs5 Professional: Basic, Student Manual",using custom colors and gradients and,Living Your Design Student Manual,https://annas-archive.org/md5/d121df7b33255f6ce167ce6df38acbb6,work,work_overlap:1.00,auth_lynda_bunnell,Living Your Design Student Manual,
d146076a40111620c11a61a0e63adb47,scihub/10.1145/3411764.3445388.pdf,,Robin Winn Understanding the Centers in Human Design|Understanding Human Design,https://annas-archive.org/md5/d146076a40111620c11a61a0e63adb47,work,work_overlap:1.00,auth_robin_winn,Understanding the Centers in Human Design,
d1926f01ed1d038025ac64a3d4225c4e,Reality Unveiled: The Hidden Keys of Existence That Will Transform Your Life (And the World),Reality Unveiled: The Hidden Keys of Existence That Will Transform Your Life,Richard Rudd The Gene Keys: Embracing Your Higher Purpose,https://annas-archive.org/md5/d1926f01ed1d038025ac64a3d4225c4e,work,work_overlap:1.00,auth_richard_rudd,The Gene Keys: Embracing Your Higher Purpose,
d1cfdacf3661da2b5bead0d3a939934c,Degruyter Imprints v2 [09-06-23],"a world-class team of authors, these highly cited articles are here in paperback for the first time since their original publication. an essential reference for researchers in the area.",Eleanor Haspel-Portner,https://annas-archive.org/md5/d1cfdacf3661da2b5bead0d3a939934c,query,search_query_substring,,,Eleanor Haspel-Portner
d1d65c164f21550d09925ac1f4c911da,La réalité cachée_120310812.pdf,,Rave Cosmology,https://annas-archive.org/md5/d1d65c164f21550d09925ac1f4c911da,query,search_query_substring,,,Rave Cosmology
d1e12d9c2171ede4983870a14ed8ada8,"Universal Access in Human-Computer Interaction. Novel Design Approaches and Technologies: 16th International Conference, UAHCI 2022, Held as Part of the 24th HCI International Conference, HCII 2022, V",,"64keys Human Design|Lynda Bunnell Human Design: The Definitive Book of Human Design, The Science of Differentiation|Science of Differentiation Human Design",https://annas-archive.org/md5/d1e12d9c2171ede4983870a14ed8ada8,work,work_overlap:1.00,auth_lynda_bunnell,"Human Design: The Definitive Book of Human Design, The Science of Differentiation",
d20538e404204d64cb2bcf18b4755fb0,"Security surveillance centers : design, implementation, and operation",,Understanding Centers Human Design,https://annas-archive.org/md5/d20538e404204d64cb2bcf18b4755fb0,query,search_query_substring,,,Understanding Centers Human Design
d2608cb76c764c6c720b8c7fc79d5236,PBooks Collection 2023,,Jovian Archive,https://annas-archive.org/md5/d2608cb76c764c6c720b8c7fc79d5236,query,search_query_substring,,,Jovian Archive
d27fef828e9402cd5fa0e278a517bbf4,The american ephemeris and nautical almanac_119922434.pdf,,Chaitanyo Ephemeris,https://annas-archive.org/md5/d27fef828e9402cd5fa0e278a517bbf4,query,search_query_substring,,,Chaitanyo Ephemeris
d2868725262556e2647d39bb2bde946e,First FRCR Anatomy,First FRCR Anatomy - Practice Cases.pdf,Erin Claire Jones Human Design,https://annas-archive.org/md5/d2868725262556e2647d39bb2bde946e,query,search_query_substring,,,Erin Claire Jones Human Design
d28795ef9f412b9fe4f521523349e756,9780262017527_design_structure_matrix_methods_and_applications_cb63.pdf,,Triple Design Matrix DreamRave,https://annas-archive.org/md5/d28795ef9f412b9fe4f521523349e756,query,search_query_substring,,,Triple Design Matrix DreamRave
d28ff86e7884325eecf8f04de6b880a5,The Art of Leadership through Public Relations: The Future of Effective Communication_28136387.pdf,,Peter Schöber,https://annas-archive.org/md5/d28ff86e7884325eecf8f04de6b880a5,query,search_query_substring,,,Peter Schöber
d2c571c007f4fd3d471f83d411dcf7c9,Aufgabensammlung zur Infinitesimalrechnung: Band II A: Differentialrechnung auf dem Gebiete mehrerer Variablen Aufgaben und Hinweise,,Daitche Variablen,https://annas-archive.org/md5/d2c571c007f4fd3d471f83d411dcf7c9,query,search_query_substring,,,Daitche Variablen
d2c612ed715c8397873e7eacb74c2cff,Cognitive Science Lecture Notes,Computational and Representational Understanding of Mind,64keys Human Design,https://annas-archive.org/md5/d2c612ed715c8397873e7eacb74c2cff,query,search_query_substring,,,64keys Human Design
d2d30979a7dd6fb1456831e57c3833c5,"Natural Language Understanding with Python : Combine Natural Language Technology, Deep Learning, and Large Language Models to Create Human-like Comprehension",Natural Language Understanding with Python,Karen Curry Parker Understanding Human Design: The New Science of Astrology|Robin Winn Understanding the Centers in Human Design,https://annas-archive.org/md5/d2d30979a7dd6fb1456831e57c3833c5,work,work_overlap:1.00,auth_karen_curry_parker,Understanding Human Design: The New Science of Astrology,
d31d0224516fce13503391a469d6fdfa,"Die mittelalterlichen Stadtbefestigungen im deutschsprachigen Raum, 2 Teile: Ein Handbuch. Systematischer Teil",allen diesen Siedlungen gemein und geradezu konstitutiv war die Wehrhaftigkeit,Uljana Daitche Variablen im Human Design: Teil 1 — Die Pfeile,https://annas-archive.org/md5/d31d0224516fce13503391a469d6fdfa,work,work_overlap:1.00,auth_uljana_daitche,Variablen im Human Design: Teil 1 — Die Pfeile,
d330c800108f9ed96762bdca17bce3a1,PBooks Collection 2023,,Jovian Archive,https://annas-archive.org/md5/d330c800108f9ed96762bdca17bce3a1,query,search_query_substring,,,Jovian Archive
d3394fa8348c2a5d3d90dc0d8033360c,Eggs-Quisite Dishes: Delicious Egg Recipes for The Whole Family!,,Jenna Zoë,https://annas-archive.org/md5/d3394fa8348c2a5d3d90dc0d8033360c,author,surname:Jenna,auth_jenna_zoe,,
d34cfa190129cc8079b515d7326dba3d,PBooks Collection 2023,,Jovian Archive,https://annas-archive.org/md5/d34cfa190129cc8079b515d7326dba3d,query,search_query_substring,,,Jovian Archive
d3605866047c98788324e0bf62f92b4e,Callie Rhodes,,Bhan Tugh Rhodes,https://annas-archive.org/md5/d3605866047c98788324e0bf62f92b4e,work,work_overlap:0.75,auth_steve_rhodes,Bhan Tugh,
d3a9a2ae435d1b892a27aef7efac3503,Logic or Rational Thoughts of the Power of the Human Understanding with their Use and Application in the Knowledge and Search of Truth,,Robin Winn Understanding the Centers in Human Design,https://annas-archive.org/md5/d3a9a2ae435d1b892a27aef7efac3503,work,work_overlap:1.00,auth_robin_winn,Understanding the Centers in Human Design,
d3c91994edc8c417c5d4430e5d82688a,Design Resonance Mapping,Design Resonance Mapping - The Way of the Flesh,"Human Design System Ra|LYD manual IHDS|Lynda Bunnell Human Design: The Definitive Book of Human Design, The Science of Differentiation|Prophecy Ra Uru Hu Rhodes|Ra Uru Hu|Ra Uru Hu Generator Book|Ra Uru Hu Line Resonance|Ra Uru Hu Rave BodyGraph Circuitry|Ra Uru Hu Rave I'Ching Line Companion|Ra Uru Hu The Complete Rave I'Ching|Ra Uru Hu The Nine Centres and their Gates|Ra Uru Hu The Rave I'Ching|Richard Rudd Human Design: The Revelation",https://annas-archive.org/md5/d3c91994edc8c417c5d4430e5d82688a,work,work_overlap:1.00,auth_ra_uru_hu,The Rave I'Ching,
d3e6b32df5331e7cc4bb6bfd85ca243b,Adobe Photoshop Cs5 Revealed,,Human Design Revealed Dickson,https://annas-archive.org/md5/d3e6b32df5331e7cc4bb6bfd85ca243b,query,search_query_substring,,,Human Design Revealed Dickson
d3f6d30cc18f1927380224ac211fd618,Calm Living,Olga Trusova.pdf,Lynda Bunnell Living Your Design Student Manual,https://annas-archive.org/md5/d3f6d30cc18f1927380224ac211fd618,work,work_overlap:1.00,auth_lynda_bunnell,Living Your Design Student Manual,
d48ff67b91c7b7b18f88c08e2d468cbe,"HumanRobot Interaction: Control, Analysis, and Design",,64keys Human Design,https://annas-archive.org/md5/d48ff67b91c7b7b18f88c08e2d468cbe,query,search_query_substring,,,64keys Human Design
d492934ec9243bbabe7f22ddc6daf071,"Vorlesungen Über Differential- und Integralrechnung: Funktionen einer Variablen (Lehrbücher und Monographien aus dem Gebiete der exakten Wissenschaften, 4) (German Edition)",,Daitche Variablen,https://annas-archive.org/md5/d492934ec9243bbabe7f22ddc6daf071,query,search_query_substring,,,Daitche Variablen
d49bb8e3d9789def3039c9ab5426dd5b,The Human Design Workbook: A Step by Step Guide to Understanding Your Own Chart and How it Can Transform Your Life,The Human Design Workbook: A Step by Step Guide to Understanding Your Own Chart and How it Can Transform Your Life,Karen Curry Human Design|Karen Curry Parker|Karen Curry Parker The Encyclopedia of Quantum Human Design|Karen Curry Parker Understanding Human Design: The New Science of Astrology|Robin Winn Understanding Your Clients Through Human Design|Robin Winn Understanding the Centers in Human Design,https://annas-archive.org/md5/d49bb8e3d9789def3039c9ab5426dd5b,work,work_overlap:1.00,auth_karen_curry_parker,Understanding Human Design: The New Science of Astrology,
d4a5287a4c33a9cb0a661c615a2f73af,"Bryan, Craig J., Rudd, M. David",,Richard Rudd,https://annas-archive.org/md5/d4a5287a4c33a9cb0a661c615a2f73af,work,work_overlap:0.67,auth_richard_rudd,Human Design: The Revelation,
d4a61f484d9ba441b5cd5973ad3b427c,d4a61f484d9ba441b5cd5973ad3b427c.pdf,,Human Design Made Simple Dunwoody,https://annas-archive.org/md5/d4a61f484d9ba441b5cd5973ad3b427c,query,search_query_substring,,,Human Design Made Simple Dunwoody
d4ce89b2d775a04cdb3746e4b9b33759,Choose You This Day,Choose You This Day,How Do You Choose Human Design,https://annas-archive.org/md5/d4ce89b2d775a04cdb3746e4b9b33759,query,search_query_substring,,,How Do You Choose Human Design
d5072a3638f0581d723dc819746fcbd2,newsarch_ebooks_2025_10,,Karen Curry Parker Understanding Human Design: The New Science of Astrology|Robin Winn Understanding Your Clients Through Human Design|Robin Winn Understanding the Centers in Human Design,https://annas-archive.org/md5/d5072a3638f0581d723dc819746fcbd2,work,work_overlap:1.00,auth_karen_curry_parker,Understanding Human Design: The New Science of Astrology,
d521c82c40a06f663ec74a5513dec7c0,Geology (A Golden Guide from St. Martin's Press),Geology,Bhan Tugh Rhodes,https://annas-archive.org/md5/d521c82c40a06f663ec74a5513dec7c0,work,work_overlap:0.75,auth_steve_rhodes,Bhan Tugh,
d52d6edfdf7987dd12521a1b3b04a663,Design of a Wireless Multiple-Mode Human Behavior Evaluation System,,Peter Schoeber Das Human Design System – Die Zentren,https://annas-archive.org/md5/d52d6edfdf7987dd12521a1b3b04a663,work,work_overlap:1.00,auth_peter_schoeber,Das Human Design System – Die Zentren,
d53a01156b0256d722bab7d7b1049554,ISAR Imaging of Space Station based on Ephemeris Data Error Compensation,2020 IEEE International Geoscience and Remote Sensing Symposium,Chaitanyo Ephemeris,https://annas-archive.org/md5/d53a01156b0256d722bab7d7b1049554,query,search_query_substring,,,Chaitanyo Ephemeris
d591c3ccef45222cd448e3db50c4ca6a,Unleash Your Dreams: Tame Your Hidden Fears and Live the Life You Were Meant to Live,"asking the tough questions about who you really are, what you’re afraid of, and what you really want. he then shows you how to identify your own dreams, target the underlying ambivalence that may be holding you back, and conquer the fears you must overcome to realize your true destiny.read more…english [en] · pdf · 0.9mb · 2008 · 📘 book (non-fiction) · 🚀/lgli/lgrs/nexusstc/zlib    ·save·21·2base score: 11060.0, final score: 51.851803",Chetan Parkyn The Book of Destinies: Discover the Life You Were Born to Live,https://annas-archive.org/md5/d591c3ccef45222cd448e3db50c4ca6a,work,work_overlap:1.00,auth_chetan_parkyn,The Book of Destinies: Discover the Life You Were Born to Live,
d5b75d4fc23294128f25de299a7e66c2,Das grosse iPad Handbuch,,Uljana Daitche Die 384 Linien der 64 Tore: das große Human Design Handbuch,https://annas-archive.org/md5/d5b75d4fc23294128f25de299a7e66c2,work,work_overlap:1.00,auth_uljana_daitche,Die 384 Linien der 64 Tore: das große Human Design Handbuch,
d5c1dcbdd3b5eaaf44c9d42010dd7373,The Brooches from Roman Dacia,Dakien - Fibeln.,Chaitanyo Ephemeris,https://annas-archive.org/md5/d5c1dcbdd3b5eaaf44c9d42010dd7373,query,search_query_substring,,,Chaitanyo Ephemeris
d5f077430d3e14f7c95bafee39ec4081,Die Zukunft der HR erfolgreich gestalten: Das Praxishandbuch zur Digitalen Transformation des Personalwesens_48119061.pdf,,Peter Schoeber Das Human Design System – Die Zentren,https://annas-archive.org/md5/d5f077430d3e14f7c95bafee39ec4081,work,work_overlap:1.00,auth_peter_schoeber,Das Human Design System – Die Zentren,
d5fe29963549486e003bf5b9e6b99cb6,"Bad Words: Selected Short Prose (2018) (= Schlechte Worte, 1976)","1976, when she published  bad words  in german, her writing had become powerfully poetic, dense, and experimental. this volume presents the whole of the original  bad words  in english for the first time, along with a selection of aichinger’s other short stories of the period; together, they demonstrate her courageous effort to create and deploy a language unmarred",Uljana Daitche,https://annas-archive.org/md5/d5fe29963549486e003bf5b9e6b99cb6,work,work_overlap:0.67,auth_uljana_daitche,Human Design - Beziehungen,
d6daf1f3ae96e277eb14bd403bebcb2c,Declutter Workbook: How to Organize Your Life and Your Home with Declutter Strategies,Declutter Workbook: How to Organize Your Life and Your Home with Declutter Strategies,Living Your Design Bunnell,https://annas-archive.org/md5/d6daf1f3ae96e277eb14bd403bebcb2c,query,search_query_substring,,,Living Your Design Bunnell
d7154fa2f7e64dfb28a956e9109a8d1b,Parallelism in Matrix Computations (Scientific Computation),Efstratios Gallopoulos,Triple Design Matrix DreamRave,https://annas-archive.org/md5/d7154fa2f7e64dfb28a956e9109a8d1b,query,search_query_substring,,,Triple Design Matrix DreamRave
d7688e03be8aa30efce9f20abd676711,Religion & Spirituality,,Ra Uru Hu|Ra Uru Hu Rave BodyGraph Circuitry|Ra Uru Hu Rave I'Ching Line Companion|Ra Uru Hu The Complete Rave I'Ching|Ra Uru Hu The Rave I'Ching,https://annas-archive.org/md5/d7688e03be8aa30efce9f20abd676711,work,work_overlap:1.00,auth_ra_uru_hu,The Rave I'Ching,
d7a5a54f612e320e6f69077327f455e7,Ausgewhlte Gedichte.epub,,Uljana Daitche,https://annas-archive.org/md5/d7a5a54f612e320e6f69077327f455e7,work,work_overlap:0.67,auth_uljana_daitche,Human Design - Beziehungen,
d7ba9ef1b7bad11bcca9eaf139ed307f,d7ba9ef1b7bad11bcca9eaf139ed307f.pdf,John Thackara,Erin Claire Jones Human Design,https://annas-archive.org/md5/d7ba9ef1b7bad11bcca9eaf139ed307f,query,search_query_substring,,,Erin Claire Jones Human Design
d7c62ef3211302346ef711ee181b049c,"কার্ল সাগান, আসাদ ইকবাল মামুন (অনুবাদ)",,Rave Cosmology,https://annas-archive.org/md5/d7c62ef3211302346ef711ee181b049c,query,search_query_substring,,,Rave Cosmology
d81bdc61e8bae96f69210fa6b4ed42ea,Cosmology: The Philosophical Study of the Inorganic World 1 1,Cosmology: The Philosophical Study of the Inorganic World 1.pdf,Rave Cosmology,https://annas-archive.org/md5/d81bdc61e8bae96f69210fa6b4ed42ea,query,search_query_substring,,,Rave Cosmology
d82281636db8e086f55afdbb2e57248a,"The Perfect Fit: This pandemic, find out how you can be the perfect fit for that IT job you have been eyeing for!",,Jenna Zoë Human Design: The Revolutionary System That Shows You Who You Came Here to Be,https://annas-archive.org/md5/d82281636db8e086f55afdbb2e57248a,work,work_overlap:1.00,auth_jenna_zoe,Human Design: The Revolutionary System That Shows You Who You Came Here to Be,
d8469d5e279f04d81011d57bcdac39f8,Advanced Adobe Photoshop CS6 Revealed,"using the advanced end-of-chapter learning projects. the data files used to complete the projects found in the book are now available online. for access information please refer to the directions available in the preface of the book.</p>read more…english [en] · pdf · 160.4mb · 2012 · 📘 book (non-fiction) · 🚀/lgli/lgrs/nexusstc/zlib    ·save·7·1base score: 11065.0, final score: 22.05312",Human Design Revealed Dickson,https://annas-archive.org/md5/d8469d5e279f04d81011d57bcdac39f8,query,search_query_substring,,,Human Design Revealed Dickson
d85e5bcf36b31fc2ad3353ffd6e37e14,Das große Franzis Handbuch für Windows 8,und das in jeder Beziehung. Windows-Experte Christian Immler ist Ihr persönlicher Guide durch die faszinierende neue Windows 8-Welt.,Uljana Daitche Die 384 Linien der 64 Tore: das große Human Design Handbuch,https://annas-archive.org/md5/d85e5bcf36b31fc2ad3353ffd6e37e14,work,work_overlap:1.00,auth_uljana_daitche,Die 384 Linien der 64 Tore: das große Human Design Handbuch,
d85fb70864f5afff46cb0dd7165f5e71,The Not-Self (Human design/人類圖/人類設計),The Not-Self （Human design／人類圖／人類設計）,Beyond Human Design|Chetan Parkyn Human Design|Chiron Ephemeris Human Design|Daitche Human Design|Emma Dunwoody Human Design|Human Design System Ra|Jenna Zoe Human Design|Karen Curry Human Design|Prophecy Ra Uru Hu Rhodes|Quantum Human Design|Ra Uru Hu|Ra Uru Hu Generator Book|Ra Uru Hu Line Resonance|Ra Uru Hu The Complete Rave I'Ching|Ra Uru Hu The Nine Centres and their Gates|Ra Uru Hu The Rave I'Ching|Richard Rudd Human Design|Richard Rudd Human Design: The Revelation|Robin Winn Human Design|Steve Rhodes Human Design|Understanding Clients Human Design|Understanding Human Design|Zen Human Design Ephemeris|Zeno Dickson Human Design,https://annas-archive.org/md5/d85fb70864f5afff46cb0dd7165f5e71,work,work_overlap:1.00,auth_ra_uru_hu,The Rave I'Ching,
d8658281aba9469283dfa931832516b8,For your body only : discover the diet you were born to eat,For your body only : discover the diet you were born to eat,Chetan Parkyn Human Design: Discover the Person You Were Born to Be|Chetan Parkyn The Book of Destinies: Discover the Life You Were Born to Live,https://annas-archive.org/md5/d8658281aba9469283dfa931832516b8,work,work_overlap:1.00,auth_chetan_parkyn,Human Design: Discover the Person You Were Born to Be,
d8702085060c25fea31da91192c8616b,d8702085060c25fea31da91192c8616b.pdf,,Book of Destinies Parkyn,https://annas-archive.org/md5/d8702085060c25fea31da91192c8616b,query,search_query_substring,,,Book of Destinies Parkyn
d8763fb5c7d484a718a6dcbd286d1603,"Self-Help, Relationships & Lifestyle",,Jenna Zoe Human Design,https://annas-archive.org/md5/d8763fb5c7d484a718a6dcbd286d1603,query,search_query_substring,,,Jenna Zoe Human Design
d87f75353affd9709b792cefb0d396b5,Religion & Spirituality,,Chaitanyo Ephemeris,https://annas-archive.org/md5/d87f75353affd9709b792cefb0d396b5,query,search_query_substring,,,Chaitanyo Ephemeris
d891b073d306fe58b42226f723ef5dbc,Bodies of Knowledge : The Medicalization of Reproduction in Greece,,Steve Rhodes Human Design,https://annas-archive.org/md5/d891b073d306fe58b42226f723ef5dbc,query,search_query_substring,,,Steve Rhodes Human Design
d896e0679ec1cf685f3035d960111ab6,Penn State University Press [RETAIL],"its extraordinary economic circumstances.read more…english [en] · pdf · 49.6mb · 2019 · 📘 book (non-fiction) · 🚀/lgli/lgrs/nexusstc/upload/zlib    ·save·1·1base score: 11065.0, final score: 22.01657",Human Design Revealed Dickson,https://annas-archive.org/md5/d896e0679ec1cf685f3035d960111ab6,query,search_query_substring,,,Human Design Revealed Dickson
d8b5a3e4af2ae359d132d28fdb62b707,Future Home Design: A Home That Adapts To Different Phases Of Your Life,Future Home Design: A Home That Adapts To Different Phases Of Your Life,Living Your Design Bunnell,https://annas-archive.org/md5/d8b5a3e4af2ae359d132d28fdb62b707,query,search_query_substring,,,Living Your Design Bunnell
d8fd2b95b475bd8fca52e0a0b17f2a52,Law Enforcement and Crime,Law Enforcement and Crime,Bhan Tugh Rhodes,https://annas-archive.org/md5/d8fd2b95b475bd8fca52e0a0b17f2a52,work,work_overlap:0.75,auth_steve_rhodes,Bhan Tugh,
d936287b07b5c89c3a0a9666a0e9aec8,Post-Graduate Rave Psychology,Post-Graduate Rave Psychology,Human Design System Ra|LYD manual IHDS|Prophecy Ra Uru Hu Rhodes|Ra Uru Hu|Ra Uru Hu Generator Book|Ra Uru Hu Line Resonance|Ra Uru Hu Rave BodyGraph Circuitry|Ra Uru Hu Rave I'Ching Line Companion|Ra Uru Hu The Complete Rave I'Ching|Ra Uru Hu The Nine Centres and their Gates|Ra Uru Hu The Rave I'Ching,https://annas-archive.org/md5/d936287b07b5c89c3a0a9666a0e9aec8,work,work_overlap:1.00,auth_ra_uru_hu,The Rave I'Ching,
d9382150994af72308900806cb0f08cc,The Vegetarian Curry Bible (3508),Cookbook.pdf,Karen Curry Parker,https://annas-archive.org/md5/d9382150994af72308900806cb0f08cc,work,work_overlap:0.75,auth_karen_curry_parker,Abundance by Design,
d99a18c87338f064051414774f9cf813,Living your Design,Living your Design - A New Manual for Awakening,Gene Keys Richard Rudd|Living Your Design Student Manual|Lynda Bunnell Living Your Design Student Manual|Richard Rudd|Richard Rudd Human Design|Richard Rudd Human Design: The Revelation|Richard Rudd The Gene Keys: Embracing Your Higher Purpose,https://annas-archive.org/md5/d99a18c87338f064051414774f9cf813,work,work_overlap:1.00,auth_lynda_bunnell,Living Your Design Student Manual,
d9a08ec92d81f33d0626028961427f56,Einsteins Traum : Expeditionen an die Grenzen der Raumzeit_120612821.pdf,,Rave Cosmology,https://annas-archive.org/md5/d9a08ec92d81f33d0626028961427f56,query,search_query_substring,,,Rave Cosmology
d9ba2013e68730383471e4ad6be09790,from The Book of Letters,from The Book of Letters - A Guide to Human Design Analysis,"Human Design System Ra|Lynda Bunnell Human Design: The Definitive Book of Human Design, The Science of Differentiation|Prophecy Ra Uru Hu Rhodes|Ra Uru Hu|Ra Uru Hu Generator Book|Ra Uru Hu Line Resonance|Ra Uru Hu Rave BodyGraph Circuitry|Ra Uru Hu Rave I'Ching Line Companion|Ra Uru Hu The Complete Rave I'Ching|Ra Uru Hu The Nine Centres and their Gates|Ra Uru Hu The Rave I'Ching|Richard Rudd Human Design: The Revelation",https://annas-archive.org/md5/d9ba2013e68730383471e4ad6be09790,work,work_overlap:1.00,auth_ra_uru_hu,The Rave I'Ching,
d9d91e93a1a91e6948e620ce0142b2ae,Absolument dé-bor-dée,Absolument dé-bor-dée.pdf,Jenna Zoë,https://annas-archive.org/md5/d9d91e93a1a91e6948e620ce0142b2ae,author,surname:Jenna,auth_jenna_zoe,,
d9e426b43d6d3284ae00c6a8dba0503c,Charlotte Pearce,DIY Projects: Save Time & Money Maintaining Your Home With Simple DIY Household Hacks,Lynda Bunnell Living Your Design Student Manual,https://annas-archive.org/md5/d9e426b43d6d3284ae00c6a8dba0503c,work,work_overlap:1.00,auth_lynda_bunnell,Living Your Design Student Manual,
d9f7338c47ccc944c6707664e4aba7ca,The rs1143679 (R77H) lupus associated variant of ITGAM (CD11b) impairs complement receptor 3 mediated functions in human monocytes,,Steve Rhodes Human Design,https://annas-archive.org/md5/d9f7338c47ccc944c6707664e4aba7ca,query,search_query_substring,,,Steve Rhodes Human Design
da1c2b76681aa3af51bb87a9794fb52b,newsarch_ebooks_2025_10,"applying theoretical and empirical information on sa to the system design process, human factors practitioners can create designs to support sa across a wide variety of domains and design issues. this book serves as a helpful reference to that end.read more…english [en] · pdf · 17.4mb · 2003 · 📘 book (non-fiction) · 🚀/duxiu/lgli/lgrs/nexusstc/upload/zlib    ·save·32·2base score: 11065.0, final score: 25.179377",Erin Claire Jones Human Design,https://annas-archive.org/md5/da1c2b76681aa3af51bb87a9794fb52b,query,search_query_substring,,,Erin Claire Jones Human Design
da22fc9ef1cb8e455eb9995776c9361b,"How Not to Read a Poem: Unmixing Simonides from ""Protagoras""",,Steve Rhodes Human Design: How to Read a Graph,https://annas-archive.org/md5/da22fc9ef1cb8e455eb9995776c9361b,work,work_overlap:1.00,auth_steve_rhodes,Human Design: How to Read a Graph,
da8ce905c19150efc754136066e6b618,Design and Implementation of E-commerce Recommendation System Model Based on User Clustering,,Peter Schoeber Das Human Design System – Die Zentren,https://annas-archive.org/md5/da8ce905c19150efc754136066e6b618,work,work_overlap:1.00,auth_peter_schoeber,Das Human Design System – Die Zentren,
dabab14c729fb52c2813d51eae6e3843,Advanced Optical Wireless Communication Systems,"describing important issues in optical wireless theory, including coding and modulation techniques for optical wireless, wireless optical cdma communication systems, equalization and markov chains in cloud channels and optical mimo systems, as well as explaining key issues in information theory for optical wireless channels. the next section describes unique channels that could be found in optical wireless applications, such as nlos uv atmospheric scattering channels, underwater communication links and a combination of hybrid rf/optical wireless systems. the final section describes applications of optical wireless technology, such as quantum encryption, visible light communication, ir links and sensor networks, with step-by-step guidelines to help reduce design time and cost""--",Peter Schöber,https://annas-archive.org/md5/dabab14c729fb52c2813d51eae6e3843,query,search_query_substring,,,Peter Schöber
dacdcc5bde2da93c24b1cd45dcb8511e,Human Rights in Northern Ireland : The CAJ Handbook,,Zeno Dickson Human Design,https://annas-archive.org/md5/dacdcc5bde2da93c24b1cd45dcb8511e,query,search_query_substring,,,Zeno Dickson Human Design
dadb8cb12d68f8bf13afaa582d628a1e,"Photoshop CS5: Advanced, Student Manual",,Living Your Design Student Manual|Lynda Bunnell Living Your Design Student Manual,https://annas-archive.org/md5/dadb8cb12d68f8bf13afaa582d628a1e,work,work_overlap:1.00,auth_lynda_bunnell,Living Your Design Student Manual,
dae8fddaffe916aa73a633441d8348ba,scihub/10.1109/wcnc49053.2021.9417328.pdf,,Peter Schöber,https://annas-archive.org/md5/dae8fddaffe916aa73a633441d8348ba,query,search_query_substring,,,Peter Schöber
db03197746739020ccd56d86cc2a3db6,Channel Estimation for Intelligent Reflecting Surface-Assisted Millimeter Wave MIMO Systems,2020 IEEE Global Communications Conference,Peter Schöber,https://annas-archive.org/md5/db03197746739020ccd56d86cc2a3db6,query,search_query_substring,,,Peter Schöber
db096fff6ad59686e8a96d943a2aeb30,Mouthwatering Curry Recipes: An Illustrated Cookbook of Great Curry Dish Ideas!,,Karen Curry Parker,https://annas-archive.org/md5/db096fff6ad59686e8a96d943a2aeb30,work,work_overlap:0.75,auth_karen_curry_parker,Abundance by Design,
db7438dae82f9578aa028a3722f65e73,Different Capabilities of Morphological Pattern Formation and Its Association with the Expression of Differentiation Markers in a Xenograft Model of Human Pancreatic Cancer Cell Lines,,Science of Differentiation Human Design,https://annas-archive.org/md5/db7438dae82f9578aa028a3722f65e73,query,search_query_substring,,,Science of Differentiation Human Design
dbb756400f1e2e1af616a466d02b0308,604 Significant variation in treatment and survival outcomes in stage 2–4 ovarian cancer in england: results from the national ovarian cancer feasibility audit pilot,,Erin Claire Jones Human Design,https://annas-archive.org/md5/dbb756400f1e2e1af616a466d02b0308,query,search_query_substring,,,Erin Claire Jones Human Design
dbc97cc97309284ad335eb6db11a4861,You’re Human! Do You Know What That Means?,,How Do You Choose Human Design,https://annas-archive.org/md5/dbc97cc97309284ad335eb6db11a4861,query,search_query_substring,,,How Do You Choose Human Design
dbe1361b1f96d877fab954534324f9a5,"The Mind Connection: How the Thoughts You Choose Affect Your Mood, Behavior, and Decisions",The Mind Connection: How the Thoughts You Choose Affect Your Mood,How Do You Choose Human Design,https://annas-archive.org/md5/dbe1361b1f96d877fab954534324f9a5,query,search_query_substring,,,How Do You Choose Human Design
dc0bbd5373a5ada24373640dab8defb3,"The Dale Carnegie course in effective speaking, human relations and developing courage and confidence, improving your memory, leadership training : how the course is conducted and what you do at each",,How Do You Choose Human Design,https://annas-archive.org/md5/dc0bbd5373a5ada24373640dab8defb3,query,search_query_substring,,,How Do You Choose Human Design
dc0eb350a0a418bf7bdd51a3560e54bb,A Modern Guide to Human Design: How to Read Your Chart and Align With Your Life’s True Purpose,A Modern Guide to Human Design,Steve Rhodes Human Design: How to Read a Graph,https://annas-archive.org/md5/dc0eb350a0a418bf7bdd51a3560e54bb,work,work_overlap:1.00,auth_steve_rhodes,Human Design: How to Read a Graph,
dc8a57352f9cb0d40f69f2452b711f78,newsarch_ebooks_2025_10,,Understanding Centers Human Design,https://annas-archive.org/md5/dc8a57352f9cb0d40f69f2452b711f78,query,search_query_substring,,,Understanding Centers Human Design
dc8ac24a324f40da28896007e3a6d411,Maple Leaves,Maple Leaves,Bhan Tugh Rhodes,https://annas-archive.org/md5/dc8ac24a324f40da28896007e3a6d411,work,work_overlap:0.75,auth_steve_rhodes,Bhan Tugh,
dcae3aab9bd25592ec5b44dd8255121e,Radio-Electronics Made Simple (Radio Electronics Made Simple),,Human Design Made Simple Dunwoody,https://annas-archive.org/md5/dcae3aab9bd25592ec5b44dd8255121e,query,search_query_substring,,,Human Design Made Simple Dunwoody
dccd5df0895db4a2a5b84e502792f0d7,The last will and testament of Cecil John Rhodes : with elucidatory notes to which are added some chapters describing the political and religious ideas of the testator,The last will and testament of Cecil John Rhodes : with elucidatory notes to which are added some chapters describing the political and religious ideas of the testator,Bhan Tugh Rhodes,https://annas-archive.org/md5/dccd5df0895db4a2a5b84e502792f0d7,work,work_overlap:0.75,auth_steve_rhodes,Bhan Tugh,
dccfb2337af42ffc65ee31137f80fbd5,"Aspects of cladding: of interest to structural engineers, architects, surveyors, contractors, building owners, clients, local authorities",,Understanding Clients Human Design,https://annas-archive.org/md5/dccfb2337af42ffc65ee31137f80fbd5,query,search_query_substring,,,Understanding Clients Human Design
dcf2d972caeaea102bb996cf85c62613,Cosmology: The Philosophical Study of the Inorganic World vol 2 2,Cosmology: The Philosophical Study of the Inorganic World vol 2 2.pdf,Rave Cosmology,https://annas-archive.org/md5/dcf2d972caeaea102bb996cf85c62613,query,search_query_substring,,,Rave Cosmology
dd003f62a29206a75c5f6290fbd03f5f,Degruyter Imprints v2 [09-06-23],,Uljana Daitche Variablen im Human Design: Teil 1 — Die Pfeile,https://annas-archive.org/md5/dd003f62a29206a75c5f6290fbd03f5f,work,work_overlap:1.00,auth_uljana_daitche,Variablen im Human Design: Teil 1 — Die Pfeile,
dd03211058b06ab449c25dad2ea90e8e,"Building with water : concepts, typology, design","the water: residential structures, recreation facilities, industry and infrastructure, buildings for culture and art. the various design parameters are explored in four essays. subsequently, twenty-two international projects are presented, organized according to their locations",Jenna Zoe Human Design,https://annas-archive.org/md5/dd03211058b06ab449c25dad2ea90e8e,query,search_query_substring,,,Jenna Zoe Human Design
dd094f80046a2f31c40d051e14d74ed4,Surviving the Cataclysm: Your Guide Through the Greatest Financial Crisis in Human History,,Robin Winn Understanding Your Clients Through Human Design,https://annas-archive.org/md5/dd094f80046a2f31c40d051e14d74ed4,work,work_overlap:1.00,auth_robin_winn,Understanding Your Clients Through Human Design,
dd0d79c1aded0188bb0fd19790bf04d3,How to Start a Home-Based House,Unknown.pdf,Robin Winn Understanding Your Clients Through Human Design|Understanding Clients Human Design,https://annas-archive.org/md5/dd0d79c1aded0188bb0fd19790bf04d3,work,work_overlap:1.00,auth_robin_winn,Understanding Your Clients Through Human Design,
dd46b7604b9a09bab52d9bc49293f79d,Design and test performance of Mariner IV television optical system,,Human Design Revolutionary System|Human Design System Centres Schoeber,https://annas-archive.org/md5/dd46b7604b9a09bab52d9bc49293f79d,work,work_overlap:0.67,auth_peter_schoeber,Human Design System – The Centres,
dd6df044208717790791bd749c3e59b8,How to Use an Ephemeris,,Chaitanyo Ephemeris,https://annas-archive.org/md5/dd6df044208717790791bd749c3e59b8,query,search_query_substring,,,Chaitanyo Ephemeris
ddaa1f16cb8d4304e9470127250ca63e,Psychophysiological Thought Reading,"banachek (2011-05-03)by banachek; production, design, and layout",Human Design Revealed Dickson,https://annas-archive.org/md5/ddaa1f16cb8d4304e9470127250ca63e,query,search_query_substring,,,Human Design Revealed Dickson
ddcddf05d62de248e2ae23113214639b,Suzuki Swift RS413-RS415.Service Manual.,Timing Over-Advanced or System Performance / -Retarded,LYD manual IHDS,https://annas-archive.org/md5/ddcddf05d62de248e2ae23113214639b,query,search_query_substring,,,LYD manual IHDS
dde50c9c37c970fd9c5e2418171502ca,Prejudice in the Modern World: Biographies  vol 3,Prejudice in Modern World,Gene Keys Richard Rudd,https://annas-archive.org/md5/dde50c9c37c970fd9c5e2418171502ca,work,work_overlap:0.67,auth_richard_rudd,Human Design: The Revelation,
de1826fe36e718026d7f27e22cfa5389,Prosperity: A guide to your Pearl Sequence (3) (Gene Keys Golden Path),Prosperity 3,Gene Keys Richard Rudd|Richard Rudd|Richard Rudd The Gene Keys: Embracing Your Higher Purpose,https://annas-archive.org/md5/de1826fe36e718026d7f27e22cfa5389,work,work_overlap:1.00,auth_richard_rudd,The Gene Keys: Embracing Your Higher Purpose,
de41dbaf99ca40d2cd2b3c30ee2071c1,ATLS,Advanced Trauma Life Support - Student Course Manual/de41dbaf99ca40d2cd2b3c30ee2071c1.pdf,Living Your Design Student Manual,https://annas-archive.org/md5/de41dbaf99ca40d2cd2b3c30ee2071c1,work,work_overlap:1.00,auth_lynda_bunnell,Living Your Design Student Manual,
de9f4822c4f66ce93c50a56ba7d413e8,t'ai chi ch'uan and i'ching_122299892.pdf,,Rave I'Ching,https://annas-archive.org/md5/de9f4822c4f66ce93c50a56ba7d413e8,work,work_overlap:1.00,auth_ra_uru_hu,The Rave I'Ching,
dea0c73207ee892b99f1f4eae776f175,A New view of a woman's body : a fully illustrated guide,suzann gage; photographs,Understanding Centers Human Design,https://annas-archive.org/md5/dea0c73207ee892b99f1f4eae776f175,query,search_query_substring,,,Understanding Centers Human Design
dea58331158358e3eaffa2ac0001dc7f,Dustin Adrian Rhodes Storm of Passion MM,Dustin Adrian Rhodes Storm of Passion MM.pdf,Bhan Tugh Rhodes,https://annas-archive.org/md5/dea58331158358e3eaffa2ac0001dc7f,work,work_overlap:0.75,auth_steve_rhodes,Bhan Tugh,
df1a036a174d0d91394ee7f55ed7d277,Degruyter Imprints v2 [09-06-23],,Chaitanyo Ephemeris,https://annas-archive.org/md5/df1a036a174d0d91394ee7f55ed7d277,query,search_query_substring,,,Chaitanyo Ephemeris
df32b85e884b580720d8b47b43687bba,Biological Monitoring,A Practical Field Manual.pdf,Understanding Centers Human Design,https://annas-archive.org/md5/df32b85e884b580720d8b47b43687bba,query,search_query_substring,,,Understanding Centers Human Design
df8d11053a1a50486f24c4143ee88987,"Do You Really Need Back Surgery, A Surgeons Guide",Aaron G. Filler 2004.pdf,How Do You Choose Human Design,https://annas-archive.org/md5/df8d11053a1a50486f24c4143ee88987,query,search_query_substring,,,How Do You Choose Human Design
dfb3e40bb440c731ee4e70b9a35bc0ef,Знаменосец,Знаменосец,Jovian Archive,https://annas-archive.org/md5/dfb3e40bb440c731ee4e70b9a35bc0ef,query,search_query_substring,,,Jovian Archive
dfc70a2fb8cde50daf10f531d08c9a42,"Self-Help, Relationships & Lifestyle",,Emma Dunwoody Human Design|Human Design Made Simple Dunwoody,https://annas-archive.org/md5/dfc70a2fb8cde50daf10f531d08c9a42,query,search_query_substring,,,Human Design Made Simple Dunwoody
e00054fd3cc1a25dc65ee774e32ea6b2,The Routledge Handbook of Discourse Processes,,Peter Schöber,https://annas-archive.org/md5/e00054fd3cc1a25dc65ee774e32ea6b2,query,search_query_substring,,,Peter Schöber
e01d2350455c913bdc0b2818da6d361a,"DAS POLITBÜRO UND DIE PROBLEME DER ""KOLLEKTIVEN FÜHRUNG"" Oligarchie und Diktatur im sowjetischen Regierungssystem. Teil 1 Von der Gründung des Politbüros bis Stalins Tod",,Uljana Daitche Variablen im Human Design: Teil 1 — Die Pfeile,https://annas-archive.org/md5/e01d2350455c913bdc0b2818da6d361a,work,work_overlap:1.00,auth_uljana_daitche,Variablen im Human Design: Teil 1 — Die Pfeile,
e01dd0d0979e2e1db4246c6bfd36417c,Plumbing 101_ 25 Repairs & Projects You Really Can Do,David Griffin,How Do You Choose Human Design,https://annas-archive.org/md5/e01dd0d0979e2e1db4246c6bfd36417c,query,search_query_substring,,,How Do You Choose Human Design
e020812352b3c93995feafb498efff11,"Society, Politics & Philosophy",,How Do You Choose Human Design,https://annas-archive.org/md5/e020812352b3c93995feafb498efff11,query,search_query_substring,,,How Do You Choose Human Design
e02d26d1c4bc9a5cb136aa357256cb25,Toward Solving Complex Human Problems: Techniques for Increasing Our Understanding of What Matters in Doing So,"a chapter emphasizing worthwhile areas of application.read more…english [en] · pdf · 3.7mb · 2020 · 📘 book (non-fiction) · 🚀/lgli/lgrs/nexusstc/zlib    ·save·83·1base score: 11065.0, final score: 33.871265",Karen Curry Parker Understanding Human Design: The New Science of Astrology|Robin Winn Understanding the Centers in Human Design,https://annas-archive.org/md5/e02d26d1c4bc9a5cb136aa357256cb25,work,work_overlap:1.00,auth_karen_curry_parker,Understanding Human Design: The New Science of Astrology,
e04e2a72cf1db2eee137695db8537faa,Galaktische Raumkoordinaten Und Periodenverteilung Naher Mira-Sterne. Studien Zur Galaktischen Struktur Anhand Von Variablen Später Spektralklassen ... Akademie der Wissenschaften),,Daitche Variablen,https://annas-archive.org/md5/e04e2a72cf1db2eee137695db8537faa,query,search_query_substring,,,Daitche Variablen
e0619dc0939fb67411c723dbbd427962,Verfahren zur Prädiktion des Rollwiderstands bei variablen Betriebsparametern auf Basis standardisierter Rollwiderstandsmessungen,,Daitche Variablen,https://annas-archive.org/md5/e0619dc0939fb67411c723dbbd427962,query,search_query_substring,,,Daitche Variablen
e07944df0a47c0288e03be8e18122c79,Research in economic history. Volume 35,"publisherread more…english [en] · pdf · 5.4mb · 2019 · 📘 book (non-fiction) · 🚀/lgli/lgrs/nexusstc/upload/zlib    ·save·8·1base score: 11065.0, final score: 9.766569",Lynda Bunnell,https://annas-archive.org/md5/e07944df0a47c0288e03be8e18122c79,query,search_query_substring,,,Lynda Bunnell
e0b7a55c566ecafba5003391bdf3b9bd,Personal Web Usage in the Workplace: A Guide to Effective Human Resources Management,Personal Web Usage in the Workplace: A Guide to Effective Human Resources Management.pdf,Erin Claire Jones Human Design,https://annas-archive.org/md5/e0b7a55c566ecafba5003391bdf3b9bd,query,search_query_substring,,,Erin Claire Jones Human Design
e0e295d5e0b72b1a76910cd710865fe8,Scandinavia & Northern Europe,Northern Archaeology and Cosmology. A Relational View [Retail].pdf,Rave Cosmology,https://annas-archive.org/md5/e0e295d5e0b72b1a76910cd710865fe8,query,search_query_substring,,,Rave Cosmology
e0f370326e246b8c82e42dcbef05346b,Advances in linear matrix inequality methods in control,,Triple Design Matrix DreamRave,https://annas-archive.org/md5/e0f370326e246b8c82e42dcbef05346b,query,search_query_substring,,,Triple Design Matrix DreamRave
e106cb2c388d6b88042775d4dc8ccebb,"(英)瓦切西威克兹(Watrasiewicz,B.M.),鲁德(Rudd,M.J.)著;徐枋等译",激光多普勒测量,Gene Keys Richard Rudd|Richard Rudd|Richard Rudd Human Design,https://annas-archive.org/md5/e106cb2c388d6b88042775d4dc8ccebb,work,work_overlap:0.67,auth_richard_rudd,Human Design: The Revelation,
e10ece192cada692a821d79b168c6b9e,Medical Geology: A Regional Synthesis (International Year of Planet Earth),"geological materials (rocks, minerals, atmospheric dust and water) and processes (including volcanic eruptions and earthquakes). among the environmental health problems discussed in the volume are: human and animal exposure to toxic levels of trace essential and non-essential elements such as arsenic and mercury; trace element deficiencies; exposure to natural dusts and to radioactivity; naturally occurring organic compounds in drinking water; and the effects of volcanic emissions. examining the positive side of the equation as well as the negative, the book also deals with the many health benefits of geologic materials and processes. this wide-ranging volume covers issues in medical geology all over the world with each author covering their respective region. it provides examples from different continents as well as a state-of-the-art review of the latest developments in the discipline. the authors are all recognized geoscientific and medical experts working in the field. the book is written for a wide variety of specialists from geologists, geochemists, pathologists and medical doctors to veterinarians and biologists. introduction. north america -- jamaica, caribbean -- mexico, central america -- south america -- indian subcontinent and region -- china -- japan -- australia and oceania -- middle east -- africa -- russia and nis -- europe -- case studies: greece, lavrion. edited",Understanding Human Design,https://annas-archive.org/md5/e10ece192cada692a821d79b168c6b9e,query,search_query_substring,,,Understanding Human Design
e1377335e96680046005c409e40371e5,Student Solutions Manual. Algebra and Trigonometry. SULLIVAN,Algebra and Trigonometry,Living Your Design Student Manual,https://annas-archive.org/md5/e1377335e96680046005c409e40371e5,work,work_overlap:1.00,auth_lynda_bunnell,Living Your Design Student Manual,
e199279d69e40d14c13441ac9bbe35c0,e199279d69e40d14c13441ac9bbe35c0.pdf,,Peter Schoeber Das Human Design System – Die Zentren,https://annas-archive.org/md5/e199279d69e40d14c13441ac9bbe35c0,work,work_overlap:1.00,auth_peter_schoeber,Das Human Design System – Die Zentren,
e1e9a6bd56f79f8b81f653801c7ed01e,Designing with the mind in mind simple : simple guide to understanding user interface design guidelines,,Karen Curry Parker Understanding Human Design: The New Science of Astrology|Robin Winn Understanding the Centers in Human Design,https://annas-archive.org/md5/e1e9a6bd56f79f8b81f653801c7ed01e,work,work_overlap:1.00,auth_karen_curry_parker,Understanding Human Design: The New Science of Astrology,
e1fd66e006be676438f1dec605465751,SQLite Database System: Design and Implementation,SQLite Database System: Design and Implementation,Human Design Revolutionary System,https://annas-archive.org/md5/e1fd66e006be676438f1dec605465751,query,search_query_substring,,,Human Design Revolutionary System
e240aeee992ffca215f60d60f2fbee41,"A Three-Step Beginners Guide to the Kama Sutra: Transforming Your Sex Life, Elevating Sexual Confidence, 50+ Kama Sutra Sex Positions, Reigniting Intimacy and Embracing a Higher level of Satisfaction",A Three-Step Beginners Guide to the Kama Sutra: Transforming Your Sex Life,Richard Rudd The Gene Keys: Embracing Your Higher Purpose,https://annas-archive.org/md5/e240aeee992ffca215f60d60f2fbee41,work,work_overlap:1.00,auth_richard_rudd,The Gene Keys: Embracing Your Higher Purpose,
e252c32d29565bd067f44ab2e562b6db,Roses Under the Miombo Trees,Amanda Parkyn.epub,Chetan Parkyn,https://annas-archive.org/md5/e252c32d29565bd067f44ab2e562b6db,query,search_query_substring,,,Chetan Parkyn
e2828ea3b622da26610baa23bb32f8bd,e2828ea3b622da26610baa23bb32f8bd.pdf,,Jenna Zoë,https://annas-archive.org/md5/e2828ea3b622da26610baa23bb32f8bd,author,surname:Jenna,auth_jenna_zoe,,
e299f673c129e063ed42ef325988709c,Bike Path Rapist,A Cop's Firsthand Account of Catching the Killer Who Terrorized a Community/e299f673c129e063ed42ef325988709c.pdf,Peter Schöber,https://annas-archive.org/md5/e299f673c129e063ed42ef325988709c,query,search_query_substring,,,Peter Schöber
e2a327bc9580b4a4199ce722b93a5f60,The Clean Eating Diet Cookbook: Fresh And Delicious Dishes to Get You Started on Your Clean Eating Journey!,The Clean Eating Diet Cookbook: Fresh And Delicious Dishes to Get You Started on Your Clean Eating Journey!,Jenna Zoë,https://annas-archive.org/md5/e2a327bc9580b4a4199ce722b93a5f60,author,surname:Jenna,auth_jenna_zoe,,
e2a40d89cc4ac45fc6abbf046c0b1d81,Encounters and Destinies: A Farewell to Europe,stefan zweig: tributes to the great artists and thinkers of the europe of his day,Book of Destinies Parkyn,https://annas-archive.org/md5/e2a40d89cc4ac45fc6abbf046c0b1d81,query,search_query_substring,,,Book of Destinies Parkyn
e2e39b2af018cbd82f2c188eaf830c7b,"Advances in Design and Digital Communication III: Proceedings of the 6th International Conference on Design and Digital Communication, Digicom 2022, ... Series in Design and Innovation, 27)","highlighting innovative ideas and reporting on multidisciplinary projects, it offers a source of inspiration for designers of all kinds, including graphic and web designers, ui, ux and social media designers, and to researchers, advertisers, artists, and brand and corporate communication managers alike.read more…english [en] · pdf · 101.1mb · 2022 · 📘 book (non-fiction) · 🚀/lgli/lgrs/zlib    ·save·30·1base score: 11065.0, final score: 52.36352","Beyond Human Design|Chetan Parkyn Human Design|Chiron Ephemeris Human Design|Daitche Human Design|Emma Dunwoody Human Design|Jenna Zoe Human Design|Lynda Bunnell Human Design: The Definitive Book of Human Design, The Science of Differentiation|Quantum Human Design|Richard Rudd Human Design|Robin Winn Human Design|Steve Rhodes Human Design|Understanding Human Design|Zen Human Design Ephemeris|Zeno Dickson Human Design",https://annas-archive.org/md5/e2e39b2af018cbd82f2c188eaf830c7b,work,work_overlap:1.00,auth_lynda_bunnell,"Human Design: The Definitive Book of Human Design, The Science of Differentiation",
e337cd77184eceaff99d44bf2fd78d68,The Life Force,The Life Force - The Channels（Human design／人類圖／人類設計）.pdf,Beyond Human Design|Chiron Ephemeris Human Design|Daitche Human Design|Human Design System Ra|Prophecy Ra Uru Hu Rhodes|Quantum Human Design|Ra Uru Hu|Ra Uru Hu Generator Book|Ra Uru Hu Line Resonance|Ra Uru Hu Rave BodyGraph Circuitry|Ra Uru Hu Rave I'Ching Line Companion|Ra Uru Hu The Complete Rave I'Ching|Ra Uru Hu The Nine Centres and their Gates|Ra Uru Hu The Rave I'Ching|Richard Rudd Human Design: The Revelation|Understanding Human Design|Zen Human Design Ephemeris,https://annas-archive.org/md5/e337cd77184eceaff99d44bf2fd78d68,work,work_overlap:1.00,auth_ra_uru_hu,The Rave I'Ching,
e35591ea61d51c815ebc4e61c0fe5387,PBooks Collection 2023,,Jovian Archive,https://annas-archive.org/md5/e35591ea61d51c815ebc4e61c0fe5387,query,search_query_substring,,,Jovian Archive
e3738b809bf3358fc5de8355748b9788,Adobe Indesign CS5 Revealed,,Human Design Revealed Dickson,https://annas-archive.org/md5/e3738b809bf3358fc5de8355748b9788,query,search_query_substring,,,Human Design Revealed Dickson
e379af4595e9e6a140f33b49d9028ee6,"Design, History and Time_ New T",Zoe Hendon.pdf,Jenna Zoe Human Design,https://annas-archive.org/md5/e379af4595e9e6a140f33b49d9028ee6,query,search_query_substring,,,Jenna Zoe Human Design
e3ba8758f7b28960855d0ed6c7e55637,Choosing And Preparing Foods: Basic Nutrition And Food Preparation For Special Students:grade 7-9,,Lynda Bunnell,https://annas-archive.org/md5/e3ba8758f7b28960855d0ed6c7e55637,query,search_query_substring,,,Lynda Bunnell
e3d2358e8a496d83aa5e30cd1d5adf90,Die Nimmersatten,Die Wahrheit über das System ARD und ZDF/e3d2358e8a496d83aa5e30cd1d5adf90.pdf,Peter Schoeber Das Human Design System – Die Zentren,https://annas-archive.org/md5/e3d2358e8a496d83aa5e30cd1d5adf90,work,work_overlap:1.00,auth_peter_schoeber,Das Human Design System – Die Zentren,
e3dbafde3a831b5f7a79355989d8e60a,Personal Web Usage in the Workplace: A Guide to Effective Human Resources Management,Personal Web Usage in the Workplace: A Guide to Effective Human Resources Management,Erin Claire Jones Human Design,https://annas-archive.org/md5/e3dbafde3a831b5f7a79355989d8e60a,query,search_query_substring,,,Erin Claire Jones Human Design
e3e7bb09a26df6c6ee7a3a42f63beb7a,scihub/10.1145/3441000.3441065.pdf,,Understanding Human Design,https://annas-archive.org/md5/e3e7bb09a26df6c6ee7a3a42f63beb7a,query,search_query_substring,,,Understanding Human Design
e3e7f42651340a75bf4dbda3b47716b4,scihub/10.1007/978-1-60327-169-1.pdf,,Lynda Bunnell,https://annas-archive.org/md5/e3e7f42651340a75bf4dbda3b47716b4,query,search_query_substring,,,Lynda Bunnell
e3f83cceed969b82371fb919bc3ff504,Dreams and Destinies : Marguerite Yourcenar,"men, women, and children as well as animals and mythical creatures. available for the first time in english in the way that she intended upon her death, dreams and destinies is a reminder from one of the greatest writers of the twentieth century that the dreams we create are with us forever.read more…english [en] · pdf · 18.4mb · 1999 · 📘 book (non-fiction) · 🚀/lgli/lgrs/nexusstc/upload/zlib    ·save·51·1base score: 11065.0, final score: 17.256578",Book of Destinies Parkyn,https://annas-archive.org/md5/e3f83cceed969b82371fb919bc3ff504,query,search_query_substring,,,Book of Destinies Parkyn
e47ce4bb31cbb4e60d58733c120d6f6b,Computers & Technology,,Understanding Human Design,https://annas-archive.org/md5/e47ce4bb31cbb4e60d58733c120d6f6b,query,search_query_substring,,,Understanding Human Design
e4877040234bbeafc39f79ede478a0f2,scihub/10.1109/globecom42002.2020.9348054.pdf,2020 IEEE Global Communications Conference,Peter Schöber,https://annas-archive.org/md5/e4877040234bbeafc39f79ede478a0f2,query,search_query_substring,,,Peter Schöber
e4a6b78696397769503f059b683c13a4,How to Read a Dress: A Guide to Changing Fashion from the 16th to the 21st Century,,Steve Rhodes Human Design: How to Read a Graph,https://annas-archive.org/md5/e4a6b78696397769503f059b683c13a4,work,work_overlap:1.00,auth_steve_rhodes,Human Design: How to Read a Graph,
e4ed7476c70919ae64ddb66122bc65fb,Differentiation of Human Induced Pluripotent Stem Cells into Definitive Endoderm Using Simple Dialysis Culture Device,"the medium replacement. to address these problems, the application of dialysis culture can retain and fully utilize their accumulation to create a better culture environment that contributes to differentiation cost reduction.read more…english [en] · pdf · 0.4mb · 2021 · 📘 book (non-fiction) · 🚀/lgli/nexusstc/scihub    ·save·0base score: 11055.0, final score: 24.874376",Science of Differentiation Human Design,https://annas-archive.org/md5/e4ed7476c70919ae64ddb66122bc65fb,work,work_overlap:0.60,auth_lynda_bunnell,"Human Design: The Definitive Book of Human Design, The Science of Differentiation",
e4fa25a90a7a2c48c37deafc99716ede,scihub/10.1109/globecom42002.2020.9348027.pdf,2020 IEEE Global Communications Conference,Peter Schöber,https://annas-archive.org/md5/e4fa25a90a7a2c48c37deafc99716ede,query,search_query_substring,,,Peter Schöber
e5118dff20c7e2bdf6388d681ff6a62f,Restructuring the Economy of the 21st Century in Japan and Germany,as in other mature economies - are essentially the same,Peter Schöber,https://annas-archive.org/md5/e5118dff20c7e2bdf6388d681ff6a62f,query,search_query_substring,,,Peter Schöber
e53fe15a23b7c6bb569a26dcc1abc041,extracted__Healthcare_Design_Basics.zip,Roberts,Human Design Health Haspel,https://annas-archive.org/md5/e53fe15a23b7c6bb569a26dcc1abc041,query,search_query_substring,,,Human Design Health Haspel
e573d87b6e138226d338439142d3cfc6,newsarch_ebooks_2025_10,"file transfer was enough to establish a virtual design studio. our expectations are greater now. along with document transfer, we expect to be able to work with others at a distance as if they were in the same physical room. we have seen how email, video conferences, and shared whiteboards can provide environments in which we can do many of the things we are used to doing face to face. the internet has changed the way we communicate at a personal level and now affects the way we work professionally. along with the new technology and the initial excitement, we have also experienced frustration when our expectations are beyond the capability for the technology to deliver. this frustration is due to the relative immaturity of software solutions to collaboration, and also due to the lack of software support for designing. we cannot just take a set of tools off the shelf and create a virtual design studio. we first need to understand what is possible in a virtual design studio, and then understand what the technology can provide. at a more fundamental level, we need to understand the differences between working in the physical presence of our collaborators and using technology to allow us to communicate at a distance.",Robin Winn Understanding the Centers in Human Design,https://annas-archive.org/md5/e573d87b6e138226d338439142d3cfc6,work,work_overlap:1.00,auth_robin_winn,Understanding the Centers in Human Design,
e5e9ae323847d264f91ef7a202e42fa8,hathi/nyp/pairtree_root/33/43/30/20/41/57/60/33433020415760/33433020415760.zip,"walter a. parkyn ...parkyn, walter a.simpkin, marshall, kent & co., ltd., 1906., england, 1906english [en] · zip · 0.1mb · 1906 · 📗 book (unknown) · 🚀/hathi    ·save·0base score: 9937.0, final score: 21.506973",Chetan Parkyn,https://annas-archive.org/md5/e5e9ae323847d264f91ef7a202e42fa8,query,search_query_substring,,,Chetan Parkyn
e640bd1c14b85cf2672ea7bfc925126e,Магия Лунных Дней_120535205.pdf,,Rave Cosmology,https://annas-archive.org/md5/e640bd1c14b85cf2672ea7bfc925126e,query,search_query_substring,,,Rave Cosmology
e653943018cc7d74d77594f4700c4758,A variable admittance controller for human-robot manipulation of large inertia objects,"the human while also allowing her/him to have control over the task. the proposed approach is evaluated via a human-in-the-loop setup and compared to a generic variable damping state-of-the-art method. the proposed approach is shown to achieve significant reduction of the human's effort and minimization of unintended overshoots and oscillations, which may deteriorate the user's feeling of control over the task.read more…english [en] · pdf · 6.1mb · 2021 · 📘 book (non-fiction) · 🚀/lgli/nexusstc/scihub    ·save·0base score: 11062.0, final score: 23.215988",Jenna Zoe Human Design,https://annas-archive.org/md5/e653943018cc7d74d77594f4700c4758,query,search_query_substring,,,Jenna Zoe Human Design
e6760a0fcd422cd47f4b942a7b1b6ed5,The Words You Should Know: 1200 Essential Words Every Educated Person Should be Able to Use and Define,,Chetan Parkyn Human Design: Discover the Person You Were Born to Be,https://annas-archive.org/md5/e6760a0fcd422cd47f4b942a7b1b6ed5,work,work_overlap:1.00,auth_chetan_parkyn,Human Design: Discover the Person You Were Born to Be,
e69670ffc5ad545dc653d918fe206fea,Success Secrets For Pastors,Success Secrets For Pastors,Bhan Tugh Rhodes,https://annas-archive.org/md5/e69670ffc5ad545dc653d918fe206fea,work,work_overlap:0.75,auth_steve_rhodes,Bhan Tugh,
e6ef4621f199cfd13cc956032b2de084,[1501105353] [9781501105357] Energy: A Human History-Hardcover,Energy: A Human History,Steve Rhodes Human Design,https://annas-archive.org/md5/e6ef4621f199cfd13cc956032b2de084,query,search_query_substring,,,Steve Rhodes Human Design
e708ea05c5d178f95a0439ce04fd1457,Biology and other natural sciences,,Robin Winn Understanding the Centers in Human Design,https://annas-archive.org/md5/e708ea05c5d178f95a0439ce04fd1457,work,work_overlap:1.00,auth_robin_winn,Understanding the Centers in Human Design,
e74d949a9af3dd591d956e116cfcdf01,newsarch_ebooks_2025_10,"narasimha karumanchi and prof. sreenivasa rao meda is a book that presents design patterns in simple and straightforward manner with a clear-cut explanation. this book will provide an introduction to the basics and covers many real-time design interview questions. it comes handy as an interview and exam guide for computer scientists.salient features of book: readers without any background in software design will be able to understand it easily and completely.presents the concepts of design patterns in simple and straightforward manner with a clear-cut explanation. after reading the book, readers will be in a position to come up with better designs than before and participate in design discussions which happen in their daily office work. the book provides enough real-time examples so that readers get better understanding of the design patterns and also useful for the interviews. we mean, the book covers design interview questions. table of contents: introductionuml basicsdesign patterns introductioncreational patternsstructural patternsbehavioral patternsglossary and tipsdesign interview questionsmiscellaneous conceptsread more…english [en] · pdf · 24.8mb · 2013 · 📘 book (non-fiction) · 🚀/lgli/lgrs/nexusstc/upload/zlib    ·save·69·2base score: 11065.0, final score: 20.551598",Beyond Human Design|Chetan Parkyn Human Design|Chiron Ephemeris Human Design|Daitche Human Design|Emma Dunwoody Human Design|Jenna Zoe Human Design|Karen Curry Human Design|Quantum Human Design|Richard Rudd Human Design|Robin Winn Human Design|Steve Rhodes Human Design|Understanding Clients Human Design|Understanding Human Design|Zen Human Design Ephemeris|Zeno Dickson Human Design,https://annas-archive.org/md5/e74d949a9af3dd591d956e116cfcdf01,work,work_overlap:0.80,auth_robin_winn,Understanding Your Clients Through Human Design,
e764e6ee4e5358be9964d0643b603b42,scihub/10.1145/3394885.3431422.pdf,,Triple Design Matrix DreamRave,https://annas-archive.org/md5/e764e6ee4e5358be9964d0643b603b42,query,search_query_substring,,,Triple Design Matrix DreamRave
e784e341ee5ce22bb065bfb2fbd2362d,Solar Arcs: Astrology's Most Successful Predictive System,,Chaitanyo Ephemeris,https://annas-archive.org/md5/e784e341ee5ce22bb065bfb2fbd2362d,query,search_query_substring,,,Chaitanyo Ephemeris
e7950253fac615ce60be5fe695022927,Cheile Genelor 1,Cheile Genelor 1,Gene Keys Richard Rudd|Richard Rudd,https://annas-archive.org/md5/e7950253fac615ce60be5fe695022927,work,work_overlap:0.67,auth_richard_rudd,Human Design: The Revelation,
e7aaf2f8b83af802021dd09f0be9ee94,101 UX Principles: A definitive design guide,in 101 ways!,"Lynda Bunnell Human Design: The Definitive Book of Human Design, The Science of Differentiation",https://annas-archive.org/md5/e7aaf2f8b83af802021dd09f0be9ee94,work,work_overlap:1.00,auth_lynda_bunnell,"Human Design: The Definitive Book of Human Design, The Science of Differentiation",
e7ae69334859eec13d1f75d1334eae77,You Were Born Rich ( The Secret DVD featuring Bob Proctor ),,Chetan Parkyn Human Design: Discover the Person You Were Born to Be|Chetan Parkyn The Book of Destinies: Discover the Life You Were Born to Live,https://annas-archive.org/md5/e7ae69334859eec13d1f75d1334eae77,work,work_overlap:1.00,auth_chetan_parkyn,Human Design: Discover the Person You Were Born to Be,
e7b466a7fa956a25043b989ced9b89e0,Were You Born Under a Lucky Star; a Complete Exposition of the Science of Astrology,,Chetan Parkyn Human Design: Discover the Person You Were Born to Be|Chetan Parkyn The Book of Destinies: Discover the Life You Were Born to Live,https://annas-archive.org/md5/e7b466a7fa956a25043b989ced9b89e0,work,work_overlap:1.00,auth_chetan_parkyn,Human Design: Discover the Person You Were Born to Be,
e81678f5679b36e2c6c4f023b2a085fb,Glass reinforced plastics;,,Book of Destinies Parkyn|Book of Lines Parkyn|Chetan Parkyn,https://annas-archive.org/md5/e81678f5679b36e2c6c4f023b2a085fb,query,search_query_substring,,,Book of Destinies Parkyn
e835d1e3e90978c009f8f6a28c4e39e4,Common and Differential Traits of the Membrane Lipidome of Colon Cancer Cell Lines and their Secreted Vesicles: Impact on Studies Using Cell Lines,Common and Differential Traits of the Membrane Lipidome of Colon Cancer Cell Lines and their Secreted Vesicles: Impact on Studies Using Cell Lines,Book of Lines Parkyn,https://annas-archive.org/md5/e835d1e3e90978c009f8f6a28c4e39e4,query,search_query_substring,,,Book of Lines Parkyn
e83d5d2d0b8f0728d86c81acfbcde9f0,e83d5d2d0b8f0728d86c81acfbcde9f0.pdf,,Chaitanyo Ephemeris,https://annas-archive.org/md5/e83d5d2d0b8f0728d86c81acfbcde9f0,query,search_query_substring,,,Chaitanyo Ephemeris
e85a18c5c5e588a4de34d9599d96cd25,WordPress Profesional Edición 2017,Corredor Lanas Alvaro.pdf,Human Design System Ra,https://annas-archive.org/md5/e85a18c5c5e588a4de34d9599d96cd25,query,search_query_substring,,,Human Design System Ra
e88067ed11ca472e72ae76863b87e587,"Cross-Cultural Design. Product and Service Design, Mobility and Automotive Design, Cities, Urban Areas, and Intelligent Environments Design: 14th ... IV (Lecture Notes in Computer Science, 13314)",13314 constitutes the refereed proceedings of the 14th International Conference on Cross-Cultural Design,"Lynda Bunnell Human Design: The Definitive Book of Human Design, The Science of Differentiation",https://annas-archive.org/md5/e88067ed11ca472e72ae76863b87e587,work,work_overlap:1.00,auth_lynda_bunnell,"Human Design: The Definitive Book of Human Design, The Science of Differentiation",
e89d1e78a04b6912e85329435e4845f4,"Healthy environments, healing spaces : practices and directions in health, planning, and design","leading scholars and practitioners of salutogenic design addresses a timely and essential question : how can we design, plan, and sustain built environments that will foster health and healing? with this principal focus, healthy environments, healing spaces investigates a range of contemporary issues, including health equity, biophilic cities, healthcare facility design, environmental  health, aging in place, and food systems planning.""--page 4 de la couverture.        read more...read more…english [en] · pdf · 20.0mb · 2018 · 📘 book (non-fiction) · 🚀/lgli/lgrs/nexusstc/zlib    ·save·55·1base score: 11065.0, final score: 17.89761",Human Design Health Haspel,https://annas-archive.org/md5/e89d1e78a04b6912e85329435e4845f4,query,search_query_substring,,,Human Design Health Haspel
e8a1db97697adcf8dac62f623eea1ddf,Planung und Stastistische Auswertung von Computersimulationen interdependenter Modelle mit verzögerten endogenen Variablen : Spektralradius- und Parameterschätzung nach der zweistufigen Methode der Kl,,Daitche Variablen,https://annas-archive.org/md5/e8a1db97697adcf8dac62f623eea1ddf,query,search_query_substring,,,Daitche Variablen
e8ff2a99bec5654770e99f3f0493b825,Data centres: an introduction to concepts and design : CIBSE knowledge series: ks18,An Introduction to Concepts and Design - CIBSE Knowledge Series - KS18.pdf,Human Design System Centres Schoeber,https://annas-archive.org/md5/e8ff2a99bec5654770e99f3f0493b825,work,work_overlap:0.67,auth_peter_schoeber,Human Design System – The Centres,
e911a26dd30b27faab8ecd1c1edcfb57,e911a26dd30b27faab8ecd1c1edcfb57.pdf,December 2017,Living Your Design Bunnell,https://annas-archive.org/md5/e911a26dd30b27faab8ecd1c1edcfb57,query,search_query_substring,,,Living Your Design Bunnell
e911d52028ac5dddfd406ddb153c902c,The Purpose Driven Church: Growth Without Compromising Your Message and Mission,The Purpose Driven Church: Growth Without Compromising Your Message and Mission.pdf,Richard Rudd The Gene Keys: Embracing Your Higher Purpose,https://annas-archive.org/md5/e911d52028ac5dddfd406ddb153c902c,work,work_overlap:1.00,auth_richard_rudd,The Gene Keys: Embracing Your Higher Purpose,
e933290e8402e83c280b7ac3ae3a280b,"Histories of Exhibition Design in the Museum : Makers, Process, and Practice",,Erin Claire Jones Human Design,https://annas-archive.org/md5/e933290e8402e83c280b7ac3ae3a280b,query,search_query_substring,,,Erin Claire Jones Human Design
e935ef78b133810f2cda91cecbc9d233,"Adipose-Derived Stem Cells: Methods and Protocols (Methods in Molecular Biology, 2783)",,Lynda Bunnell,https://annas-archive.org/md5/e935ef78b133810f2cda91cecbc9d233,query,search_query_substring,,,Lynda Bunnell
e94b2128826bb5a835765532b72c3755,Quantum Computing: A pathway to quantum logic design,,Karen Curry Parker The Encyclopedia of Quantum Human Design,https://annas-archive.org/md5/e94b2128826bb5a835765532b72c3755,work,work_overlap:1.00,auth_karen_curry_parker,The Encyclopedia of Quantum Human Design,
e9582c668ef2937ebb8d2d66cedd998a,scihub/10.1109/iscid51228.2020.00081.pdf,,Triple Design Matrix DreamRave,https://annas-archive.org/md5/e9582c668ef2937ebb8d2d66cedd998a,query,search_query_substring,,,Triple Design Matrix DreamRave
e97084ad9e494794f28b77a005ebc256,Gewerbesteuer – leicht gemacht: Systematisch – präzise – verständlich,,Peter Schöber,https://annas-archive.org/md5/e97084ad9e494794f28b77a005ebc256,query,search_query_substring,,,Peter Schöber
e989a1948f49ddd59163054300d46124,Microwave Dessert Cookbook: Enjoy Quick and Simple Desserts Made in The Microwave,,Human Design Made Simple Dunwoody,https://annas-archive.org/md5/e989a1948f49ddd59163054300d46124,query,search_query_substring,,,Human Design Made Simple Dunwoody
e9a1ece753c0dab40c6d9bbbc3345411,Zoé et Théo à la bibliothèque,Zoé et Théo à la bibliothèque,Jenna Zoë,https://annas-archive.org/md5/e9a1ece753c0dab40c6d9bbbc3345411,author,surname:Jenna,auth_jenna_zoe,,
e9f334cc44dad90157bb5c7afa9af883,549.6R-20: Guide to Design and Construction of Externally Bonded Fabric-Reinforced Cementitious Matrix (FRCM) and Steel-Reinforced Grout (SRG) Systems for Repair and Strengthening Masonry Structures,549.6R-20: Guide to Design and Construction of Externally Bonded Fabric-Reinforced Cementitious Matrix,Triple Design Matrix DreamRave,https://annas-archive.org/md5/e9f334cc44dad90157bb5c7afa9af883,query,search_query_substring,,,Triple Design Matrix DreamRave
e9f837ef291234ad637f26fc8d4c6b64,newsarch_ebooks_2025_10,,Lynda Bunnell,https://annas-archive.org/md5/e9f837ef291234ad637f26fc8d4c6b64,query,search_query_substring,,,Lynda Bunnell
ea05a24609df56985d398869ea1f6ca1,Into the World,Into the World,Chetan Parkyn,https://annas-archive.org/md5/ea05a24609df56985d398869ea1f6ca1,query,search_query_substring,,,Chetan Parkyn
ea08c1a902aecb00369a4b41c798f79a,последователността на Венера,Ричард Ръд - последователността на Венера - Отваряне на сърцето,Gene Keys Richard Rudd|Richard Rudd The Gene Keys: Embracing Your Higher Purpose,https://annas-archive.org/md5/ea08c1a902aecb00369a4b41c798f79a,work,work_overlap:1.00,auth_richard_rudd,The Gene Keys: Embracing Your Higher Purpose,
ea2118d50fa1b104f76e09227abb952e,La cuestion del manifestador,La cuestion del manifestador.pdf,Gene Keys Richard Rudd|Richard Rudd,https://annas-archive.org/md5/ea2118d50fa1b104f76e09227abb952e,work,work_overlap:0.67,auth_richard_rudd,Human Design: The Revelation,
ea2b0638f4d4b89dc25fe766e0e3e5ae,Aspects in Astrology A Guide to Understanding Planetary Relationships in the Horoscope by Sue Tompkins (z-lib.org).pdf,"sue tompkins (z-lib.org).pdfaspects in astrology : a guide to understanding planetary relationships in the horoscopesue tompkinsdestiny books imprint ; inner traditions international limited ; simon & schuster, incorporated (distributor), 2 edition, september 1, 2002<p>illustrates how aspects can offer a profound depiction of an individual and his or her destiny.</p>",Karen Curry Parker Understanding Human Design: The New Science of Astrology,https://annas-archive.org/md5/ea2b0638f4d4b89dc25fe766e0e3e5ae,work,work_overlap:1.00,auth_karen_curry_parker,Understanding Human Design: The New Science of Astrology,
ea30198386bac68644f0cca1add04a94,可避免的戰爭 : 美國與習近平治理下的中國 = The avoidable war : the dangers of a catastrophic conflict between the US and Xi Jinping's China,可避免的戰爭：美國與習近平治理下的中國,Richard Rudd,https://annas-archive.org/md5/ea30198386bac68644f0cca1add04a94,work,work_overlap:0.67,auth_richard_rudd,Human Design: The Revelation,
ea53986d8e99f549f42f2d22f53adb0c,Emotional labour in work with patients and clients : effects and recommendations for recovery,effects and recommendations for recovery - 9781.pdf,Understanding Clients Human Design,https://annas-archive.org/md5/ea53986d8e99f549f42f2d22f53adb0c,query,search_query_substring,,,Understanding Clients Human Design
ea80e98c967d0d2784e2e1828494dafd,A voiding 101 Serious HVAC System Design Mistakes,,Human Design Revolutionary System|Human Design System Centres Schoeber,https://annas-archive.org/md5/ea80e98c967d0d2784e2e1828494dafd,work,work_overlap:0.67,auth_peter_schoeber,Human Design System – The Centres,
ea9f00ee40d67a261fc98ead2bcf2ad3,"RA, the book. [Volume 1] : the Recording Architecture book of studio design",RA The Book Vol 1,Human Design System Ra,https://annas-archive.org/md5/ea9f00ee40d67a261fc98ead2bcf2ad3,query,search_query_substring,,,Human Design System Ra
eadb8c87fe005ba45379b7c1624bfa74,Pharmakodynamische Modellbildung anästhesieassoziierter Veränderungen quantitativer EEG-Variablen und physiologischer Parameter während Desfluranapplikation bei der Ratte,,Daitche Variablen,https://annas-archive.org/md5/eadb8c87fe005ba45379b7c1624bfa74,query,search_query_substring,,,Daitche Variablen
eaeecfa420a61a14547526f43a117479,"UFO's, Secret Technology, Etc",Lamb Barbara 2001.pdf,Human Design Revealed Dickson,https://annas-archive.org/md5/eaeecfa420a61a14547526f43a117479,query,search_query_substring,,,Human Design Revealed Dickson
eb35ab5ad73a6bfe53dbefa4d5e2bf6e,CMS Made Simple 1.6: Beginner's Guide,,Human Design Made Simple Dunwoody,https://annas-archive.org/md5/eb35ab5ad73a6bfe53dbefa4d5e2bf6e,query,search_query_substring,,,Human Design Made Simple Dunwoody
eb6f5603622ca284834913b182644225,Understanding Your Cat : How to Interpret What Your Cat Is Really Telling You,Understanding Your Cat,Robin Winn Understanding Your Clients Through Human Design,https://annas-archive.org/md5/eb6f5603622ca284834913b182644225,work,work_overlap:1.00,auth_robin_winn,Understanding Your Clients Through Human Design,
eb7560a0889e996efafe433eb441272d,The Prophecy of Ra Uru Hu,The Prophecy of Ra Uru Hu,Bhan Tugh Rhodes|Prophecy Ra Uru Hu Rhodes|Ra Uru Hu|Ra Uru Hu Generator Book|Ra Uru Hu Line Resonance|Ra Uru Hu The Complete Rave I'Ching|Ra Uru Hu The Nine Centres and their Gates|Ra Uru Hu The Rave I'Ching,https://annas-archive.org/md5/eb7560a0889e996efafe433eb441272d,work,work_overlap:1.00,auth_ra_uru_hu,The Rave I'Ching,
ec43f553c6b58c4a8a11de23d7840d99,"Desks, Bookcases, and Entertainment Centers (Best of WWJ) : Working Furniture for Your Home",Desks,Understanding Centers Human Design,https://annas-archive.org/md5/ec43f553c6b58c4a8a11de23d7840d99,query,search_query_substring,,,Understanding Centers Human Design
ec44f085c8b3775142e4aa9c378b59ac,Human Design revelation,Human Design revelation - A guide to basic Concepts,Gene Keys Richard Rudd|Human Design System Centres Schoeber|Richard Rudd|Richard Rudd Human Design|Richard Rudd Human Design: The Revelation,https://annas-archive.org/md5/ec44f085c8b3775142e4aa9c378b59ac,work,work_overlap:1.00,auth_richard_rudd,Human Design: The Revelation,
ec90b1ea82443e482c23f2aa2f6e00c1,ec90b1ea82443e482c23f2aa2f6e00c1.pdf,October 2018,Living Your Design Bunnell,https://annas-archive.org/md5/ec90b1ea82443e482c23f2aa2f6e00c1,query,search_query_substring,,,Living Your Design Bunnell
ecd7f15952e16b82803baeabd6cb6980,"Interfaces of Ceramic-Matrix Composites Design, Characterization and Damage Effects",,Triple Design Matrix DreamRave,https://annas-archive.org/md5/ecd7f15952e16b82803baeabd6cb6980,query,search_query_substring,,,Triple Design Matrix DreamRave
ecdd47c41f101a1cdf1e0c190e23b0b0,System 80+ Standard [nucl. powerplnt] Design,Vol 09,Human Design Revolutionary System|Human Design System Centres Schoeber,https://annas-archive.org/md5/ecdd47c41f101a1cdf1e0c190e23b0b0,work,work_overlap:0.67,auth_peter_schoeber,Human Design System – The Centres,
ece317627cff05676d5dc9d1cb8f0311,M-Health Application for Managing a Patient's Medical Record based on the Cloud: Design and Implementation,,Human Design Health Haspel,https://annas-archive.org/md5/ece317627cff05676d5dc9d1cb8f0311,query,search_query_substring,,,Human Design Health Haspel
eceaa56d2b920b271a82456fe847cfa6,duxiu/initial_release/11037272.zip,,Chetan Parkyn,https://annas-archive.org/md5/eceaa56d2b920b271a82456fe847cfa6,query,search_query_substring,,,Chetan Parkyn
ecf5f2290a1b05affcb0f7945eb7a5a4,Carro Armato P40 (Photographic Reference Manual),,LYD manual IHDS,https://annas-archive.org/md5/ecf5f2290a1b05affcb0f7945eb7a5a4,query,search_query_substring,,,LYD manual IHDS
ecf9c7c3cd0e4f3b64827486817e29f1,Princeton University Press [RETAIL],"harold shapiro, former president of both princeton university and the university of michigan, and chairman of the national bioethics advisory commission under president bill clinton, explores the role the modern university should play as an ethical force and societal steward.",Richard Rudd The Gene Keys: Embracing Your Higher Purpose,https://annas-archive.org/md5/ecf9c7c3cd0e4f3b64827486817e29f1,work,work_overlap:1.00,auth_richard_rudd,The Gene Keys: Embracing Your Higher Purpose,
ecfe25f5257c3ce1497054fe5bbb9de0,Höhere Technomathematik: Von Funktionen mit mehreren Variablen über Differentialgleichungen bis zur Stochastik (German Edition),,Daitche Variablen,https://annas-archive.org/md5/ecfe25f5257c3ce1497054fe5bbb9de0,query,search_query_substring,,,Daitche Variablen
ed0cda9a55b8dd77ef9017b29e69af31,ed0cda9a55b8dd77ef9017b29e69af31.pdf,"colin teevan. firmly placing this classic story within a present context, the universal truths held in the 400-year-old cautionary tale resonate powerfully with the greed of today’s consumer-led society.read more…english [en] · german [de] · pdf · 4.7mb · 1993 · 📘 book (non-fiction) · 🚀/lgli/lgrs/nexusstc/zlib    ·save·44·1base score: 11065.0, final score: 13.125347",Lynda Bunnell,https://annas-archive.org/md5/ed0cda9a55b8dd77ef9017b29e69af31,query,search_query_substring,,,Lynda Bunnell
ed244be9fa3ff8e4535063f37777e842,The Fault in Our Destinies,,Book of Destinies Parkyn,https://annas-archive.org/md5/ed244be9fa3ff8e4535063f37777e842,query,search_query_substring,,,Book of Destinies Parkyn
ed5da37eb44b7920cef501203e44e057,Digital Signal Processing (SOLUTIONS MANUAL),,LYD manual IHDS,https://annas-archive.org/md5/ed5da37eb44b7920cef501203e44e057,query,search_query_substring,,,LYD manual IHDS
ed7dc521cb5931b639bebc75773bd633,"HOW TO ANALYZE PEOPLE: Learn Psychology System To Read People , Analyze Body Language & Personality Types, The Power of Body Language, Human Behavior and Mind Control Techniques",HOW TO ANALYZE PEOPLE: Learn Psychology System To Read People,Steve Rhodes Human Design: How to Read a Graph,https://annas-archive.org/md5/ed7dc521cb5931b639bebc75773bd633,work,work_overlap:1.00,auth_steve_rhodes,Human Design: How to Read a Graph,
ed94b73e6d4986ec37d094179865cd60,Eyewitness Companions: Astrology (EYEWITNESS COMPANION GUIDES),,Karen Curry Parker Understanding Human Design: The New Science of Astrology,https://annas-archive.org/md5/ed94b73e6d4986ec37d094179865cd60,work,work_overlap:1.00,auth_karen_curry_parker,Understanding Human Design: The New Science of Astrology,
edeca86e82acd7156e005fe04f370d35,Die deutsche Universitätsphilosophie in der Weim.Republik und im Dritten Reich Teil 2,,Uljana Daitche Variablen im Human Design: Teil 1 — Die Pfeile,https://annas-archive.org/md5/edeca86e82acd7156e005fe04f370d35,work,work_overlap:1.00,auth_uljana_daitche,Variablen im Human Design: Teil 1 — Die Pfeile,
ee00bafe1e80458cbf95072fab7abc2b,Python Made Simple: Full Beginner’s Guide to Mastering Python,deleting event logs,Human Design Made Simple Dunwoody,https://annas-archive.org/md5/ee00bafe1e80458cbf95072fab7abc2b,query,search_query_substring,,,Human Design Made Simple Dunwoody
ee376fc58078ef9f2694e772c38b4781,PBooks Collection 2023,,Jovian Archive,https://annas-archive.org/md5/ee376fc58078ef9f2694e772c38b4781,query,search_query_substring,,,Jovian Archive
ee4a6b5ce1b519e9bc58419a18b26e69,"EMC and the Printed Circuit Board: Design, Theory, and Layout Made Simple",,Human Design Made Simple Dunwoody,https://annas-archive.org/md5/ee4a6b5ce1b519e9bc58419a18b26e69,query,search_query_substring,,,Human Design Made Simple Dunwoody
ee6956195d9caef0d82180a1e0593803,"Planning, design, and construction of health care facilities : addressing Joint Commission and JCI standards and other considerations ... from planning to commissioning","domestic and international health care organizations; standards sidelight, which reinforces how joint commission and jci standards relate to key concepts; and overarching issue, which addresses issues relevant throughout the entire project process focus features covering critical and supplementary related topics, such as designing for safety and reliability, alternate facility delivery models, and moreread more…english [en] · pdf · 2.2mb · 2015 · 📘 book (non-fiction) · 🚀/lgli/lgrs/nexusstc/upload/zlib    ·save·138·2base score: 11065.0, final score: 19.125309",Human Design Health Haspel,https://annas-archive.org/md5/ee6956195d9caef0d82180a1e0593803,query,search_query_substring,,,Human Design Health Haspel
ee8e821dfc26879e9e0f009834c1bc4d,SustainAble: A Handbook of Materials and Applications for Graphic Designers and Their Clients,"being well informed. sustainable will provide the information they need to be ahead of the curve on sustainability issues, inform them on sustainable applications and to approach the issue of sustainability in the areas of paper, printing, formats, materials, inks, and executions.read more…english [en] · pdf · 106.8mb · 2008 · 📘 book (non-fiction) · 🚀/lgli/lgrs/nexusstc/zlib    ·save·14·1base score: 11065.0, final score: 22.509813",Understanding Clients Human Design,https://annas-archive.org/md5/ee8e821dfc26879e9e0f009834c1bc4d,query,search_query_substring,,,Understanding Clients Human Design
eecca6d35564b0a120cd709051567cd3,How to Analyze People. Decoding Human Behavior and Body Language So You Can Read People like a Book Effortlessly,How to Analyze People. Decoding Human Behavior and Body Language So You Can Read People like a Book Effortlessly,Steve Rhodes Human Design: How to Read a Graph,https://annas-archive.org/md5/eecca6d35564b0a120cd709051567cd3,work,work_overlap:1.00,auth_steve_rhodes,Human Design: How to Read a Graph,
eee056217c6464fa6aa571348258ef82,Das grosse inoffizielle Fritz!Box Handbuch,,Uljana Daitche Die 384 Linien der 64 Tore: das große Human Design Handbuch,https://annas-archive.org/md5/eee056217c6464fa6aa571348258ef82,work,work_overlap:1.00,auth_uljana_daitche,Die 384 Linien der 64 Tore: das große Human Design Handbuch,
ef0878e52a1d08d12e7c7954ffbb990e,Zoé et Théo prennent l'avion,Zoé et Théo prennent l'avion,Jenna Zoë,https://annas-archive.org/md5/ef0878e52a1d08d12e7c7954ffbb990e,author,surname:Jenna,auth_jenna_zoe,,
ef16605978c2afe48f9663827f176c33,Design of coherent quantum observers in the presence of unknown inputs,,Karen Curry Parker The Encyclopedia of Quantum Human Design,https://annas-archive.org/md5/ef16605978c2afe48f9663827f176c33,work,work_overlap:1.00,auth_karen_curry_parker,The Encyclopedia of Quantum Human Design,
ef1a701cee2015ebfebc9b5cf9fb03a2,newsarch_ebooks_2025_10,"step to the surprising discovery that success is not always reaching out for something that you donвђtmt have but rather only reaching over and rearranging the pieces already there. i read with fascination as bob carefully built his case and then found myself instantly applying his conclusions to ongoing projects and relationships. therein lies the great value of this book. you can instantly apply the conclusions to your own life. it will begin to impact you long before you reach the last chapter.read more…english [en] · pdf · 0.9mb · 1997 · 📘 book (non-fiction) · 🚀/lgli/lgrs/nexusstc/upload/zlib    ·save·181·2base score: 11060.0, final score: 48.374138",Chetan Parkyn Human Design: Discover the Person You Were Born to Be|Chetan Parkyn The Book of Destinies: Discover the Life You Were Born to Live,https://annas-archive.org/md5/ef1a701cee2015ebfebc9b5cf9fb03a2,work,work_overlap:1.00,auth_chetan_parkyn,Human Design: Discover the Person You Were Born to Be,
ef2e1f95cce01dfda6ab9e045b07f409,scihub/10.1109/aero50100.2021.9438497.pdf,,Steve Rhodes Human Design,https://annas-archive.org/md5/ef2e1f95cce01dfda6ab9e045b07f409,query,search_query_substring,,,Steve Rhodes Human Design
ef62253f1c625548e07297d1a8102e1b,An Introduction to Microcomputers: The Beginner's Book,,Living Your Design Bunnell|Lynda Bunnell,https://annas-archive.org/md5/ef62253f1c625548e07297d1a8102e1b,work,work_overlap:0.60,auth_lynda_bunnell,Living Your Design Student Manual,
ef7bbb0cd1ddc94670f406e166acbdf1,Fuzzy Control Systems Design and Analysis: A Linear Matrix Inequality Approach,,Triple Design Matrix DreamRave,https://annas-archive.org/md5/ef7bbb0cd1ddc94670f406e166acbdf1,query,search_query_substring,,,Triple Design Matrix DreamRave
ef920e0c00b115007e816dcb151d6e04,PBooks Collection 2023,,Jovian Archive,https://annas-archive.org/md5/ef920e0c00b115007e816dcb151d6e04,query,search_query_substring,,,Jovian Archive
ef9b42648154970cbc87081130602f23,ef9b42648154970cbc87081130602f23.pdf,"publisherread more…english [en] · yoruba [yo] · pdf · 3.7mb · 2016 · 📘 book (non-fiction) · 🚀/lgli/lgrs/nexusstc/zlib    ·save·10·1base score: 11065.0, final score: 29.834116",Robin Winn Understanding Your Clients Through Human Design,https://annas-archive.org/md5/ef9b42648154970cbc87081130602f23,work,work_overlap:1.00,auth_robin_winn,Understanding Your Clients Through Human Design,
efb639e5bde5873d5ad4be9a8a2d4551,Can I Quote You on That?: A Practical Handbook for Company Executives Who Deal with the Media,"a journalist, about journalists, and based on a long-established and successful media-training course. circulating copies of this book around key executives would be a far cheaper and more cost-effective alternative to hiring media-trainers. being able to handle the media effectively can be a significant career advantage. doing it badly can be damaging both to the career and to the company. this book is a practical guide to handling media contact. it starts at first contact with a journalist and goes right through to discussing whether, and if so how, to follow up an interview. the book looks at print, radio, television and online journalism. there's a chapter on crisis management and one on interviewees' legal rights. a key feature of the book is that it focuses on what journalists want, why they want it, and how to give it to them in a way that achieves favourable media coverage. can i quote you on that? describes techniques for handling a variety of interviews successfully, from the visit to your office",Jenna Zoë Human Design: The Revolutionary System That Shows You Who You Came Here to Be,https://annas-archive.org/md5/efb639e5bde5873d5ad4be9a8a2d4551,work,work_overlap:1.00,auth_jenna_zoe,Human Design: The Revolutionary System That Shows You Who You Came Here to Be,
efee06859dfce9b008f4bc77afa69b0e,[1501105353] [9781501105357] Energy: A Human History-Hardcover,Energy: A Human History,Steve Rhodes Human Design,https://annas-archive.org/md5/efee06859dfce9b008f4bc77afa69b0e,query,search_query_substring,,,Steve Rhodes Human Design
f00136bb5c284271834b6c24e73829cc,scihub/10.1145/3411763.3451840.pdf,,Robin Winn Understanding the Centers in Human Design|Understanding Human Design,https://annas-archive.org/md5/f00136bb5c284271834b6c24e73829cc,work,work_overlap:1.00,auth_robin_winn,Understanding the Centers in Human Design,
f0333b720170d4981ce36b209cb41152,Wireless Information and Power Transfer: Theory and Practice (Wiley,IEEE),Peter Schöber,https://annas-archive.org/md5/f0333b720170d4981ce36b209cb41152,query,search_query_substring,,,Peter Schöber
f05afbb01fdc38e62357e71c1ec23c9a,Cornell University Press [RETAIL],,Chaitanyo Ephemeris,https://annas-archive.org/md5/f05afbb01fdc38e62357e71c1ec23c9a,query,search_query_substring,,,Chaitanyo Ephemeris
f06410c03310905d80dc6a56a3c2ae9c,You Were Born Again to Be Together,You Were Born Again to Be Together,Chetan Parkyn Human Design: Discover the Person You Were Born to Be|Chetan Parkyn The Book of Destinies: Discover the Life You Were Born to Live,https://annas-archive.org/md5/f06410c03310905d80dc6a56a3c2ae9c,work,work_overlap:1.00,auth_chetan_parkyn,Human Design: Discover the Person You Were Born to Be,
f085d39784ca78f08273955d3e0dbf0e,Design Thinking Research: Studying Co-Creation in Practice (Understanding Innovation),Hasso Plattner.pdf,Understanding Human Design,https://annas-archive.org/md5/f085d39784ca78f08273955d3e0dbf0e,query,search_query_substring,,,Understanding Human Design
f09491fdecfe7553d4dfdf56c96a715e,Bauphysik: Grundwissen für Architekten,Bauphysik: Grundwissen für Architekten,Peter Schöber,https://annas-archive.org/md5/f09491fdecfe7553d4dfdf56c96a715e,query,search_query_substring,,,Peter Schöber
f155be6b0bf27f225430b0b3a8b2a4cb,The Gifts of Imperfection: Let Go of Who You Think You're Supposed to Be and Embrace Who You Are,The Gifts of Imperfection: Let Go of Who You Think You're Supposed to Be and Embrace Who You Are,Jenna Zoë Human Design: The Revolutionary System That Shows You Who You Came Here to Be,https://annas-archive.org/md5/f155be6b0bf27f225430b0b3a8b2a4cb,work,work_overlap:1.00,auth_jenna_zoe,Human Design: The Revolutionary System That Shows You Who You Came Here to Be,
f15b4806f2a55228d9d157fc8542f3e3,Research on Fashion Design Based on Human-Computer Interaction Technology in the Era of Big Data,"using human-computer interaction tools, which provides reference for the design ideas of fashion designers and realizes the exchange and sharing of big data. the humancomputer interaction system can provide objective design basis and scientific design method for fashion design. it is a bold attempt to combine advanced information technology with traditional fashion design field, and is helpful to promote the liberation of thinking in fashion design field.read more…english [en] · pdf · 0.5mb · 2020 · 📘 book (non-fiction) · 🚀/lgli/nexusstc/scihub    ·save·0base score: 11052.0, final score: 53.60636","Lynda Bunnell Human Design: The Definitive Book of Human Design, The Science of Differentiation",https://annas-archive.org/md5/f15b4806f2a55228d9d157fc8542f3e3,work,work_overlap:1.00,auth_lynda_bunnell,"Human Design: The Definitive Book of Human Design, The Science of Differentiation",
f174996f300db6f558603527be61562f,Interaction Desing: Beyond Human-Computer Interaction,,64keys Human Design|Beyond Human Design|Chetan Parkyn Human Design|Chiron Ephemeris Human Design|Daitche Human Design|Emma Dunwoody Human Design|Erin Claire Jones Human Design|Jenna Zoe Human Design|Karen Curry Human Design|Quantum Human Design|Richard Rudd Human Design|Robin Winn Human Design|Steve Rhodes Human Design|Understanding Centers Human Design|Understanding Clients Human Design|Understanding Human Design|Zen Human Design Ephemeris|Zeno Dickson Human Design,https://annas-archive.org/md5/f174996f300db6f558603527be61562f,work,work_overlap:1.00,auth_robin_winn,Understanding the Centers in Human Design,
f17cb1c8603fb6e1e64a5603c04d5a88,"Handbuch über die Kenntnis, Erzeugung, Behandlung und Verrechnung der Gewehre und Munition sowie über das Scheibenschießen bei den k. k. österreichischen Linien-Infanterie-Regimentern",,Uljana Daitche Die 384 Linien der 64 Tore: das große Human Design Handbuch,https://annas-archive.org/md5/f17cb1c8603fb6e1e64a5603c04d5a88,work,work_overlap:1.00,auth_uljana_daitche,Die 384 Linien der 64 Tore: das große Human Design Handbuch,
f199684597b10f2dc85af47d49376d0e,Analytical Instrumentation: Practical Guides for Measurement and Control,from its origin in the research laboratory at Ludwigshafen in the late 1930's to a dynamic worldwide technology in the early 1990s. Offering some theory and a lot of real-world,Steve Rhodes Human Design,https://annas-archive.org/md5/f199684597b10f2dc85af47d49376d0e,query,search_query_substring,,,Steve Rhodes Human Design
f1a89ce094708397759bb3dc8fb2c236,"Case Studies in Clinical Practice with Trans and Gender Non-Binary Clients : A Handbook for Working with Children, Adolescents, and Adults",Case Studies in Clinical Practice with Trans and Gender Non-Binary Clients: A Handbook for Working with Children,Understanding Clients Human Design,https://annas-archive.org/md5/f1a89ce094708397759bb3dc8fb2c236,query,search_query_substring,,,Understanding Clients Human Design
f1b810332269e9d3bb0f8d0ee5841f60,Easy Curry Recipes : Curry Recipes for Every Occasion,,Karen Curry Parker,https://annas-archive.org/md5/f1b810332269e9d3bb0f8d0ee5841f60,work,work_overlap:0.75,auth_karen_curry_parker,Abundance by Design,
f20bd5c061b5eab899831d051d2f68d7,newsarch_ebooks_2025_10,"an account of gödel's t, a system that codifies number-theoretic function hierarchies. each of the book's 52 sections ends with a set of exercises, some 200 in total. an appendix contains complete solutions of these exercises.read more…english [en] · pdf · 13.1mb · 2000 · 📘 book (non-fiction) · 🚀/lgli/lgrs/nexusstc/upload/zlib    ·save·62·1base score: 11065.0, final score: 18.624216",Karen Curry Parker,https://annas-archive.org/md5/f20bd5c061b5eab899831d051d2f68d7,work,work_overlap:0.75,auth_karen_curry_parker,Abundance by Design,
f224795b4ff1b7e8ad54e8c2e91f4721,"History Revealed: The Big Book of Answers 2, 2020",,Human Design Revealed Dickson,https://annas-archive.org/md5/f224795b4ff1b7e8ad54e8c2e91f4721,query,search_query_substring,,,Human Design Revealed Dickson
f254af91d40bc1be916e7437cae88385,PRO/II Academic manual. Student Edition,,Living Your Design Student Manual,https://annas-archive.org/md5/f254af91d40bc1be916e7437cae88385,work,work_overlap:1.00,auth_lynda_bunnell,Living Your Design Student Manual,
f25e2c651d2b8852d1c723f946646ff0,"Regression, a Friendly Guide (MEAP V03)","building linear and logistic regression models with one or more variables, and master regression for count models. learn to use simulation methods to assess your models, and discover advanced techniques like generalized additive models, penalty methods, and quantile regression. youll even learn how to interpret your models and findings for non-technical coworkers, to ensure your whole organization is making reliable decisions driven",Richard Rudd,https://annas-archive.org/md5/f25e2c651d2b8852d1c723f946646ff0,work,work_overlap:0.67,auth_richard_rudd,Human Design: The Revelation,
f25e86da0f8e054610205dc47cbb9051,NEXUS: Cecil Rhodes & Secret Societies-1,NEXUS: Cecil Rhodes & Secret Societies-1.pdf,Bhan Tugh Rhodes,https://annas-archive.org/md5/f25e86da0f8e054610205dc47cbb9051,work,work_overlap:0.75,auth_steve_rhodes,Bhan Tugh,
f27dc51cf549ee5178e243de8ec54618,Your Soul's Love: Living the Love You Planned Before You Were Born,"examining the pre-birth planning of other common life challenges. now, in his third book,   your soul’s love  , he explores the pre-birth planning of challenges related to romantic relationships or their absence: infidelity; impotence; raising children alone after the death of one’s partner; being single; and celibate relationships. working again with several gifted mediums and channels, and this time incorporating the between lives soul regressions he does as a skilled hypnotist, schwartz brings forth great wisdom and love from ""the other side"" to explain why we plan such experiences before we are born.",Chetan Parkyn Human Design: Discover the Person You Were Born to Be|Chetan Parkyn The Book of Destinies: Discover the Life You Were Born to Live,https://annas-archive.org/md5/f27dc51cf549ee5178e243de8ec54618,work,work_overlap:1.00,auth_chetan_parkyn,Human Design: Discover the Person You Were Born to Be,
f2c7ccc3e6a0a4fd7f3cea3d5ef2802b,Theoretische Untersuchung über die Verbesserung des Flugverhaltens von Strahltriebwerken bei variablen Fluganforderungen durch kombinierte Leitschaufel- und Schubdüsenanpassung,,Daitche Variablen,https://annas-archive.org/md5/f2c7ccc3e6a0a4fd7f3cea3d5ef2802b,query,search_query_substring,,,Daitche Variablen
f2dc0f6371ac8e517ed4658925348cc7,Çevrimiçi Kız 1,,Jenna Zoë,https://annas-archive.org/md5/f2dc0f6371ac8e517ed4658925348cc7,author,surname:Jenna,auth_jenna_zoe,,
f2de0bee2d83011df485c65e2ef09f82,Adobe Premiere Pro 2.0 Revealed (Revealed Series),Adobe Premiere Pro 2.0 Revealed,Human Design Revealed Dickson,https://annas-archive.org/md5/f2de0bee2d83011df485c65e2ef09f82,query,search_query_substring,,,Human Design Revealed Dickson
f3444ce21bb093de6726fa98a4a53f8f,Integrating Geographic Information Systems and Agent-Based Modeling Techniques for Simulating Social and Ecological Processes,,Understanding Human Design,https://annas-archive.org/md5/f3444ce21bb093de6726fa98a4a53f8f,query,search_query_substring,,,Understanding Human Design
f3446a416d05e77aed67480c102fb088,"Photoshop CS5: Production, Student Manual",,Living Your Design Student Manual|Lynda Bunnell Living Your Design Student Manual,https://annas-archive.org/md5/f3446a416d05e77aed67480c102fb088,work,work_overlap:1.00,auth_lynda_bunnell,Living Your Design Student Manual,
f35bd51b99ba22776c7ea9c4b18396ef,Dolci Italiani: Exquisite Homemade Italian Desserts,Dolci Italiani: Exquisite Homemade Italian Desserts,Jenna Zoë,https://annas-archive.org/md5/f35bd51b99ba22776c7ea9c4b18396ef,author,surname:Jenna,auth_jenna_zoe,,
f35f409147a9f09bf768a3aa80d6807c,Dividing Lines: The Politics of Immigration Control in America,Dividing Lines: The Politics of Immigration Control in America,Book of Lines Parkyn,https://annas-archive.org/md5/f35f409147a9f09bf768a3aa80d6807c,query,search_query_substring,,,Book of Lines Parkyn
f3744bf0b88db425561facd61c90bafa,newsarch_ebooks_2025_10,"using iot and related technologies. it explores the myriad applications of the internet of things in diverse areas—in healthcare, the construction industry, in wildlife monitoring, in home security systems, in agriculture, in cryptology, in hospitality employment, in data security, and more. the chapters illustrate the defining aspects of architecture, product design, modules, interfaces, and data for building systems that satisfy specified requirements of the iot applications discussed. the authors show the novel results that present solutions to meet the ever-increasing demand of industries. offers real-world solutions to present-day problems",Human Design Revolutionary System|Human Design System Centres Schoeber,https://annas-archive.org/md5/f3744bf0b88db425561facd61c90bafa,work,work_overlap:0.67,auth_peter_schoeber,Human Design System – The Centres,
f392afe974fa3b07084b13aca9312563,Python and Hacking Made Simple: Full Beginners Bundle To Master Python \& Hacking,Python and Hacking Made Simple: Full Beginners Bundle To Master Python \& Hacking - PDFDrive.com,Human Design Made Simple Dunwoody,https://annas-archive.org/md5/f392afe974fa3b07084b13aca9312563,query,search_query_substring,,,Human Design Made Simple Dunwoody
f39d968502133638202cadb5a8825365,Channels by Type 1,Channels by Type 1 - Introduction and Creative Channels,"Human Design System Ra|Lynda Bunnell Human Design: The Definitive Book of Human Design, The Science of Differentiation|Prophecy Ra Uru Hu Rhodes|Ra Uru Hu|Ra Uru Hu Generator Book|Ra Uru Hu Line Resonance|Ra Uru Hu Rave BodyGraph Circuitry|Ra Uru Hu Rave I'Ching Line Companion|Ra Uru Hu The Complete Rave I'Ching|Ra Uru Hu The Nine Centres and their Gates|Ra Uru Hu The Rave I'Ching|Rave I'Ching",https://annas-archive.org/md5/f39d968502133638202cadb5a8825365,work,work_overlap:1.00,auth_ra_uru_hu,The Rave I'Ching,
f3a1ccd8724e572a6224e8c93dce0dab,Conservation for Survival: An Ecological Strategy,Kai Curry-Lindahl.pdf,Karen Curry Parker,https://annas-archive.org/md5/f3a1ccd8724e572a6224e8c93dce0dab,work,work_overlap:0.75,auth_karen_curry_parker,Abundance by Design,
f3ad2520e8e9918cd2a0e00aa65281e8,The design matrix : a consilience of clues,The Design Matrix: A Consilience of Clues.pdf,Triple Design Matrix DreamRave,https://annas-archive.org/md5/f3ad2520e8e9918cd2a0e00aa65281e8,query,search_query_substring,,,Triple Design Matrix DreamRave
f3cec35436bf168a8bacaf1b7c3e074f,ia/reiseninziegenge0000hawk.pdf,deutsch,Uljana Daitche,https://annas-archive.org/md5/f3cec35436bf168a8bacaf1b7c3e074f,work,work_overlap:0.67,auth_uljana_daitche,Human Design - Beziehungen,
f407aa981db356a230425838e6082250,From World City to the World in One City 2016,Tim Bunnell.pdf,Lynda Bunnell,https://annas-archive.org/md5/f407aa981db356a230425838e6082250,query,search_query_substring,,,Lynda Bunnell
f41c52011fab80d06f7c775e45bebb7f,Acura 2007 RDX. Owners Manual.,,LYD manual IHDS,https://annas-archive.org/md5/f41c52011fab80d06f7c775e45bebb7f,query,search_query_substring,,,LYD manual IHDS
f421fd887cd74af15540805d7407d72b,Mathematik für Wirtschaftswissenschaftler 1. Grundzüge der Analysis,Funktionen einer Variablen,Daitche Variablen,https://annas-archive.org/md5/f421fd887cd74af15540805d7407d72b,query,search_query_substring,,,Daitche Variablen
f4d2042db56cfd3f9de70537d47cc071,"Self-Help, Relationships & Lifestyle",,Book of Destinies Parkyn|Book of Lines Parkyn|Chetan Parkyn|Chetan Parkyn Human Design,https://annas-archive.org/md5/f4d2042db56cfd3f9de70537d47cc071,query,search_query_substring,,,Chetan Parkyn Human Design
f4f5b1cbd86029c228025bc08043c608,Downloaden Human Design Guidebook for Generators PDF Gratis,Downloaden Human Design Guidebook for Generators PDF Gratis - Nani Chesire & Emily Vino.pdf,Beyond Human Design|Chiron Ephemeris Human Design|Daitche Human Design|Emma Dunwoody Human Design|Quantum Human Design|Robin Winn Human Design|Understanding Human Design|Zen Human Design Ephemeris|Zeno Dickson Human Design,https://annas-archive.org/md5/f4f5b1cbd86029c228025bc08043c608,work,work_overlap:0.75,auth_robin_winn,Understanding the Centers in Human Design,
f57bbdb421483defcdfb11989c805195,Poser 8 revealed : the official guide,"poser 8. this hands-on guide provides step-by-step tutorials for each task or skill, followed",Human Design Revealed Dickson,https://annas-archive.org/md5/f57bbdb421483defcdfb11989c805195,query,search_query_substring,,,Human Design Revealed Dickson
f5935a9ab97881ac624d36183a800c4e,"Homesteading: A Backyard Guide to Growing Your Own Food, Canning, Keeping Chickens, Generating Your Own Energy, Crafting, Herbal Medicine, and More (Back to Basics Guides)",Homesteading: A Backyard Guide to Growing Your Own Food,Lynda Bunnell Living Your Design Student Manual,https://annas-archive.org/md5/f5935a9ab97881ac624d36183a800c4e,work,work_overlap:1.00,auth_lynda_bunnell,Living Your Design Student Manual,
f59b5847214e36c492557374bc801866,Synastry: Understanding the Astrology of Relationships,,Karen Curry Parker Understanding Human Design: The New Science of Astrology,https://annas-archive.org/md5/f59b5847214e36c492557374bc801866,work,work_overlap:1.00,auth_karen_curry_parker,Understanding Human Design: The New Science of Astrology,
f5c6afbf7c2ae21c1aba5d5cc8eb723c,Im Netz der Pflegemafia: Wie mit menschenunwürdiger Pflege Geschäfte gemacht werden,Im Netz der Pflegemafia: Wie mit menschenunwürdiger Pflege Geschäfte gemacht werden,Peter Schöber,https://annas-archive.org/md5/f5c6afbf7c2ae21c1aba5d5cc8eb723c,query,search_query_substring,,,Peter Schöber
f6237978bfb2982eb8e708e507c5dfaa,lgrsnf/D:\!genesis\library.nu\f6\_307427.f6237978bfb2982eb8e708e507c5dfaa.pdf,"her alter ego, shevaun, whose violent behavior wreaks havoc on those around her. erin can never remember anything about these episodes, and she's grateful to have been spared them for a while. but when a protective friend comes back into erin's life, he insists that shevaun is a vampire who actually exists apart from erin. shevaun has dangerous allies, like the handsome witch adjila--and they're determined to sever shevaun's connection to erin once and for all. from the hardcover editionread more…english [en] · pdf · 2.0mb · 2008 · 📘 book (non-fiction) · 🚀/lgli/lgrs/zlib    ·save·0·1❌ this file might have issues.base score: 0.01, final score: 17.032646",Bhan Tugh Rhodes,https://annas-archive.org/md5/f6237978bfb2982eb8e708e507c5dfaa,work,work_overlap:0.75,auth_steve_rhodes,Bhan Tugh,
f6316e822ad22773671a91a9ce2c1765,Degruyter Imprints v2 [09-06-23],,Uljana Daitche Die 384 Linien der 64 Tore: das große Human Design Handbuch,https://annas-archive.org/md5/f6316e822ad22773671a91a9ce2c1765,work,work_overlap:1.00,auth_uljana_daitche,Die 384 Linien der 64 Tore: das große Human Design Handbuch,
f63cb5b11d5b3d24e0d8963ee7672ac1,Chinese Books on Marxism,The Frustrations of Geopolitics and the Pleasures of War - Behind Enemy Lines and A.pdf,Book of Lines Parkyn,https://annas-archive.org/md5/f63cb5b11d5b3d24e0d8963ee7672ac1,query,search_query_substring,,,Book of Lines Parkyn
f64d75e2604187389bbd4f8909130be3,"Cotten, Ann, 1982-, Czernin, Franz Josef, Donhauser, Michael, 1956-, Eisinger, Ute, 1964-, Falb, Daniel, 1977-, Jackson, Hendrik, Kreidl, Margret, 1964-, Papenfuss-Gorek, Bert, 1956-, Popp, Steffen, R","ann cotton, franz josef czernin, michael donhauser, ute eisinger, daniel falb, hendrik jackson, marget kreidl, bert papenfuss, steffen popp, monika rinck, farhad showghi, hans thill, raphael urweider, anja utler, ron winkler, and uljana wolf.translated",Uljana Daitche,https://annas-archive.org/md5/f64d75e2604187389bbd4f8909130be3,work,work_overlap:0.67,auth_uljana_daitche,Human Design - Beziehungen,
f65fe7a84aadc6a024aad4afb20fe52f,"Arlan Hamilton, Rachel L. Nelson",,Chetan Parkyn Human Design: Discover the Person You Were Born to Be,https://annas-archive.org/md5/f65fe7a84aadc6a024aad4afb20fe52f,work,work_overlap:1.00,auth_chetan_parkyn,Human Design: Discover the Person You Were Born to Be,
f660a53e7ca2a6a7de4d039b3885d7cb,Iconic Arithmetic: The Design of Mathematics for Human Understanding,"charles sanders peirce, george spencer brown and louis kauffman. it reduces the laws of arithmetic and algebra to three simple patterns of containment. two of these patterns delete unnecessary symbolic complexity found in integer, rational, irrational and complex numeric expressions. the postsymbolic innovations of iconic arithmetic modify the formal structure of mathematics in fundamental and surprising in volume i of this series dr. bricken explores iconic arithmetic from the perspectives of historical evolution, formal mathematics, computer science and mathematics education. volume ii (isbn 9781732485143) connects james algebra to the symbolic foundation of numerics developed over a century ago",64keys Human Design|Karen Curry Parker Understanding Human Design: The New Science of Astrology|Robin Winn Understanding Your Clients Through Human Design|Robin Winn Understanding the Centers in Human Design,https://annas-archive.org/md5/f660a53e7ca2a6a7de4d039b3885d7cb,work,work_overlap:1.00,auth_karen_curry_parker,Understanding Human Design: The New Science of Astrology,
f676dfb3bc7337573e69595cdabd1b34,"Awaken Your Inner Fire: Ignite Your Passion, Find Your Purpose, and Create the Life That You Love",,Richard Rudd The Gene Keys: Embracing Your Higher Purpose,https://annas-archive.org/md5/f676dfb3bc7337573e69595cdabd1b34,work,work_overlap:1.00,auth_richard_rudd,The Gene Keys: Embracing Your Higher Purpose,
f67db76456479e04652174c22a012a0a,It's Grill Time!: A Grill Masters' Certified Cookbook for BBQ,It's Grill Time!: A Grill Masters' Certified Cookbook for BBQ,Jenna Zoë,https://annas-archive.org/md5/f67db76456479e04652174c22a012a0a,author,surname:Jenna,auth_jenna_zoe,,
f68ac84d480d41a222818d802f3af7ca,China: A Modern Social-Imperialist Power | An Integral Part of the Capitalist-Imperialist System,the central committee of the communist party of india (maoist),Human Design Revolutionary System,https://annas-archive.org/md5/f68ac84d480d41a222818d802f3af7ca,query,search_query_substring,,,Human Design Revolutionary System
f6a9013b491faeb3f314e06419f3df0f,newsarch_ebooks_2025_10,,Human Design Made Simple Dunwoody,https://annas-archive.org/md5/f6a9013b491faeb3f314e06419f3df0f,query,search_query_substring,,,Human Design Made Simple Dunwoody
f6bffc8b7eb10de9e1ea6fb49238d431,Введение в космонавтику._119619291.pdf,,Rave Cosmology,https://annas-archive.org/md5/f6bffc8b7eb10de9e1ea6fb49238d431,query,search_query_substring,,,Rave Cosmology
f6c46a4ab24cf6f36b081ec4b29251ac,How to Read a Person Like a Book,,Steve Rhodes Human Design: How to Read a Graph,https://annas-archive.org/md5/f6c46a4ab24cf6f36b081ec4b29251ac,work,work_overlap:1.00,auth_steve_rhodes,Human Design: How to Read a Graph,
f6e5691ee60ad7e48b9df76f0ed2a531,The theory of quantum information,,Karen Curry Parker The Encyclopedia of Quantum Human Design,https://annas-archive.org/md5/f6e5691ee60ad7e48b9df76f0ed2a531,work,work_overlap:1.00,auth_karen_curry_parker,The Encyclopedia of Quantum Human Design,
f6ef39d9555e40fbf2406daab6d6caaf,Global education under attack : International Baccalaureate in America,Global Education Under Attack - International Baccalaureate in America,Lynda Bunnell,https://annas-archive.org/md5/f6ef39d9555e40fbf2406daab6d6caaf,query,search_query_substring,,,Lynda Bunnell
f7746aeea69c5a99aff7ca9d5a40da01,Understanding Your Clients through Human Design,Understanding Your Clients through Human Design,Robin Winn Human Design|Robin Winn Understanding Your Clients Through Human Design|Robin Winn Understanding the Centers in Human Design|Understanding Clients Human Design,https://annas-archive.org/md5/f7746aeea69c5a99aff7ca9d5a40da01,work,work_overlap:1.00,auth_robin_winn,Understanding Your Clients Through Human Design,
f7b336547cf7bc3b532a97673346688d,PBooks Collection 2023,,Jovian Archive,https://annas-archive.org/md5/f7b336547cf7bc3b532a97673346688d,query,search_query_substring,,,Jovian Archive
f808f7a4e5039162f42f5c2199af3a13,Labour and the Wage,Labour and the Wage,Jenna Zoë,https://annas-archive.org/md5/f808f7a4e5039162f42f5c2199af3a13,author,surname:Jenna,auth_jenna_zoe,,
f82fb7dea496380bc83f9da2966ad1b4,For Your Body Only: Discover the Diet You Were Born to Eat,"the competing claims and ""research"" of the nutritional gurus-of-the-moment? it's like not having the correct password to open your software program! is there such a thing as the perfect diet-for you or anyone else? is perfect daily health a pipedream-or a practical possibility? can you really discover your individual ""genetic-password""-and possess a lifetime passport to super-health? until now, the honest answer would have been no! because until now, there has been no truly scientific testing system available to accurately measure your true dietary needs. over the years, many diets have offered small pieces of the puzzle. the most recent examples are the zone and blood type diets. but a small piece of the puzzle is just that. you're left with gaping-and potentially dangerous-holes in your nutritional program. in for your body only, dr. gregory tefft finally offers you an escape from the guesswork, confusion, and risk of these one-size-fits-all diets. scientific research now shows conclusively that each individual's genetic structure is unique-and has unique dietary needs. with the new science of typing and profiling, you can finally crack the code and personalize your diet with uncanny accuracy.whether you seek weight loss, high energy, good looks, strength, vitality or simple, honest-to-goodness, radiant health, for your body only delivers where others have failed you.can you have a lifetime of perfect health? the honest answer, now, is yes!read more…english [en] · pdf · 62.8mb · 2022 · 📘 book (non-fiction) · 🚀/lgli/lgrs/nexusstc/zlib    ·save·32·1base score: 11065.0, final score: 61.30886",Chetan Parkyn Human Design: Discover the Person You Were Born to Be|Chetan Parkyn The Book of Destinies: Discover the Life You Were Born to Live,https://annas-archive.org/md5/f82fb7dea496380bc83f9da2966ad1b4,work,work_overlap:1.00,auth_chetan_parkyn,Human Design: Discover the Person You Were Born to Be,
f836726024d6d534835be3062086483d,"Experimentelle Untersuchungen über die Beziehungen der Grosshirnrinde und der Netzhaut zu den primären optischen Zentren, besonders zum Corpus geniculatum externum",,Peter Schoeber Das Human Design System – Die Zentren,https://annas-archive.org/md5/f836726024d6d534835be3062086483d,work,work_overlap:1.00,auth_peter_schoeber,Das Human Design System – Die Zentren,
f841e57edd93e8ce51016b4287353eb4,Advanced optical wireless communication systems,"describing important issues in optical wireless theory, including coding and modulation techniques for optical wireless, wireless optical cdma communication systems, equalization and markov chains in cloud channels and optical mimo systems, as well as explaining key issues in information theory for optical wireless channels. the next section describes unique channels that could be found in optical wireless applications, such as nlos uv atmospheric scattering channels, underwater communication links and a combination of hybrid rf/optical wireless systems. the final section describes applications of optical wireless technology, such as quantum encryption, visible light communication, ir links and sensor networks, with step-by-step guidelines to help reduce design time and cost""--",Peter Schöber,https://annas-archive.org/md5/f841e57edd93e8ce51016b4287353eb4,query,search_query_substring,,,Peter Schöber
f863b2d62d31af5265853886fb680efd,PsicologÃ­a general,PsicologÃ­a general,Jenna Zoë,https://annas-archive.org/md5/f863b2d62d31af5265853886fb680efd,author,surname:Jenna,auth_jenna_zoe,,
f87dd29a288aac2fda20c16ca6fe845e,"Die mittelalterlichen Stadtbefestigungen im deutschsprachigen Raum, 2 Teile: Ein Handbuch. Systematischer Teil",allen diesen Siedlungen gemein und geradezu konstitutiv war die Wehrhaftigkeit,Uljana Daitche Variablen im Human Design: Teil 1 — Die Pfeile,https://annas-archive.org/md5/f87dd29a288aac2fda20c16ca6fe845e,work,work_overlap:1.00,auth_uljana_daitche,Variablen im Human Design: Teil 1 — Die Pfeile,
f88c53f1c55e1c896c7fd0d94baabc25,Pivoting Your Instruction : A Guide to Comprehensive Instructional Design for Faculty,Pivoting Your Instruction; A Guide to Comprehensive Instructional Design for Faculty,Living Your Design Student Manual|Lynda Bunnell Living Your Design Student Manual,https://annas-archive.org/md5/f88c53f1c55e1c896c7fd0d94baabc25,work,work_overlap:1.00,auth_lynda_bunnell,Living Your Design Student Manual,
f89f4f1f0f9784f514ed503d6ca18a14,"The Web Collection Revealed Premium Edition: Adobe Dreamweaver CS5, Flash CS5 and Photoshop CS5",,Human Design Revealed Dickson,https://annas-archive.org/md5/f89f4f1f0f9784f514ed503d6ca18a14,query,search_query_substring,,,Human Design Revealed Dickson
f8da93eba66a3d292621c559f58e1497,"How to Pass the Police Selection System: Practise for the Psychometric Tests and Succeed at the Assessment Centres, 3rd Edition",,Human Design System Centres Schoeber,https://annas-archive.org/md5/f8da93eba66a3d292621c559f58e1497,work,work_overlap:0.67,auth_peter_schoeber,Human Design System – The Centres,
f8fda3d4530db94d354bc97b7e31f6ef,Experimentelle Kryptographie mit kontinuierlichen Variablen,,Daitche Variablen,https://annas-archive.org/md5/f8fda3d4530db94d354bc97b7e31f6ef,query,search_query_substring,,,Daitche Variablen
f9259c583760cb219342aeb96116c62c,"Contrary Destinies: A Century of America's Occupation, Deoccupation, and Reoccupation of Haiti","extension, american imperialism in haiti.”—quito swan, author of black power in bermuda: the struggle for decolonization  in 1915, united states marines arrived in haiti to safeguard lives and property from the political instability of the time. while there, the marine corps controlled everything from finance to education, from health care to public works and built an army, “la garde d’haiti,” to maintain the changes it implemented. ultimately, the decisions made",Book of Destinies Parkyn,https://annas-archive.org/md5/f9259c583760cb219342aeb96116c62c,work,work_overlap:1.00,auth_ra_uru_hu,The Human Design System (Black Book),
f92fe6108235e14f2008718ac5cf21e8,"Sleep as the great opportunity, or, Psychcoma / by Helen Rhodes-Wallace",Sleep as the great opportunity,Bhan Tugh Rhodes,https://annas-archive.org/md5/f92fe6108235e14f2008718ac5cf21e8,work,work_overlap:0.75,auth_steve_rhodes,Bhan Tugh,
f94471b4eb7b8bcdd71abd4dfc3fb978,Hypertrophy and calisthenics THE PRIO SYSTEM: A workout program backed by science that will show you how to gain muscle and build strength with bodyweight strength training.,The Prio System - A workout program backed by science that will show you how to gain muscle and build strength with bodyweight strength training,Jenna Zoë Human Design: The Revolutionary System That Shows You Who You Came Here to Be,https://annas-archive.org/md5/f94471b4eb7b8bcdd71abd4dfc3fb978,work,work_overlap:1.00,auth_jenna_zoe,Human Design: The Revolutionary System That Shows You Who You Came Here to Be,
f95bf0292635a874c6922b14ae72826b,Housekeeping & Leisure,,Human Design Revolutionary System,https://annas-archive.org/md5/f95bf0292635a874c6922b14ae72826b,query,search_query_substring,,,Human Design Revolutionary System
f961220329b4e32ad4843fe33dfdf753,Explanation and Understanding in the Human Sciences (Oxford India Paperbacks),,Robin Winn Understanding the Centers in Human Design,https://annas-archive.org/md5/f961220329b4e32ad4843fe33dfdf753,work,work_overlap:1.00,auth_robin_winn,Understanding the Centers in Human Design,
f9c2bcf65f7ed7cdad794b0c0d24d1a3,Building the SharePoint User Experience (Expert's Voice in Sharepoint),,Understanding Human Design,https://annas-archive.org/md5/f9c2bcf65f7ed7cdad794b0c0d24d1a3,query,search_query_substring,,,Understanding Human Design
f9fe1d396269aa5d954cfaa99d43b7ef,scihub/10.1145/3411764.3445212.pdf,,Robin Winn Understanding the Centers in Human Design|Understanding Human Design,https://annas-archive.org/md5/f9fe1d396269aa5d954cfaa99d43b7ef,work,work_overlap:1.00,auth_robin_winn,Understanding the Centers in Human Design,
fa0867446294d5fa6cdf98cd97319659,"Designing Successful E-Learning, Michael A",Michael W. Allen.pdf,How Do You Choose Human Design,https://annas-archive.org/md5/fa0867446294d5fa6cdf98cd97319659,query,search_query_substring,,,How Do You Choose Human Design
fa490a7a6d7046c92a434f30943f6f78,"How Consciousness Became the Universe: Quantum Physics, Cosmology, Relativity, Evolution, Neuroscience, Parallel Universes",How Consciousness Became the Universe: Quantum Physics,Rave Cosmology,https://annas-archive.org/md5/fa490a7a6d7046c92a434f30943f6f78,query,search_query_substring,,,Rave Cosmology
fa4d36c4f486fd504316d4e205c08326,PBooks Collection 2023,ΝΕΚΡΩΣΙΜΟΣ ΑΚΟΛΟΥΘΙΑ.pdf,Jovian Archive,https://annas-archive.org/md5/fa4d36c4f486fd504316d4e205c08326,query,search_query_substring,,,Jovian Archive
fa7e03e6fe3cac32de207119cd63ccff,The VR Book: Human-Centered Design for Virtual Reality,,64keys Human Design,https://annas-archive.org/md5/fa7e03e6fe3cac32de207119cd63ccff,query,search_query_substring,,,64keys Human Design
fa82cec8f6c9adc0573c65e6b2cf6e12,Designing Connected Products : UX for the Consumer Internet of Things,"drawing on the best of current design practice and academic research, designing connected products delivers sound advice for working with cross-device interactions and the complex ecosystems inherent in iot technology.read more…english [en] · pdf · 75.0mb · 2015 · 📘 book (non-fiction) · 🚀/lgli/lgrs/nexusstc/zlib    ·save·21·1base score: 11065.0, final score: 23.613865",Erin Claire Jones Human Design,https://annas-archive.org/md5/fa82cec8f6c9adc0573c65e6b2cf6e12,query,search_query_substring,,,Erin Claire Jones Human Design
fb36a3c8e6360db5e9e2c9207da9dba8,"The Physics of Consciousness: In the Quantum Field, Minerals, Plants, Animals and Human Souls (Existence",Consciousness - Bliss Book 9)/fb36a3c8e6360db5e9e2c9207da9dba8.pdf,Karen Curry Parker The Encyclopedia of Quantum Human Design,https://annas-archive.org/md5/fb36a3c8e6360db5e9e2c9207da9dba8,work,work_overlap:1.00,auth_karen_curry_parker,The Encyclopedia of Quantum Human Design,
fb4da90d833e56f2f8e2ebe2f5a00f66,Roles of Drop-in Centers in Street Children Interventions: Design Guidelines and Humanitarian Emergency Architecture Adaptations 5 5,Roles of Drop-in Centers in Street Children Interventions: Design Guidelines and Humanitarian Emergency Architecture Adaptations 5,Robin Winn Understanding the Centers in Human Design|Understanding Centers Human Design,https://annas-archive.org/md5/fb4da90d833e56f2f8e2ebe2f5a00f66,work,work_overlap:1.00,auth_robin_winn,Understanding the Centers in Human Design,
fb53d27624dfb75411eee3af7a82b4da,Offizieller Bericht über die Kriegsereignisse zwischen Hannover und Preußen im Juni 1866 und Relation der Schlacht bei Langensalza am 27.Juni 1866,,Uljana Daitche Variablen im Human Design: Teil 1 — Die Pfeile,https://annas-archive.org/md5/fb53d27624dfb75411eee3af7a82b4da,work,work_overlap:1.00,auth_uljana_daitche,Variablen im Human Design: Teil 1 — Die Pfeile,
fb6c4ab37c6abc15591aa5c3b16c9033,newsarch_ebooks_2025_10,"publisherread more…english [en] · pdf · 6.1mb · 2016 · 📘 book (non-fiction) · 🚀/lgli/lgrs/nexusstc/upload/zlib    ·save·20·1base score: 11065.0, final score: 22.979837",64keys Human Design,https://annas-archive.org/md5/fb6c4ab37c6abc15591aa5c3b16c9033,query,search_query_substring,,,64keys Human Design
fb7a1638498821d9cddaa3685b16b4c8,Zoé et Théo (Tome 15) Un Noël plein de surprises,ZOE ET THEO T15 UN NOEL PLEIN DE SURPRISES !,Jenna Zoë,https://annas-archive.org/md5/fb7a1638498821d9cddaa3685b16b4c8,author,surname:Jenna,auth_jenna_zoe,,
fb837aa2fb3ecde9931cb0981893feab,Radical Relevance: Sharpen Your Marketing Message,Radical Relevance: Sharpen Your Marketing Message - Cut Through the Noise - Win More Ideal Clients,Robin Winn Understanding Your Clients Through Human Design,https://annas-archive.org/md5/fb837aa2fb3ecde9931cb0981893feab,work,work_overlap:1.00,auth_robin_winn,Understanding Your Clients Through Human Design,
fba4627eb90ac03846661f30ebf6382a,PBooks Collection 2023,,Jovian Archive,https://annas-archive.org/md5/fba4627eb90ac03846661f30ebf6382a,query,search_query_substring,,,Jovian Archive
fbc517423b24ba243909c2a6f879137c,"The Boston-Curry Party. on the ’Sacked, Plundered and Smoking Australian Educational Battlefield’ at Goroke",,Karen Curry Parker,https://annas-archive.org/md5/fbc517423b24ba243909c2a6f879137c,work,work_overlap:0.75,auth_karen_curry_parker,Abundance by Design,
fbcadc2437eb980a179a2de3220b7edb,PBooks Collection 2023,,Jovian Archive,https://annas-archive.org/md5/fbcadc2437eb980a179a2de3220b7edb,query,search_query_substring,,,Jovian Archive
fbf80461ce742e3bc9cf2892ed6e6855,Psychology of System Design (Advances in Human Factors/Ergonomics),"a comprehensive theory of system functioning. 2. interactive computer design models itself upon our knowledge of how humans function. 3. highly sophisticated interactive computer systems are presently mostly research vehicles, they are vastly different to general purpose, commercially available word processors and personal computers.",Peter Schoeber Das Human Design System – Die Zentren,https://annas-archive.org/md5/fbf80461ce742e3bc9cf2892ed6e6855,work,work_overlap:1.00,auth_peter_schoeber,Das Human Design System – Die Zentren,
fc289aaae809c2bd18a6e865496d2e78,Understanding the 7 Year Cycle in Astrology and the Stages of Our Lives,Understanding the 7 Year Cycle in Astrology and the Stages of Our Lives - Humans Are Free.pdf,Karen Curry Parker Understanding Human Design: The New Science of Astrology,https://annas-archive.org/md5/fc289aaae809c2bd18a6e865496d2e78,work,work_overlap:1.00,auth_karen_curry_parker,Understanding Human Design: The New Science of Astrology,
fc3fb64e927829b6a8174fbfce45e405,"Mandibular Reconstruction: When to Graft, When to Flap, and When to Say No",,Lynda Bunnell,https://annas-archive.org/md5/fc3fb64e927829b6a8174fbfce45e405,query,search_query_substring,,,Lynda Bunnell
fc40838ba1bb7440b63785f28b8cd6b2,PBooks Collection 2023,,Jovian Archive,https://annas-archive.org/md5/fc40838ba1bb7440b63785f28b8cd6b2,query,search_query_substring,,,Jovian Archive
fc4bbaa8cc7073d9c73b76dd6e5f8a4b,scihub/10.1007/978-3-540-69357-4.pdf,"using special media and supplements. in the field of biomaterials, numerous scaffold materials already exist but new composites are also being developed based on polymeric, natural or xenogenic sources. moreover, a very important issue in tissue en- neering is the formation of tissues under well defined, controlled and reprod- ible conditions. therefore, a substantial number of new bioreactors have been developed.read more…english [en] · pdf · 4.3mb · 2009 · 📘 book (non-fiction) · 🚀/lgli/scihub/zlib    ·save·1·1base score: 11065.0, final score: 18.128761",Eleanor Haspel-Portner,https://annas-archive.org/md5/fc4bbaa8cc7073d9c73b76dd6e5f8a4b,query,search_query_substring,,,Eleanor Haspel-Portner
fc6bf768a95fdbeb3e45b8c42901a824,The Quantum Human,The Quantum Human,Karen Curry Human Design|Karen Curry Parker|Karen Curry Parker The Encyclopedia of Quantum Human Design|Karen Curry Parker Understanding Human Design: The New Science of Astrology,https://annas-archive.org/md5/fc6bf768a95fdbeb3e45b8c42901a824,work,work_overlap:1.00,auth_karen_curry_parker,Understanding Human Design: The New Science of Astrology,
fc6dd41fffe230ab2752860dada1fa2b,scihub/10.1109/syscon48628.2021.9447074.pdf,,Triple Design Matrix DreamRave,https://annas-archive.org/md5/fc6dd41fffe230ab2752860dada1fa2b,query,search_query_substring,,,Triple Design Matrix DreamRave
fc741e103b06d255fe5ffaf80a42ecea,Rave Anatomy II,Rave Anatomy II - The Awareness Lectures,Human Design System Ra|Prophecy Ra Uru Hu Rhodes|Ra Uru Hu|Ra Uru Hu Generator Book|Ra Uru Hu Line Resonance|Ra Uru Hu Rave BodyGraph Circuitry|Ra Uru Hu Rave I'Ching Line Companion|Ra Uru Hu The Complete Rave I'Ching|Ra Uru Hu The Nine Centres and their Gates|Ra Uru Hu The Rave I'Ching,https://annas-archive.org/md5/fc741e103b06d255fe5ffaf80a42ecea,work,work_overlap:1.00,auth_ra_uru_hu,The Rave I'Ching,
fc959f471390be1d4bdb5ba04132878b,Centres of Learning: Learning and Location in Pre-Modern Europe and the Near East (Brill's Studies in Intellectual History),Centres of Learning. Learning and Location in Pre-Modern Europe and the Near East,Human Design System Centres Schoeber,https://annas-archive.org/md5/fc959f471390be1d4bdb5ba04132878b,work,work_overlap:0.67,auth_peter_schoeber,Human Design System – The Centres,
fc988d83ec184aa90f8ed4f24863da6b,Rhodes (Rogue County Rangers Book 2),Rhodes,Bhan Tugh Rhodes,https://annas-archive.org/md5/fc988d83ec184aa90f8ed4f24863da6b,work,work_overlap:0.75,auth_steve_rhodes,Bhan Tugh,
fcd60d1784a80e08fc9923346fb8390f,Triggers: Creating Behavior That Lasts--Becoming the Person You Want to Be,Triggers: Creating Behavior That Lasts--Becoming the Person You Want to Be,Chetan Parkyn Human Design: Discover the Person You Were Born to Be|Jenna Zoë Human Design: The Revolutionary System That Shows You Who You Came Here to Be,https://annas-archive.org/md5/fcd60d1784a80e08fc9923346fb8390f,work,work_overlap:1.00,auth_chetan_parkyn,Human Design: Discover the Person You Were Born to Be,
fcdc03174960093a19ec375802192acd,The Measure of Man and Woman: Human Factors in Design,,"64keys Human Design|Lynda Bunnell Human Design: The Definitive Book of Human Design, The Science of Differentiation",https://annas-archive.org/md5/fcdc03174960093a19ec375802192acd,work,work_overlap:1.00,auth_lynda_bunnell,"Human Design: The Definitive Book of Human Design, The Science of Differentiation",
fce339d4d60bc299b5cd6ad2b2a58522,Das wirtschaftliche Hinterland der frühmittelalterlichen Zentren,,Peter Schoeber Das Human Design System – Die Zentren,https://annas-archive.org/md5/fce339d4d60bc299b5cd6ad2b2a58522,work,work_overlap:1.00,auth_peter_schoeber,Das Human Design System – Die Zentren,
fd10175c45b93c8319bcab2d146743fb,fd10175c45b93c8319bcab2d146743fb.pdf,"implementing the s.l.a.p. (the seven life-altering principles). identify your what that is, the one vocation you're compelled to pursue and establish a plan of action for achieving your natural-born greatness. create at-a-glance references that identify your life's purpose, goals and inspirationsread more…english [en] · pdf · 4.0mb · 2010 · 📘 book (non-fiction) · 🚀/lgli/lgrs/nexusstc/zlib    ·save·13·1base score: 11065.0, final score: 41.143494",Chetan Parkyn Human Design: Discover the Person You Were Born to Be,https://annas-archive.org/md5/fd10175c45b93c8319bcab2d146743fb,work,work_overlap:1.00,auth_chetan_parkyn,Human Design: Discover the Person You Were Born to Be,
fd1b03ddfc73020d4a56ebab772a8f05,"Mathematik für Ingenieure mit Maple 1 Differential- und Integralrechnung für Funktionen einer Variablen, Vektor- und Matrizenrechnung, komplexe Zahlen, Funktionenreihen : mit Aufgaben mit Lösungen",Umfassende Ergänzung der MA- PLE-Ausarbeitungen. - zahlreiche neu erstellte Visualisie- rungen.- Anpassung an MAPLE 6. - Neue Anwendungsbeispiele aus dem Maschinenbau. - Einfache,Daitche Variablen,https://annas-archive.org/md5/fd1b03ddfc73020d4a56ebab772a8f05,query,search_query_substring,,,Daitche Variablen
fd1ecb309c4c5e4851b5967ef3e63068,The Community Planning Event Manual: How to use Collaborative Planning and Urban Design Events to Improve your Environment (Tools for Community Planning),residents,Living Your Design Student Manual,https://annas-archive.org/md5/fd1ecb309c4c5e4851b5967ef3e63068,work,work_overlap:1.00,auth_lynda_bunnell,Living Your Design Student Manual,
fd2ac9806e24887ba5e2e36d2c69ebce,"Die allgemeine Einleitung, die Pyrenäische Halbinsel, Frankreich, das Britische Reich, die Niederlande, die Schweiz, die Skandinavischen Reiche",,Uljana Daitche Die 384 Linien der 64 Tore: das große Human Design Handbuch,https://annas-archive.org/md5/fd2ac9806e24887ba5e2e36d2c69ebce,work,work_overlap:1.00,auth_uljana_daitche,Die 384 Linien der 64 Tore: das große Human Design Handbuch,
fd2d1f74d0e1668137432bd91e7bc069,Innovating for People: Handbook of Human-Centered Design Methods,way of three key design skills:,64keys Human Design|Beyond Human Design|Chiron Ephemeris Human Design|Daitche Human Design|Quantum Human Design|Understanding Human Design|Zen Human Design Ephemeris,https://annas-archive.org/md5/fd2d1f74d0e1668137432bd91e7bc069,query,search_query_substring,,,Chiron Ephemeris Human Design
fd365f4464634b95daaf1957eddfe830,"Design, user experience, and usability : understanding users and contexts : 6th International Conference, DUXU 2017, held as part of HCI International 2017, Vancouver, BC, Canada, July 9-14, 2017, Pro",,Understanding Human Design,https://annas-archive.org/md5/fd365f4464634b95daaf1957eddfe830,query,search_query_substring,,,Understanding Human Design
fd60b546976fee6eb13fc6803cd6ad95,Mehr Konzentration in der Schule : besser lernen,Mehr Konzentration in der Schule 3. Auflage,Uljana Daitche Die 384 Linien der 64 Tore: das große Human Design Handbuch,https://annas-archive.org/md5/fd60b546976fee6eb13fc6803cd6ad95,work,work_overlap:1.00,auth_uljana_daitche,Die 384 Linien der 64 Tore: das große Human Design Handbuch,
fdee8b8e8a3fd84688b13b1043dd521a,University of Toronto Press [RETAIL],"disregarding modes of affect which fail to conform to the accounts they each employ. </p> <p>against the standard and neo-cognitivist views she argues that the notions they use to characterize affect are neither necessary nor sufficient; and against the objectual thesis she further argues that affective states exhibit degrees of independence from the concept of an object. she develops a new theory of the varieties of affect that explains their cognitive nature, their felt aspect, their special logic and the relationship between their objectless and object-directed forms. </p> <p>armon-jones concludes",Erin Claire Jones Human Design,https://annas-archive.org/md5/fdee8b8e8a3fd84688b13b1043dd521a,query,search_query_substring,,,Erin Claire Jones Human Design
fe0740b58e7be9f0ab93ea0e3fa85b6a,MCS6500 Microcomputer family programming manual.,,LYD manual IHDS,https://annas-archive.org/md5/fe0740b58e7be9f0ab93ea0e3fa85b6a,query,search_query_substring,,,LYD manual IHDS
fe1ad427b38aa3eb01a6623f844d46e5,cosmology_116181202.pdf,,Rave Cosmology,https://annas-archive.org/md5/fe1ad427b38aa3eb01a6623f844d46e5,query,search_query_substring,,,Rave Cosmology
fe1eff8aaae4007fe43c6fddf215ce64,extracted__9819939887.zip,"recent innovative mhealth technologies enables research institutions, stakeholders, and academia to design new solutions to promote well-being, health, and care, thereby improving the quality of life of people of all ages. the book analyzes and discusses the most innovative services, products, and systems in the healthcare field. this strategy is in line with the concept of ambient assisted living or enhanced living environment, which focuses on the comfort and health of specific categories of users.",Human Design Health Haspel,https://annas-archive.org/md5/fe1eff8aaae4007fe43c6fddf215ce64,query,search_query_substring,,,Human Design Health Haspel
fe2692fb8ebdc7615beaa437d454cc50,System Design Interview – An Insider's Guide,an Insider's Guide,Peter Schoeber Das Human Design System – Die Zentren,https://annas-archive.org/md5/fe2692fb8ebdc7615beaa437d454cc50,work,work_overlap:1.00,auth_peter_schoeber,Das Human Design System – Die Zentren,
fe44011121ff1111a4d4658b30df9381,The keys to American history : understanding our most important historic documents,"interesting and relevant historical quotes from books, newspapers, and speeches of their eras, providing a rich and varied framework to understand each document's significance.&&l/p&&r&&lp style='margin: 0in 0in 0pt'&&r &&l/p&&r&&lp style='margin: 0in 0in 0pt'&&rthe more than 60 entries include:&&l/p&&rmayflower compact declaration of independence washington's farewell address missouri compromise seneca falls declaration of sentiments emancipation proclamation homestead act wilson's fourteen points &&li&&rbrown v. board of education &&l/i&&r voting rights act resignation speech of richard nixon ...and more&&lp style='margin: 0in 0in 0pt'&&rby reading the essential documents of american government, and the viewpoints of the leaders and citizens who wrote them, you will gain a profound understanding of the united states and the men and women who built it. &&l/p&&r&&l/div&&rread more…english [en] · pdf · 50.4mb · 2009 · 📘 book (non-fiction) · 🚀/lgli/lgrs/nexusstc/zlib    ·save·4·2base score: 11065.0, final score: 19.808676",Gene Keys Richard Rudd,https://annas-archive.org/md5/fe44011121ff1111a4d4658b30df9381,work,work_overlap:0.67,auth_richard_rudd,Human Design: The Revelation,
fe56a3313bcc6ab591c2cdfb192a6cb8,Graphic Designer's Guide to Clients: How to Make Clients Happy and Do Great Work,,Understanding Clients Human Design,https://annas-archive.org/md5/fe56a3313bcc6ab591c2cdfb192a6cb8,query,search_query_substring,,,Understanding Clients Human Design
fe679073819493f70825eb278ee5c936,scihub/10.1109/piere51041.2020.9314635.pdf,,Chaitanyo Ephemeris,https://annas-archive.org/md5/fe679073819493f70825eb278ee5c936,query,search_query_substring,,,Chaitanyo Ephemeris
fe71a27516ac554519f1a032062ddbad,"Cross-Cultural Design: 15th International Conference, CCD 2023, Held as Part of the 25th International Conference, HCII 2023, Copenhagen, Denmark, July 23–28, 2023, Proceedings, Part II",,Science of Differentiation Human Design,https://annas-archive.org/md5/fe71a27516ac554519f1a032062ddbad,query,search_query_substring,,,Science of Differentiation Human Design
fe799c279b2cc636dfabc384215c309e,Rave Cosmology VIII Mystic Monologues,,Ra Uru Hu Rave BodyGraph Circuitry|Ra Uru Hu Rave I'Ching Line Companion|Ra Uru Hu The Complete Rave I'Ching|Ra Uru Hu The Rave I'Ching,https://annas-archive.org/md5/fe799c279b2cc636dfabc384215c309e,work,work_overlap:1.00,auth_ra_uru_hu,The Rave I'Ching,
fea3f6071c870b698d6f6db1c965bb37,"HOW TO ANALYZE PEOPLE: Learn Psychology System To Read People , Analyze Body Language & Personality Types, The Power of Body Language, Human Behavior and Mind Control Techniques",HOW TO ANALYZE PEOPLE: Learn Psychology System To Read People,Steve Rhodes Human Design: How to Read a Graph,https://annas-archive.org/md5/fea3f6071c870b698d6f6db1c965bb37,work,work_overlap:1.00,auth_steve_rhodes,Human Design: How to Read a Graph,
fea6eff7ce8efce9216636ee92387f89,"The courage to be disliked : the Japanese phenomenon that shows you how to free yourself, change your life and achieve real happiness",The Courage to Be Disliked,Jenna Zoë Human Design: The Revolutionary System That Shows You Who You Came Here to Be,https://annas-archive.org/md5/fea6eff7ce8efce9216636ee92387f89,work,work_overlap:1.00,auth_jenna_zoe,Human Design: The Revolutionary System That Shows You Who You Came Here to Be,
fecbbc665e465246857182f522209451,Relativity and cosmology for undergraduates,gravitating bodies......page 55,Rave Cosmology,https://annas-archive.org/md5/fecbbc665e465246857182f522209451,query,search_query_substring,,,Rave Cosmology
fed72340be729d401a1365bd5c5029f5,How To Read A Person Like A Book,How To Read a person.pdf,Steve Rhodes Human Design: How to Read a Graph,https://annas-archive.org/md5/fed72340be729d401a1365bd5c5029f5,work,work_overlap:1.00,auth_steve_rhodes,Human Design: How to Read a Graph,
fed7c3250fbb59988b612c033cebc649,Champions of Design 2. More Observations on Creativity for Competitive Advantage,,Erin Claire Jones Human Design,https://annas-archive.org/md5/fed7c3250fbb59988b612c033cebc649,query,search_query_substring,,,Erin Claire Jones Human Design
fedf2598015ddd9a742713667954e2ca,French Beaded Flowers,The Complete Guide/fedf2598015ddd9a742713667954e2ca.pdf,Jenna Zoe Human Design,https://annas-archive.org/md5/fedf2598015ddd9a742713667954e2ca,query,search_query_substring,,,Jenna Zoe Human Design
feed7f1441ce903027eaf0f2a5447549,Secretos del éxito para pastores,,Bhan Tugh Rhodes,https://annas-archive.org/md5/feed7f1441ce903027eaf0f2a5447549,work,work_overlap:0.75,auth_steve_rhodes,Bhan Tugh,
ff3bc82f592c4c5c4e7782d7597d7e86,So You Want to Live the Slow Life? A Guide to Life in the Beastly Wilds Volume 2,So You Want to Live the Slow Life? A Guide to Life in the Beastly Wilds Volume 2,Chetan Parkyn The Book of Destinies: Discover the Life You Were Born to Live,https://annas-archive.org/md5/ff3bc82f592c4c5c4e7782d7597d7e86,work,work_overlap:1.00,auth_chetan_parkyn,The Book of Destinies: Discover the Life You Were Born to Live,
ff5e2d20d388e2bd0bd98223d4f12ea7,"Aufgabensammlung Mathematik. Band 1: Analysis einer Variablen, Lineare Algebra: Für Studierende in mathematisch-naturwissenschaftlichen und technischen Studiengängen",,Daitche Variablen,https://annas-archive.org/md5/ff5e2d20d388e2bd0bd98223d4f12ea7,query,search_query_substring,,,Daitche Variablen
ff6293da332740d73464b7b3c5d2e1b2,30 Minuten fur perfekten Small Talk. 3. Auflage,,Eleanor Haspel-Portner,https://annas-archive.org/md5/ff6293da332740d73464b7b3c5d2e1b2,query,search_query_substring,,,Eleanor Haspel-Portner
ff946368330cf82d65d6972173925ef6,newsarch_ebooks_2025_10,,Jenna Zoë Human Design: The Revolutionary System That Shows You Who You Came Here to Be,https://annas-archive.org/md5/ff946368330cf82d65d6972173925ef6,work,work_overlap:1.00,auth_jenna_zoe,Human Design: The Revolutionary System That Shows You Who You Came Here to Be,
ffbc17bee2010a530438a4a87271bbd0,More Than Carbonara: Delicious Recipes for True Pasta-Lovers,,Jenna Zoë,https://annas-archive.org/md5/ffbc17bee2010a530438a4a87271bbd0,author,surname:Jenna,auth_jenna_zoe,,
